Campaign,Campaign Daily Budget,Campaign Type,Bid Strategy Type,Networks,EU political ads,Desktop Bid adj.,Mobile Bid adj.,Tablet Bid adj.,Start Date,End Date,Campaign Status,Campaign Labels,Ad Group,Max CPC,Ad Group Status,Ad Group Labels,Keyword,Criterion Type,Keyword Status,Max CPC Bid,Keyword Labels,Bid Modifier,Keyword (Negative),Criterion Type (Negative),Negative Keyword Status,Audience ID,Audience Name,Audience Type,Audience Status,Location,Location Type,Location Status,Bid Adjustment (%),City,State/Region,Postal Code,Country Code,Latitude,Longitude,Radius,Radius Units,Ad Type,Final URL,Final URL Suffix,Mobile Final URL,Tracking Template,Custom Parameter,Headline 1,Headline 2,Headline 3,Headline 4,Headline 5,Headline 6,Headline 7,Headline 8,Headline 9,Headline 10,Headline 11,Headline 12,Headline 13,Headline 14,Headline 15,Description 1,Description 2,Description 3,Description 4,Path 1,Path 2,Dynamic Search Ad Description 1,Dynamic Search Ad Description 2,Dynamic Search Ad Domain Language,PhoneNumber,VerificationURL,Call Extension Status,Call Extension Scheduling,Call Only Ads,Sitelink 1 Text,Sitelink 1 Description 1,Sitelink 1 Description 2,Sitelink 1 Final URL,Sitelink 1 Status,Sitelink 1 Start Date,Sitelink 1 End Date,Sitelink 2 Text,Sitelink 2 Description 1,Sitelink 2 Description 2,Sitelink 2 Final URL,Sitelink 2 Status,Sitelink 2 Start Date,Sitelink 2 End Date,Sitelink 3 Text,Sitelink 3 Description 1,Sitelink 3 Description 2,Sitelink 3 Final URL,Sitelink 3 Status,Sitelink 3 Start Date,Sitelink 3 End Date,Sitelink 4 Text,Sitelink 4 Description 1,Sitelink 4 Description 2,Sitelink 4 Final URL,Sitelink 4 Status,Sitelink 4 Start Date,Sitelink 4 End Date,Callout 1 Text,Callout 1 Status,Callout 1 Start Date,Callout 1 End Date,Callout 2 Text,Callout 2 Status,Callout 2 Start Date,Callout 2 End Date,Callout 3 Text,Callout 3 Status,Callout 3 Start Date,Callout 3 End Date,Callout 4 Text,Callout 4 Status,Callout 4 Start Date,Callout 4 End Date,Structured Snippet Header,Structured Snippet Values,Structured Snippet 1 Header,Structured Snippet 1 Values,Structured Snippet 2 Header,Structured Snippet 2 Values,Price Extension Type,Price Extension Price Qualifier,Price Extension Item Header,Price Extension Item Price,Price Extension Item Final URL,Price Extension 1 Type,Price Extension 1 Price Qualifier,Price Extension 1 Item 1 Header,Price Extension 1 Item 1 Price,Price Extension 1 Item 1 Final URL,Price Extension 1 Item 2 Header,Price Extension 1 Item 2 Price,Price Extension 1 Item 2 Final URL,Price Extension 1 Item 3 Header,Price Extension 1 Item 3 Price,Price Extension 1 Item 3 Final URL,Price Extension 1 Item 4 Header,Price Extension 1 Item 4 Price,Price Extension 1 Item 4 Final URL,Promotion Target,Promotion Discount Modifier,Promotion Percent Off,Promotion Money Amount Off,Promotion Final URL,Promotion Status,Promotion Start Date,Promotion End Date,App ID,App Store,App Link Text,App Final URL,App Status,Message Text,Message Final URL,Message Business Name,Message Country Code,Message Phone Number,Message Status,Lead Form ID,Lead Form Name,Lead Form Headline,Lead Form Description,Lead Form Call-to-action,Lead Form Status,Image Asset Name,Image Asset URL,Image Asset Status,Video Asset ID,Video Asset Name,Video Asset URL,Video Asset Status,Business Profile Location,Business Name,Business Address,Business Phone,Business Website,Link Text,Description Line 1,Description Line 2,Callout Text,Snippet Header,Snippet Values
"Campaign-Search-Feb 8, 2026 06:59 PM",100,Search,Maximize Conversions,Google search,No,0%,0%,0%,,,Enabled,,,,,,,,,,,,,,,,,,,,,,,,,,,,,,,,,,,,,,,,,,,,,,,,,,,,,,,,,,,,,(555) 123-4567,,Enabled,,,,,,,,,,,,,,,,,,,,,,,,,,,,,,,,,,,,,,,,,,,,,,,,,,,,,,,,,,,,,,,,,,,,,,,,"Campaign-Search-Feb 8, 2026 06:59 PM",,,,adiology.io,Enabled,,,,,,,,Message,adiology.io,"Campaign-Search-Feb 8, 2026 06:59 PM",US,,Enabled,,Leadform,Get in Touch,Fill out this form,Submit,Enabled,,,,,,,,,"Campaign-Search-Feb 8, 2026 06:59 PM",,,adiology.io,,,,,,
"Campaign-Search-Feb 8, 2026 06:59 PM",,,,,,,,,,,Enabled,,Ad Group 1,2,Enabled,,,,,,,,,,,,,,,,,,,,,,,,,,,,,,,,,,,,,,,,,,,,,,,,,,,,,,,,,,,,,,,,,,,,,,,,,,,,,,,,,,,,,,,,,,,,,,,,,,,,,,,,,,,,,,,,,,,,,,,,,,,,,,,,,,,,,,,,,,,,,,,,,,,,,,,,,,,,,,,,,,,,,,,,,,,,,
"Campaign-Search-Feb 8, 2026 06:59 PM",,,,,,,,,,,Enabled,,Ad Group 2,2,Enabled,,,,,,,,,,,,,,,,,,,,,,,,,,,,,,,,,,,,,,,,,,,,,,,,,,,,,,,,,,,,,,,,,,,,,,,,,,,,,,,,,,,,,,,,,,,,,,,,,,,,,,,,,,,,,,,,,,,,,,,,,,,,,,,,,,,,,,,,,,,,,,,,,,,,,,,,,,,,,,,,,,,,,,,,,,,,,
"Campaign-Search-Feb 8, 2026 06:59 PM",,,,,,,,,,,Enabled,,Ad Group 3,2,Enabled,,,,,,,,,,,,,,,,,,,,,,,,,,,,,,,,,,,,,,,,,,,,,,,,,,,,,,,,,,,,,,,,,,,,,,,,,,,,,,,,,,,,,,,,,,,,,,,,,,,,,,,,,,,,,,,,,,,,,,,,,,,,,,,,,,,,,,,,,,,,,,,,,,,,,,,,,,,,,,,,,,,,,,,,,,,,,
"Campaign-Search-Feb 8, 2026 06:59 PM",,,,,,,,,,,Enabled,,Ad Group 4,2,Enabled,,,,,,,,,,,,,,,,,,,,,,,,,,,,,,,,,,,,,,,,,,,,,,,,,,,,,,,,,,,,,,,,,,,,,,,,,,,,,,,,,,,,,,,,,,,,,,,,,,,,,,,,,,,,,,,,,,,,,,,,,,,,,,,,,,,,,,,,,,,,,,,,,,,,,,,,,,,,,,,,,,,,,,,,,,,,,
"Campaign-Search-Feb 8, 2026 06:59 PM",,,,,,,,,,,Enabled,,Ad Group 5,2,Enabled,,,,,,,,,,,,,,,,,,,,,,,,,,,,,,,,,,,,,,,,,,,,,,,,,,,,,,,,,,,,,,,,,,,,,,,,,,,,,,,,,,,,,,,,,,,,,,,,,,,,,,,,,,,,,,,,,,,,,,,,,,,,,,,,,,,,,,,,,,,,,,,,,,,,,,,,,,,,,,,,,,,,,,,,,,,,,
"Campaign-Search-Feb 8, 2026 06:59 PM",,,,,,,,,,,Enabled,,Ad Group 6,2,Enabled,,,,,,,,,,,,,,,,,,,,,,,,,,,,,,,,,,,,,,,,,,,,,,,,,,,,,,,,,,,,,,,,,,,,,,,,,,,,,,,,,,,,,,,,,,,,,,,,,,,,,,,,,,,,,,,,,,,,,,,,,,,,,,,,,,,,,,,,,,,,,,,,,,,,,,,,,,,,,,,,,,,,,,,,,,,,,
"Campaign-Search-Feb 8, 2026 06:59 PM",,,,,,,,,,,Enabled,,Ad Group 7,2,Enabled,,,,,,,,,,,,,,,,,,,,,,,,,,,,,,,,,,,,,,,,,,,,,,,,,,,,,,,,,,,,,,,,,,,,,,,,,,,,,,,,,,,,,,,,,,,,,,,,,,,,,,,,,,,,,,,,,,,,,,,,,,,,,,,,,,,,,,,,,,,,,,,,,,,,,,,,,,,,,,,,,,,,,,,,,,,,,
"Campaign-Search-Feb 8, 2026 06:59 PM",,,,,,,,,,,Enabled,,Ad Group 8,2,Enabled,,,,,,,,,,,,,,,,,,,,,,,,,,,,,,,,,,,,,,,,,,,,,,,,,,,,,,,,,,,,,,,,,,,,,,,,,,,,,,,,,,,,,,,,,,,,,,,,,,,,,,,,,,,,,,,,,,,,,,,,,,,,,,,,,,,,,,,,,,,,,,,,,,,,,,,,,,,,,,,,,,,,,,,,,,,,,
"Campaign-Search-Feb 8, 2026 06:59 PM",,,,,,,,,,,Enabled,,Ad Group 1,2,Enabled,,rapid adiology contact,exact,Enabled,,,,,,,,,,,,,,,,,,,,,,,,adiology.io,,,,,,,,,,,,,,,,,,,,,,,,,,,,,,,,,,,,,,,,,,,,,,,,,,,,,,,,,,,,,,,,,,,,,,,,,,,,,,,,,,,,,,,,,,,,,,,,,,,,,,,,,,,,,,,,,,,,,,,,,,,,,,,,,,,,,,,,,,,,,,,,,
"Campaign-Search-Feb 8, 2026 06:59 PM",,,,,,,,,,,Enabled,,Ad Group 1,2,Enabled,,immediate adiology phone number,phrase,Enabled,,,,,,,,,,,,,,,,,,,,,,,,adiology.io,,,,,,,,,,,,,,,,,,,,,,,,,,,,,,,,,,,,,,,,,,,,,,,,,,,,,,,,,,,,,,,,,,,,,,,,,,,,,,,,,,,,,,,,,,,,,,,,,,,,,,,,,,,,,,,,,,,,,,,,,,,,,,,,,,,,,,,,,,,,,,,,,
"Campaign-Search-Feb 8, 2026 06:59 PM",,,,,,,,,,,Enabled,,Ad Group 1,2,Enabled,,bonded adiology - google campaign builder,exact,Enabled,,,,,,,,,,,,,,,,,,,,,,,,adiology.io,,,,,,,,,,,,,,,,,,,,,,,,,,,,,,,,,,,,,,,,,,,,,,,,,,,,,,,,,,,,,,,,,,,,,,,,,,,,,,,,,,,,,,,,,,,,,,,,,,,,,,,,,,,,,,,,,,,,,,,,,,,,,,,,,,,,,,,,,,,,,,,,,
"Campaign-Search-Feb 8, 2026 06:59 PM",,,,,,,,,,,Enabled,,Ad Group 1,2,Enabled,,adiology - google campaign builder services,broad,Enabled,,,,,,,,,,,,,,,,,,,,,,,,adiology.io,,,,,,,,,,,,,,,,,,,,,,,,,,,,,,,,,,,,,,,,,,,,,,,,,,,,,,,,,,,,,,,,,,,,,,,,,,,,,,,,,,,,,,,,,,,,,,,,,,,,,,,,,,,,,,,,,,,,,,,,,,,,,,,,,,,,,,,,,,,,,,,,,
"Campaign-Search-Feb 8, 2026 06:59 PM",,,,,,,,,,,Enabled,,Ad Group 1,2,Enabled,,adiology phone number economical,broad,Enabled,,,,,,,,,,,,,,,,,,,,,,,,adiology.io,,,,,,,,,,,,,,,,,,,,,,,,,,,,,,,,,,,,,,,,,,,,,,,,,,,,,,,,,,,,,,,,,,,,,,,,,,,,,,,,,,,,,,,,,,,,,,,,,,,,,,,,,,,,,,,,,,,,,,,,,,,,,,,,,,,,,,,,,,,,,,,,,
"Campaign-Search-Feb 8, 2026 06:59 PM",,,,,,,,,,,Enabled,,Ad Group 1,2,Enabled,,adiology phone number city area,broad,Enabled,,,,,,,,,,,,,,,,,,,,,,,,adiology.io,,,,,,,,,,,,,,,,,,,,,,,,,,,,,,,,,,,,,,,,,,,,,,,,,,,,,,,,,,,,,,,,,,,,,,,,,,,,,,,,,,,,,,,,,,,,,,,,,,,,,,,,,,,,,,,,,,,,,,,,,,,,,,,,,,,,,,,,,,,,,,,,,
"Campaign-Search-Feb 8, 2026 06:59 PM",,,,,,,,,,,Enabled,,Ad Group 1,2,Enabled,,adiology - google campaign builder express,broad,Enabled,,,,,,,,,,,,,,,,,,,,,,,,adiology.io,,,,,,,,,,,,,,,,,,,,,,,,,,,,,,,,,,,,,,,,,,,,,,,,,,,,,,,,,,,,,,,,,,,,,,,,,,,,,,,,,,,,,,,,,,,,,,,,,,,,,,,,,,,,,,,,,,,,,,,,,,,,,,,,,,,,,,,,,,,,,,,,,
"Campaign-Search-Feb 8, 2026 06:59 PM",,,,,,,,,,,Enabled,,Ad Group 1,2,Enabled,,urgent adiology phone number,broad,Enabled,,,,,,,,,,,,,,,,,,,,,,,,adiology.io,,,,,,,,,,,,,,,,,,,,,,,,,,,,,,,,,,,,,,,,,,,,,,,,,,,,,,,,,,,,,,,,,,,,,,,,,,,,,,,,,,,,,,,,,,,,,,,,,,,,,,,,,,,,,,,,,,,,,,,,,,,,,,,,,,,,,,,,,,,,,,,,,
"Campaign-Search-Feb 8, 2026 06:59 PM",,,,,,,,,,,Enabled,,Ad Group 1,2,Enabled,,exclusive adiology - google campaign builder,exact,Enabled,,,,,,,,,,,,,,,,,,,,,,,,adiology.io,,,,,,,,,,,,,,,,,,,,,,,,,,,,,,,,,,,,,,,,,,,,,,,,,,,,,,,,,,,,,,,,,,,,,,,,,,,,,,,,,,,,,,,,,,,,,,,,,,,,,,,,,,,,,,,,,,,,,,,,,,,,,,,,,,,,,,,,,,,,,,,,,
"Campaign-Search-Feb 8, 2026 06:59 PM",,,,,,,,,,,Enabled,,Ad Group 1,2,Enabled,,adiology - google campaign builder closest,exact,Enabled,,,,,,,,,,,,,,,,,,,,,,,,adiology.io,,,,,,,,,,,,,,,,,,,,,,,,,,,,,,,,,,,,,,,,,,,,,,,,,,,,,,,,,,,,,,,,,,,,,,,,,,,,,,,,,,,,,,,,,,,,,,,,,,,,,,,,,,,,,,,,,,,,,,,,,,,,,,,,,,,,,,,,,,,,,,,,,
"Campaign-Search-Feb 8, 2026 06:59 PM",,,,,,,,,,,Enabled,,Ad Group 1,2,Enabled,,adiology phone number nearest,exact,Enabled,,,,,,,,,,,,,,,,,,,,,,,,adiology.io,,,,,,,,,,,,,,,,,,,,,,,,,,,,,,,,,,,,,,,,,,,,,,,,,,,,,,,,,,,,,,,,,,,,,,,,,,,,,,,,,,,,,,,,,,,,,,,,,,,,,,,,,,,,,,,,,,,,,,,,,,,,,,,,,,,,,,,,,,,,,,,,,
"Campaign-Search-Feb 8, 2026 06:59 PM",,,,,,,,,,,Enabled,,Ad Group 1,2,Enabled,,premium adiology - google campaign builder,exact,Enabled,,,,,,,,,,,,,,,,,,,,,,,,adiology.io,,,,,,,,,,,,,,,,,,,,,,,,,,,,,,,,,,,,,,,,,,,,,,,,,,,,,,,,,,,,,,,,,,,,,,,,,,,,,,,,,,,,,,,,,,,,,,,,,,,,,,,,,,,,,,,,,,,,,,,,,,,,,,,,,,,,,,,,,,,,,,,,,
"Campaign-Search-Feb 8, 2026 06:59 PM",,,,,,,,,,,Enabled,,Ad Group 1,2,Enabled,,adiology phone number around me,phrase,Enabled,,,,,,,,,,,,,,,,,,,,,,,,adiology.io,,,,,,,,,,,,,,,,,,,,,,,,,,,,,,,,,,,,,,,,,,,,,,,,,,,,,,,,,,,,,,,,,,,,,,,,,,,,,,,,,,,,,,,,,,,,,,,,,,,,,,,,,,,,,,,,,,,,,,,,,,,,,,,,,,,,,,,,,,,,,,,,,
"Campaign-Search-Feb 8, 2026 06:59 PM",,,,,,,,,,,Enabled,,Ad Group 1,2,Enabled,,adiology - google campaign builder emergency,exact,Enabled,,,,,,,,,,,,,,,,,,,,,,,,adiology.io,,,,,,,,,,,,,,,,,,,,,,,,,,,,,,,,,,,,,,,,,,,,,,,,,,,,,,,,,,,,,,,,,,,,,,,,,,,,,,,,,,,,,,,,,,,,,,,,,,,,,,,,,,,,,,,,,,,,,,,,,,,,,,,,,,,,,,,,,,,,,,,,,
"Campaign-Search-Feb 8, 2026 06:59 PM",,,,,,,,,,,Enabled,,Ad Group 1,2,Enabled,,adiology phone number near me,phrase,Enabled,,,,,,,,,,,,,,,,,,,,,,,,adiology.io,,,,,,,,,,,,,,,,,,,,,,,,,,,,,,,,,,,,,,,,,,,,,,,,,,,,,,,,,,,,,,,,,,,,,,,,,,,,,,,,,,,,,,,,,,,,,,,,,,,,,,,,,,,,,,,,,,,,,,,,,,,,,,,,,,,,,,,,,,,,,,,,,
"Campaign-Search-Feb 8, 2026 06:59 PM",,,,,,,,,,,Enabled,,Ad Group 1,2,Enabled,,adiology phone number near me,exact,Enabled,,,,,,,,,,,,,,,,,,,,,,,,adiology.io,,,,,,,,,,,,,,,,,,,,,,,,,,,,,,,,,,,,,,,,,,,,,,,,,,,,,,,,,,,,,,,,,,,,,,,,,,,,,,,,,,,,,,,,,,,,,,,,,,,,,,,,,,,,,,,,,,,,,,,,,,,,,,,,,,,,,,,,,,,,,,,,,
"Campaign-Search-Feb 8, 2026 06:59 PM",,,,,,,,,,,Enabled,,Ad Group 1,2,Enabled,,adiology - google campaign builder quick,exact,Enabled,,,,,,,,,,,,,,,,,,,,,,,,adiology.io,,,,,,,,,,,,,,,,,,,,,,,,,,,,,,,,,,,,,,,,,,,,,,,,,,,,,,,,,,,,,,,,,,,,,,,,,,,,,,,,,,,,,,,,,,,,,,,,,,,,,,,,,,,,,,,,,,,,,,,,,,,,,,,,,,,,,,,,,,,,,,,,,
"Campaign-Search-Feb 8, 2026 06:59 PM",,,,,,,,,,,Enabled,,Ad Group 1,2,Enabled,,independent adiology phone number,broad,Enabled,,,,,,,,,,,,,,,,,,,,,,,,adiology.io,,,,,,,,,,,,,,,,,,,,,,,,,,,,,,,,,,,,,,,,,,,,,,,,,,,,,,,,,,,,,,,,,,,,,,,,,,,,,,,,,,,,,,,,,,,,,,,,,,,,,,,,,,,,,,,,,,,,,,,,,,,,,,,,,,,,,,,,,,,,,,,,,
"Campaign-Search-Feb 8, 2026 06:59 PM",,,,,,,,,,,Enabled,,Ad Group 1,2,Enabled,,24 hour adiology phone number,phrase,Enabled,,,,,,,,,,,,,,,,,,,,,,,,adiology.io,,,,,,,,,,,,,,,,,,,,,,,,,,,,,,,,,,,,,,,,,,,,,,,,,,,,,,,,,,,,,,,,,,,,,,,,,,,,,,,,,,,,,,,,,,,,,,,,,,,,,,,,,,,,,,,,,,,,,,,,,,,,,,,,,,,,,,,,,,,,,,,,,
"Campaign-Search-Feb 8, 2026 06:59 PM",,,,,,,,,,,Enabled,,Ad Group 1,2,Enabled,,economical adiology - google campaign builder,phrase,Enabled,,,,,,,,,,,,,,,,,,,,,,,,adiology.io,,,,,,,,,,,,,,,,,,,,,,,,,,,,,,,,,,,,,,,,,,,,,,,,,,,,,,,,,,,,,,,,,,,,,,,,,,,,,,,,,,,,,,,,,,,,,,,,,,,,,,,,,,,,,,,,,,,,,,,,,,,,,,,,,,,,,,,,,,,,,,,,,
"Campaign-Search-Feb 8, 2026 06:59 PM",,,,,,,,,,,Enabled,,Ad Group 1,2,Enabled,,adiology - google campaign builder affordable,phrase,Enabled,,,,,,,,,,,,,,,,,,,,,,,,adiology.io,,,,,,,,,,,,,,,,,,,,,,,,,,,,,,,,,,,,,,,,,,,,,,,,,,,,,,,,,,,,,,,,,,,,,,,,,,,,,,,,,,,,,,,,,,,,,,,,,,,,,,,,,,,,,,,,,,,,,,,,,,,,,,,,,,,,,,,,,,,,,,,,,
"Campaign-Search-Feb 8, 2026 06:59 PM",,,,,,,,,,,Enabled,,Ad Group 1,2,Enabled,,exclusive adiology - google campaign builder,phrase,Enabled,,,,,,,,,,,,,,,,,,,,,,,,adiology.io,,,,,,,,,,,,,,,,,,,,,,,,,,,,,,,,,,,,,,,,,,,,,,,,,,,,,,,,,,,,,,,,,,,,,,,,,,,,,,,,,,,,,,,,,,,,,,,,,,,,,,,,,,,,,,,,,,,,,,,,,,,,,,,,,,,,,,,,,,,,,,,,,
"Campaign-Search-Feb 8, 2026 06:59 PM",,,,,,,,,,,Enabled,,Ad Group 1,2,Enabled,,now adiology - google campaign builder,phrase,Enabled,,,,,,,,,,,,,,,,,,,,,,,,adiology.io,,,,,,,,,,,,,,,,,,,,,,,,,,,,,,,,,,,,,,,,,,,,,,,,,,,,,,,,,,,,,,,,,,,,,,,,,,,,,,,,,,,,,,,,,,,,,,,,,,,,,,,,,,,,,,,,,,,,,,,,,,,,,,,,,,,,,,,,,,,,,,,,,
"Campaign-Search-Feb 8, 2026 06:59 PM",,,,,,,,,,,Enabled,,Ad Group 1,2,Enabled,,adiology - google campaign builder independent,broad,Enabled,,,,,,,,,,,,,,,,,,,,,,,,adiology.io,,,,,,,,,,,,,,,,,,,,,,,,,,,,,,,,,,,,,,,,,,,,,,,,,,,,,,,,,,,,,,,,,,,,,,,,,,,,,,,,,,,,,,,,,,,,,,,,,,,,,,,,,,,,,,,,,,,,,,,,,,,,,,,,,,,,,,,,,,,,,,,,,
"Campaign-Search-Feb 8, 2026 06:59 PM",,,,,,,,,,,Enabled,,Ad Group 1,2,Enabled,,adiology phone number nearby,exact,Enabled,,,,,,,,,,,,,,,,,,,,,,,,adiology.io,,,,,,,,,,,,,,,,,,,,,,,,,,,,,,,,,,,,,,,,,,,,,,,,,,,,,,,,,,,,,,,,,,,,,,,,,,,,,,,,,,,,,,,,,,,,,,,,,,,,,,,,,,,,,,,,,,,,,,,,,,,,,,,,,,,,,,,,,,,,,,,,,
"Campaign-Search-Feb 8, 2026 06:59 PM",,,,,,,,,,,Enabled,,Ad Group 1,2,Enabled,,this week adiology phone number,broad,Enabled,,,,,,,,,,,,,,,,,,,,,,,,adiology.io,,,,,,,,,,,,,,,,,,,,,,,,,,,,,,,,,,,,,,,,,,,,,,,,,,,,,,,,,,,,,,,,,,,,,,,,,,,,,,,,,,,,,,,,,,,,,,,,,,,,,,,,,,,,,,,,,,,,,,,,,,,,,,,,,,,,,,,,,,,,,,,,,
"Campaign-Search-Feb 8, 2026 06:59 PM",,,,,,,,,,,Enabled,,Ad Group 1,2,Enabled,,affordable adiology - google campaign builder,phrase,Enabled,,,,,,,,,,,,,,,,,,,,,,,,adiology.io,,,,,,,,,,,,,,,,,,,,,,,,,,,,,,,,,,,,,,,,,,,,,,,,,,,,,,,,,,,,,,,,,,,,,,,,,,,,,,,,,,,,,,,,,,,,,,,,,,,,,,,,,,,,,,,,,,,,,,,,,,,,,,,,,,,,,,,,,,,,,,,,,
"Campaign-Search-Feb 8, 2026 06:59 PM",,,,,,,,,,,Enabled,,Ad Group 1,2,Enabled,,professional adiology - google campaign builder,phrase,Enabled,,,,,,,,,,,,,,,,,,,,,,,,adiology.io,,,,,,,,,,,,,,,,,,,,,,,,,,,,,,,,,,,,,,,,,,,,,,,,,,,,,,,,,,,,,,,,,,,,,,,,,,,,,,,,,,,,,,,,,,,,,,,,,,,,,,,,,,,,,,,,,,,,,,,,,,,,,,,,,,,,,,,,,,,,,,,,,
"Campaign-Search-Feb 8, 2026 06:59 PM",,,,,,,,,,,Enabled,,Ad Group 1,2,Enabled,,premier adiology phone number,phrase,Enabled,,,,,,,,,,,,,,,,,,,,,,,,adiology.io,,,,,,,,,,,,,,,,,,,,,,,,,,,,,,,,,,,,,,,,,,,,,,,,,,,,,,,,,,,,,,,,,,,,,,,,,,,,,,,,,,,,,,,,,,,,,,,,,,,,,,,,,,,,,,,,,,,,,,,,,,,,,,,,,,,,,,,,,,,,,,,,,
"Campaign-Search-Feb 8, 2026 06:59 PM",,,,,,,,,,,Enabled,,Ad Group 1,2,Enabled,,adiology - google campaign builder close,exact,Enabled,,,,,,,,,,,,,,,,,,,,,,,,adiology.io,,,,,,,,,,,,,,,,,,,,,,,,,,,,,,,,,,,,,,,,,,,,,,,,,,,,,,,,,,,,,,,,,,,,,,,,,,,,,,,,,,,,,,,,,,,,,,,,,,,,,,,,,,,,,,,,,,,,,,,,,,,,,,,,,,,,,,,,,,,,,,,,,
"Campaign-Search-Feb 8, 2026 06:59 PM",,,,,,,,,,,Enabled,,Ad Group 1,2,Enabled,,instant adiology phone number,broad,Enabled,,,,,,,,,,,,,,,,,,,,,,,,adiology.io,,,,,,,,,,,,,,,,,,,,,,,,,,,,,,,,,,,,,,,,,,,,,,,,,,,,,,,,,,,,,,,,,,,,,,,,,,,,,,,,,,,,,,,,,,,,,,,,,,,,,,,,,,,,,,,,,,,,,,,,,,,,,,,,,,,,,,,,,,,,,,,,,
"Campaign-Search-Feb 8, 2026 06:59 PM",,,,,,,,,,,Enabled,,Ad Group 1,2,Enabled,,adiology phone number budget,broad,Enabled,,,,,,,,,,,,,,,,,,,,,,,,adiology.io,,,,,,,,,,,,,,,,,,,,,,,,,,,,,,,,,,,,,,,,,,,,,,,,,,,,,,,,,,,,,,,,,,,,,,,,,,,,,,,,,,,,,,,,,,,,,,,,,,,,,,,,,,,,,,,,,,,,,,,,,,,,,,,,,,,,,,,,,,,,,,,,,
"Campaign-Search-Feb 8, 2026 06:59 PM",,,,,,,,,,,Enabled,,Ad Group 1,2,Enabled,,24 hour adiology phone number,broad,Enabled,,,,,,,,,,,,,,,,,,,,,,,,adiology.io,,,,,,,,,,,,,,,,,,,,,,,,,,,,,,,,,,,,,,,,,,,,,,,,,,,,,,,,,,,,,,,,,,,,,,,,,,,,,,,,,,,,,,,,,,,,,,,,,,,,,,,,,,,,,,,,,,,,,,,,,,,,,,,,,,,,,,,,,,,,,,,,,
"Campaign-Search-Feb 8, 2026 06:59 PM",,,,,,,,,,,Enabled,,Ad Group 1,2,Enabled,,adiology - google campaign builder reputable,broad,Enabled,,,,,,,,,,,,,,,,,,,,,,,,adiology.io,,,,,,,,,,,,,,,,,,,,,,,,,,,,,,,,,,,,,,,,,,,,,,,,,,,,,,,,,,,,,,,,,,,,,,,,,,,,,,,,,,,,,,,,,,,,,,,,,,,,,,,,,,,,,,,,,,,,,,,,,,,,,,,,,,,,,,,,,,,,,,,,,
"Campaign-Search-Feb 8, 2026 06:59 PM",,,,,,,,,,,Enabled,,Ad Group 1,2,Enabled,,veteran owned adiology phone number,exact,Enabled,,,,,,,,,,,,,,,,,,,,,,,,adiology.io,,,,,,,,,,,,,,,,,,,,,,,,,,,,,,,,,,,,,,,,,,,,,,,,,,,,,,,,,,,,,,,,,,,,,,,,,,,,,,,,,,,,,,,,,,,,,,,,,,,,,,,,,,,,,,,,,,,,,,,,,,,,,,,,,,,,,,,,,,,,,,,,,
"Campaign-Search-Feb 8, 2026 06:59 PM",,,,,,,,,,,Enabled,,Ad Group 1,2,Enabled,,trained adiology - google campaign builder,exact,Enabled,,,,,,,,,,,,,,,,,,,,,,,,adiology.io,,,,,,,,,,,,,,,,,,,,,,,,,,,,,,,,,,,,,,,,,,,,,,,,,,,,,,,,,,,,,,,,,,,,,,,,,,,,,,,,,,,,,,,,,,,,,,,,,,,,,,,,,,,,,,,,,,,,,,,,,,,,,,,,,,,,,,,,,,,,,,,,,
"Campaign-Search-Feb 8, 2026 06:59 PM",,,,,,,,,,,Enabled,,Ad Group 1,2,Enabled,,adiology phone number local business,broad,Enabled,,,,,,,,,,,,,,,,,,,,,,,,adiology.io,,,,,,,,,,,,,,,,,,,,,,,,,,,,,,,,,,,,,,,,,,,,,,,,,,,,,,,,,,,,,,,,,,,,,,,,,,,,,,,,,,,,,,,,,,,,,,,,,,,,,,,,,,,,,,,,,,,,,,,,,,,,,,,,,,,,,,,,,,,,,,,,,
"Campaign-Search-Feb 8, 2026 06:59 PM",,,,,,,,,,,Enabled,,Ad Group 1,2,Enabled,,licensed adiology phone number,exact,Enabled,,,,,,,,,,,,,,,,,,,,,,,,adiology.io,,,,,,,,,,,,,,,,,,,,,,,,,,,,,,,,,,,,,,,,,,,,,,,,,,,,,,,,,,,,,,,,,,,,,,,,,,,,,,,,,,,,,,,,,,,,,,,,,,,,,,,,,,,,,,,,,,,,,,,,,,,,,,,,,,,,,,,,,,,,,,,,,
"Campaign-Search-Feb 8, 2026 06:59 PM",,,,,,,,,,,Enabled,,Ad Group 1,2,Enabled,,luxury adiology phone number,phrase,Enabled,,,,,,,,,,,,,,,,,,,,,,,,adiology.io,,,,,,,,,,,,,,,,,,,,,,,,,,,,,,,,,,,,,,,,,,,,,,,,,,,,,,,,,,,,,,,,,,,,,,,,,,,,,,,,,,,,,,,,,,,,,,,,,,,,,,,,,,,,,,,,,,,,,,,,,,,,,,,,,,,,,,,,,,,,,,,,,
"Campaign-Search-Feb 8, 2026 06:59 PM",,,,,,,,,,,Enabled,,Ad Group 1,2,Enabled,,check adiology - google campaign builder,exact,Enabled,,,,,,,,,,,,,,,,,,,,,,,,adiology.io,,,,,,,,,,,,,,,,,,,,,,,,,,,,,,,,,,,,,,,,,,,,,,,,,,,,,,,,,,,,,,,,,,,,,,,,,,,,,,,,,,,,,,,,,,,,,,,,,,,,,,,,,,,,,,,,,,,,,,,,,,,,,,,,,,,,,,,,,,,,,,,,,
"Campaign-Search-Feb 8, 2026 06:59 PM",,,,,,,,,,,Enabled,,Ad Group 1,2,Enabled,,need adiology phone number,exact,Enabled,,,,,,,,,,,,,,,,,,,,,,,,adiology.io,,,,,,,,,,,,,,,,,,,,,,,,,,,,,,,,,,,,,,,,,,,,,,,,,,,,,,,,,,,,,,,,,,,,,,,,,,,,,,,,,,,,,,,,,,,,,,,,,,,,,,,,,,,,,,,,,,,,,,,,,,,,,,,,,,,,,,,,,,,,,,,,,
"Campaign-Search-Feb 8, 2026 06:59 PM",,,,,,,,,,,Enabled,,Ad Group 1,2,Enabled,,contact adiology phone number,broad,Enabled,,,,,,,,,,,,,,,,,,,,,,,,adiology.io,,,,,,,,,,,,,,,,,,,,,,,,,,,,,,,,,,,,,,,,,,,,,,,,,,,,,,,,,,,,,,,,,,,,,,,,,,,,,,,,,,,,,,,,,,,,,,,,,,,,,,,,,,,,,,,,,,,,,,,,,,,,,,,,,,,,,,,,,,,,,,,,,
"Campaign-Search-Feb 8, 2026 06:59 PM",,,,,,,,,,,Enabled,,Ad Group 1,2,Enabled,,recommend adiology - google campaign builder,broad,Enabled,,,,,,,,,,,,,,,,,,,,,,,,adiology.io,,,,,,,,,,,,,,,,,,,,,,,,,,,,,,,,,,,,,,,,,,,,,,,,,,,,,,,,,,,,,,,,,,,,,,,,,,,,,,,,,,,,,,,,,,,,,,,,,,,,,,,,,,,,,,,,,,,,,,,,,,,,,,,,,,,,,,,,,,,,,,,,,
"Campaign-Search-Feb 8, 2026 06:59 PM",,,,,,,,,,,Enabled,,Ad Group 1,2,Enabled,,accredited adiology - google campaign builder,broad,Enabled,,,,,,,,,,,,,,,,,,,,,,,,adiology.io,,,,,,,,,,,,,,,,,,,,,,,,,,,,,,,,,,,,,,,,,,,,,,,,,,,,,,,,,,,,,,,,,,,,,,,,,,,,,,,,,,,,,,,,,,,,,,,,,,,,,,,,,,,,,,,,,,,,,,,,,,,,,,,,,,,,,,,,,,,,,,,,,
"Campaign-Search-Feb 8, 2026 06:59 PM",,,,,,,,,,,Enabled,,Ad Group 1,2,Enabled,,adiology phone number nearest,phrase,Enabled,,,,,,,,,,,,,,,,,,,,,,,,adiology.io,,,,,,,,,,,,,,,,,,,,,,,,,,,,,,,,,,,,,,,,,,,,,,,,,,,,,,,,,,,,,,,,,,,,,,,,,,,,,,,,,,,,,,,,,,,,,,,,,,,,,,,,,,,,,,,,,,,,,,,,,,,,,,,,,,,,,,,,,,,,,,,,,
"Campaign-Search-Feb 8, 2026 06:59 PM",,,,,,,,,,,Enabled,,Ad Group 1,2,Enabled,,luxury adiology phone number,exact,Enabled,,,,,,,,,,,,,,,,,,,,,,,,adiology.io,,,,,,,,,,,,,,,,,,,,,,,,,,,,,,,,,,,,,,,,,,,,,,,,,,,,,,,,,,,,,,,,,,,,,,,,,,,,,,,,,,,,,,,,,,,,,,,,,,,,,,,,,,,,,,,,,,,,,,,,,,,,,,,,,,,,,,,,,,,,,,,,,
"Campaign-Search-Feb 8, 2026 06:59 PM",,,,,,,,,,,Enabled,,Ad Group 1,2,Enabled,,emergency adiology - google campaign builder,exact,Enabled,,,,,,,,,,,,,,,,,,,,,,,,adiology.io,,,,,,,,,,,,,,,,,,,,,,,,,,,,,,,,,,,,,,,,,,,,,,,,,,,,,,,,,,,,,,,,,,,,,,,,,,,,,,,,,,,,,,,,,,,,,,,,,,,,,,,,,,,,,,,,,,,,,,,,,,,,,,,,,,,,,,,,,,,,,,,,,
"Campaign-Search-Feb 8, 2026 06:59 PM",,,,,,,,,,,Enabled,,Ad Group 1,2,Enabled,,why choose adiology phone number,broad,Enabled,,,,,,,,,,,,,,,,,,,,,,,,adiology.io,,,,,,,,,,,,,,,,,,,,,,,,,,,,,,,,,,,,,,,,,,,,,,,,,,,,,,,,,,,,,,,,,,,,,,,,,,,,,,,,,,,,,,,,,,,,,,,,,,,,,,,,,,,,,,,,,,,,,,,,,,,,,,,,,,,,,,,,,,,,,,,,,
"Campaign-Search-Feb 8, 2026 06:59 PM",,,,,,,,,,,Enabled,,Ad Group 1,2,Enabled,,leading adiology phone number,exact,Enabled,,,,,,,,,,,,,,,,,,,,,,,,adiology.io,,,,,,,,,,,,,,,,,,,,,,,,,,,,,,,,,,,,,,,,,,,,,,,,,,,,,,,,,,,,,,,,,,,,,,,,,,,,,,,,,,,,,,,,,,,,,,,,,,,,,,,,,,,,,,,,,,,,,,,,,,,,,,,,,,,,,,,,,,,,,,,,,
"Campaign-Search-Feb 8, 2026 06:59 PM",,,,,,,,,,,Enabled,,Ad Group 1,2,Enabled,,adiology phone number in me,broad,Enabled,,,,,,,,,,,,,,,,,,,,,,,,adiology.io,,,,,,,,,,,,,,,,,,,,,,,,,,,,,,,,,,,,,,,,,,,,,,,,,,,,,,,,,,,,,,,,,,,,,,,,,,,,,,,,,,,,,,,,,,,,,,,,,,,,,,,,,,,,,,,,,,,,,,,,,,,,,,,,,,,,,,,,,,,,,,,,,
"Campaign-Search-Feb 8, 2026 06:59 PM",,,,,,,,,,,Enabled,,Ad Group 1,2,Enabled,,adiology phone number vs,broad,Enabled,,,,,,,,,,,,,,,,,,,,,,,,adiology.io,,,,,,,,,,,,,,,,,,,,,,,,,,,,,,,,,,,,,,,,,,,,,,,,,,,,,,,,,,,,,,,,,,,,,,,,,,,,,,,,,,,,,,,,,,,,,,,,,,,,,,,,,,,,,,,,,,,,,,,,,,,,,,,,,,,,,,,,,,,,,,,,,
"Campaign-Search-Feb 8, 2026 06:59 PM",,,,,,,,,,,Enabled,,Ad Group 1,2,Enabled,,contact a adiology phone number,broad,Enabled,,,,,,,,,,,,,,,,,,,,,,,,adiology.io,,,,,,,,,,,,,,,,,,,,,,,,,,,,,,,,,,,,,,,,,,,,,,,,,,,,,,,,,,,,,,,,,,,,,,,,,,,,,,,,,,,,,,,,,,,,,,,,,,,,,,,,,,,,,,,,,,,,,,,,,,,,,,,,,,,,,,,,,,,,,,,,,
"Campaign-Search-Feb 8, 2026 06:59 PM",,,,,,,,,,,Enabled,,Ad Group 1,2,Enabled,,value adiology phone number,phrase,Enabled,,,,,,,,,,,,,,,,,,,,,,,,adiology.io,,,,,,,,,,,,,,,,,,,,,,,,,,,,,,,,,,,,,,,,,,,,,,,,,,,,,,,,,,,,,,,,,,,,,,,,,,,,,,,,,,,,,,,,,,,,,,,,,,,,,,,,,,,,,,,,,,,,,,,,,,,,,,,,,,,,,,,,,,,,,,,,,
"Campaign-Search-Feb 8, 2026 06:59 PM",,,,,,,,,,,Enabled,,Ad Group 1,2,Enabled,,adiology phone number quality,exact,Enabled,,,,,,,,,,,,,,,,,,,,,,,,adiology.io,,,,,,,,,,,,,,,,,,,,,,,,,,,,,,,,,,,,,,,,,,,,,,,,,,,,,,,,,,,,,,,,,,,,,,,,,,,,,,,,,,,,,,,,,,,,,,,,,,,,,,,,,,,,,,,,,,,,,,,,,,,,,,,,,,,,,,,,,,,,,,,,,
"Campaign-Search-Feb 8, 2026 06:59 PM",,,,,,,,,,,Enabled,,Ad Group 1,2,Enabled,,when to hire adiology phone number,broad,Enabled,,,,,,,,,,,,,,,,,,,,,,,,adiology.io,,,,,,,,,,,,,,,,,,,,,,,,,,,,,,,,,,,,,,,,,,,,,,,,,,,,,,,,,,,,,,,,,,,,,,,,,,,,,,,,,,,,,,,,,,,,,,,,,,,,,,,,,,,,,,,,,,,,,,,,,,,,,,,,,,,,,,,,,,,,,,,,,
"Campaign-Search-Feb 8, 2026 06:59 PM",,,,,,,,,,,Enabled,,Ad Group 1,2,Enabled,,friendly adiology - google campaign builder,broad,Enabled,,,,,,,,,,,,,,,,,,,,,,,,adiology.io,,,,,,,,,,,,,,,,,,,,,,,,,,,,,,,,,,,,,,,,,,,,,,,,,,,,,,,,,,,,,,,,,,,,,,,,,,,,,,,,,,,,,,,,,,,,,,,,,,,,,,,,,,,,,,,,,,,,,,,,,,,,,,,,,,,,,,,,,,,,,,,,,
"Campaign-Search-Feb 8, 2026 06:59 PM",,,,,,,,,,,Enabled,,Ad Group 1,2,Enabled,,adiology phone number economical,phrase,Enabled,,,,,,,,,,,,,,,,,,,,,,,,adiology.io,,,,,,,,,,,,,,,,,,,,,,,,,,,,,,,,,,,,,,,,,,,,,,,,,,,,,,,,,,,,,,,,,,,,,,,,,,,,,,,,,,,,,,,,,,,,,,,,,,,,,,,,,,,,,,,,,,,,,,,,,,,,,,,,,,,,,,,,,,,,,,,,,
"Campaign-Search-Feb 8, 2026 06:59 PM",,,,,,,,,,,Enabled,,Ad Group 1,2,Enabled,,schedule a adiology phone number,broad,Enabled,,,,,,,,,,,,,,,,,,,,,,,,adiology.io,,,,,,,,,,,,,,,,,,,,,,,,,,,,,,,,,,,,,,,,,,,,,,,,,,,,,,,,,,,,,,,,,,,,,,,,,,,,,,,,,,,,,,,,,,,,,,,,,,,,,,,,,,,,,,,,,,,,,,,,,,,,,,,,,,,,,,,,,,,,,,,,,
"Campaign-Search-Feb 8, 2026 06:59 PM",,,,,,,,,,,Enabled,,Ad Group 1,2,Enabled,,qualified adiology phone number,phrase,Enabled,,,,,,,,,,,,,,,,,,,,,,,,adiology.io,,,,,,,,,,,,,,,,,,,,,,,,,,,,,,,,,,,,,,,,,,,,,,,,,,,,,,,,,,,,,,,,,,,,,,,,,,,,,,,,,,,,,,,,,,,,,,,,,,,,,,,,,,,,,,,,,,,,,,,,,,,,,,,,,,,,,,,,,,,,,,,,,
"Campaign-Search-Feb 8, 2026 06:59 PM",,,,,,,,,,,Enabled,,Ad Group 1,2,Enabled,,express adiology - google campaign builder,broad,Enabled,,,,,,,,,,,,,,,,,,,,,,,,adiology.io,,,,,,,,,,,,,,,,,,,,,,,,,,,,,,,,,,,,,,,,,,,,,,,,,,,,,,,,,,,,,,,,,,,,,,,,,,,,,,,,,,,,,,,,,,,,,,,,,,,,,,,,,,,,,,,,,,,,,,,,,,,,,,,,,,,,,,,,,,,,,,,,,
"Campaign-Search-Feb 8, 2026 06:59 PM",,,,,,,,,,,Enabled,,Ad Group 1,2,Enabled,,adiology phone number close to me,phrase,Enabled,,,,,,,,,,,,,,,,,,,,,,,,adiology.io,,,,,,,,,,,,,,,,,,,,,,,,,,,,,,,,,,,,,,,,,,,,,,,,,,,,,,,,,,,,,,,,,,,,,,,,,,,,,,,,,,,,,,,,,,,,,,,,,,,,,,,,,,,,,,,,,,,,,,,,,,,,,,,,,,,,,,,,,,,,,,,,,
"Campaign-Search-Feb 8, 2026 06:59 PM",,,,,,,,,,,Enabled,,Ad Group 1,2,Enabled,,economical adiology phone number,exact,Enabled,,,,,,,,,,,,,,,,,,,,,,,,adiology.io,,,,,,,,,,,,,,,,,,,,,,,,,,,,,,,,,,,,,,,,,,,,,,,,,,,,,,,,,,,,,,,,,,,,,,,,,,,,,,,,,,,,,,,,,,,,,,,,,,,,,,,,,,,,,,,,,,,,,,,,,,,,,,,,,,,,,,,,,,,,,,,,,
"Campaign-Search-Feb 8, 2026 06:59 PM",,,,,,,,,,,Enabled,,Ad Group 1,2,Enabled,,nearby adiology - google campaign builder,exact,Enabled,,,,,,,,,,,,,,,,,,,,,,,,adiology.io,,,,,,,,,,,,,,,,,,,,,,,,,,,,,,,,,,,,,,,,,,,,,,,,,,,,,,,,,,,,,,,,,,,,,,,,,,,,,,,,,,,,,,,,,,,,,,,,,,,,,,,,,,,,,,,,,,,,,,,,,,,,,,,,,,,,,,,,,,,,,,,,,
"Campaign-Search-Feb 8, 2026 06:59 PM",,,,,,,,,,,Enabled,,Ad Group 1,2,Enabled,,adiology phone number rapid,phrase,Enabled,,,,,,,,,,,,,,,,,,,,,,,,adiology.io,,,,,,,,,,,,,,,,,,,,,,,,,,,,,,,,,,,,,,,,,,,,,,,,,,,,,,,,,,,,,,,,,,,,,,,,,,,,,,,,,,,,,,,,,,,,,,,,,,,,,,,,,,,,,,,,,,,,,,,,,,,,,,,,,,,,,,,,,,,,,,,,,
"Campaign-Search-Feb 8, 2026 06:59 PM",,,,,,,,,,,Enabled,,Ad Group 1,2,Enabled,,adiology phone number highest rated,broad,Enabled,,,,,,,,,,,,,,,,,,,,,,,,adiology.io,,,,,,,,,,,,,,,,,,,,,,,,,,,,,,,,,,,,,,,,,,,,,,,,,,,,,,,,,,,,,,,,,,,,,,,,,,,,,,,,,,,,,,,,,,,,,,,,,,,,,,,,,,,,,,,,,,,,,,,,,,,,,,,,,,,,,,,,,,,,,,,,,
"Campaign-Search-Feb 8, 2026 06:59 PM",,,,,,,,,,,Enabled,,Ad Group 1,2,Enabled,,when to call adiology phone number,exact,Enabled,,,,,,,,,,,,,,,,,,,,,,,,adiology.io,,,,,,,,,,,,,,,,,,,,,,,,,,,,,,,,,,,,,,,,,,,,,,,,,,,,,,,,,,,,,,,,,,,,,,,,,,,,,,,,,,,,,,,,,,,,,,,,,,,,,,,,,,,,,,,,,,,,,,,,,,,,,,,,,,,,,,,,,,,,,,,,,
"Campaign-Search-Feb 8, 2026 06:59 PM",,,,,,,,,,,Enabled,,Ad Group 1,2,Enabled,,adiology phone number close,phrase,Enabled,,,,,,,,,,,,,,,,,,,,,,,,adiology.io,,,,,,,,,,,,,,,,,,,,,,,,,,,,,,,,,,,,,,,,,,,,,,,,,,,,,,,,,,,,,,,,,,,,,,,,,,,,,,,,,,,,,,,,,,,,,,,,,,,,,,,,,,,,,,,,,,,,,,,,,,,,,,,,,,,,,,,,,,,,,,,,,
"Campaign-Search-Feb 8, 2026 06:59 PM",,,,,,,,,,,Enabled,,Ad Group 1,2,Enabled,,request adiology phone number,phrase,Enabled,,,,,,,,,,,,,,,,,,,,,,,,adiology.io,,,,,,,,,,,,,,,,,,,,,,,,,,,,,,,,,,,,,,,,,,,,,,,,,,,,,,,,,,,,,,,,,,,,,,,,,,,,,,,,,,,,,,,,,,,,,,,,,,,,,,,,,,,,,,,,,,,,,,,,,,,,,,,,,,,,,,,,,,,,,,,,,
"Campaign-Search-Feb 8, 2026 06:59 PM",,,,,,,,,,,Enabled,,Ad Group 1,2,Enabled,,adiology phone number in my area,phrase,Enabled,,,,,,,,,,,,,,,,,,,,,,,,adiology.io,,,,,,,,,,,,,,,,,,,,,,,,,,,,,,,,,,,,,,,,,,,,,,,,,,,,,,,,,,,,,,,,,,,,,,,,,,,,,,,,,,,,,,,,,,,,,,,,,,,,,,,,,,,,,,,,,,,,,,,,,,,,,,,,,,,,,,,,,,,,,,,,,
"Campaign-Search-Feb 8, 2026 06:59 PM",,,,,,,,,,,Enabled,,Ad Group 1,2,Enabled,,adiology phone number vs,phrase,Enabled,,,,,,,,,,,,,,,,,,,,,,,,adiology.io,,,,,,,,,,,,,,,,,,,,,,,,,,,,,,,,,,,,,,,,,,,,,,,,,,,,,,,,,,,,,,,,,,,,,,,,,,,,,,,,,,,,,,,,,,,,,,,,,,,,,,,,,,,,,,,,,,,,,,,,,,,,,,,,,,,,,,,,,,,,,,,,,
"Campaign-Search-Feb 8, 2026 06:59 PM",,,,,,,,,,,Enabled,,Ad Group 1,2,Enabled,,budget adiology phone number,exact,Enabled,,,,,,,,,,,,,,,,,,,,,,,,adiology.io,,,,,,,,,,,,,,,,,,,,,,,,,,,,,,,,,,,,,,,,,,,,,,,,,,,,,,,,,,,,,,,,,,,,,,,,,,,,,,,,,,,,,,,,,,,,,,,,,,,,,,,,,,,,,,,,,,,,,,,,,,,,,,,,,,,,,,,,,,,,,,,,,
"Campaign-Search-Feb 8, 2026 06:59 PM",,,,,,,,,,,Enabled,,Ad Group 1,2,Enabled,,why hire adiology phone number,exact,Enabled,,,,,,,,,,,,,,,,,,,,,,,,adiology.io,,,,,,,,,,,,,,,,,,,,,,,,,,,,,,,,,,,,,,,,,,,,,,,,,,,,,,,,,,,,,,,,,,,,,,,,,,,,,,,,,,,,,,,,,,,,,,,,,,,,,,,,,,,,,,,,,,,,,,,,,,,,,,,,,,,,,,,,,,,,,,,,,
"Campaign-Search-Feb 8, 2026 06:59 PM",,,,,,,,,,,Enabled,,Ad Group 1,2,Enabled,,get adiology phone number,broad,Enabled,,,,,,,,,,,,,,,,,,,,,,,,adiology.io,,,,,,,,,,,,,,,,,,,,,,,,,,,,,,,,,,,,,,,,,,,,,,,,,,,,,,,,,,,,,,,,,,,,,,,,,,,,,,,,,,,,,,,,,,,,,,,,,,,,,,,,,,,,,,,,,,,,,,,,,,,,,,,,,,,,,,,,,,,,,,,,,
"Campaign-Search-Feb 8, 2026 06:59 PM",,,,,,,,,,,Enabled,,Ad Group 1,2,Enabled,,adiology phone number premier,phrase,Enabled,,,,,,,,,,,,,,,,,,,,,,,,adiology.io,,,,,,,,,,,,,,,,,,,,,,,,,,,,,,,,,,,,,,,,,,,,,,,,,,,,,,,,,,,,,,,,,,,,,,,,,,,,,,,,,,,,,,,,,,,,,,,,,,,,,,,,,,,,,,,,,,,,,,,,,,,,,,,,,,,,,,,,,,,,,,,,,
"Campaign-Search-Feb 8, 2026 06:59 PM",,,,,,,,,,,Enabled,,Ad Group 1,2,Enabled,,premium adiology phone number,phrase,Enabled,,,,,,,,,,,,,,,,,,,,,,,,adiology.io,,,,,,,,,,,,,,,,,,,,,,,,,,,,,,,,,,,,,,,,,,,,,,,,,,,,,,,,,,,,,,,,,,,,,,,,,,,,,,,,,,,,,,,,,,,,,,,,,,,,,,,,,,,,,,,,,,,,,,,,,,,,,,,,,,,,,,,,,,,,,,,,,
"Campaign-Search-Feb 8, 2026 06:59 PM",,,,,,,,,,,Enabled,,Ad Group 1,2,Enabled,,express adiology phone number,exact,Enabled,,,,,,,,,,,,,,,,,,,,,,,,adiology.io,,,,,,,,,,,,,,,,,,,,,,,,,,,,,,,,,,,,,,,,,,,,,,,,,,,,,,,,,,,,,,,,,,,,,,,,,,,,,,,,,,,,,,,,,,,,,,,,,,,,,,,,,,,,,,,,,,,,,,,,,,,,,,,,,,,,,,,,,,,,,,,,,
"Campaign-Search-Feb 8, 2026 06:59 PM",,,,,,,,,,,Enabled,,Ad Group 1,2,Enabled,,order a adiology phone number,exact,Enabled,,,,,,,,,,,,,,,,,,,,,,,,adiology.io,,,,,,,,,,,,,,,,,,,,,,,,,,,,,,,,,,,,,,,,,,,,,,,,,,,,,,,,,,,,,,,,,,,,,,,,,,,,,,,,,,,,,,,,,,,,,,,,,,,,,,,,,,,,,,,,,,,,,,,,,,,,,,,,,,,,,,,,,,,,,,,,,
"Campaign-Search-Feb 8, 2026 06:59 PM",,,,,,,,,,,Enabled,,Ad Group 1,2,Enabled,,professional adiology phone number,exact,Enabled,,,,,,,,,,,,,,,,,,,,,,,,adiology.io,,,,,,,,,,,,,,,,,,,,,,,,,,,,,,,,,,,,,,,,,,,,,,,,,,,,,,,,,,,,,,,,,,,,,,,,,,,,,,,,,,,,,,,,,,,,,,,,,,,,,,,,,,,,,,,,,,,,,,,,,,,,,,,,,,,,,,,,,,,,,,,,,
"Campaign-Search-Feb 8, 2026 06:59 PM",,,,,,,,,,,Enabled,,Ad Group 1,2,Enabled,,exclusive adiology - google campaign builder,broad,Enabled,,,,,,,,,,,,,,,,,,,,,,,,adiology.io,,,,,,,,,,,,,,,,,,,,,,,,,,,,,,,,,,,,,,,,,,,,,,,,,,,,,,,,,,,,,,,,,,,,,,,,,,,,,,,,,,,,,,,,,,,,,,,,,,,,,,,,,,,,,,,,,,,,,,,,,,,,,,,,,,,,,,,,,,,,,,,,,
"Campaign-Search-Feb 8, 2026 06:59 PM",,,,,,,,,,,Enabled,,Ad Group 1,2,Enabled,,when to hire adiology phone number,exact,Enabled,,,,,,,,,,,,,,,,,,,,,,,,adiology.io,,,,,,,,,,,,,,,,,,,,,,,,,,,,,,,,,,,,,,,,,,,,,,,,,,,,,,,,,,,,,,,,,,,,,,,,,,,,,,,,,,,,,,,,,,,,,,,,,,,,,,,,,,,,,,,,,,,,,,,,,,,,,,,,,,,,,,,,,,,,,,,,,
"Campaign-Search-Feb 8, 2026 06:59 PM",,,,,,,,,,,Enabled,,Ad Group 1,2,Enabled,,choose adiology - google campaign builder,exact,Enabled,,,,,,,,,,,,,,,,,,,,,,,,adiology.io,,,,,,,,,,,,,,,,,,,,,,,,,,,,,,,,,,,,,,,,,,,,,,,,,,,,,,,,,,,,,,,,,,,,,,,,,,,,,,,,,,,,,,,,,,,,,,,,,,,,,,,,,,,,,,,,,,,,,,,,,,,,,,,,,,,,,,,,,,,,,,,,,
"Campaign-Search-Feb 8, 2026 06:59 PM",,,,,,,,,,,Enabled,,Ad Group 1,2,Enabled,,adiology phone number 24 hour,phrase,Enabled,,,,,,,,,,,,,,,,,,,,,,,,adiology.io,,,,,,,,,,,,,,,,,,,,,,,,,,,,,,,,,,,,,,,,,,,,,,,,,,,,,,,,,,,,,,,,,,,,,,,,,,,,,,,,,,,,,,,,,,,,,,,,,,,,,,,,,,,,,,,,,,,,,,,,,,,,,,,,,,,,,,,,,,,,,,,,,
"Campaign-Search-Feb 8, 2026 06:59 PM",,,,,,,,,,,Enabled,,Ad Group 1,2,Enabled,,do I need adiology phone number,exact,Enabled,,,,,,,,,,,,,,,,,,,,,,,,adiology.io,,,,,,,,,,,,,,,,,,,,,,,,,,,,,,,,,,,,,,,,,,,,,,,,,,,,,,,,,,,,,,,,,,,,,,,,,,,,,,,,,,,,,,,,,,,,,,,,,,,,,,,,,,,,,,,,,,,,,,,,,,,,,,,,,,,,,,,,,,,,,,,,,
"Campaign-Search-Feb 8, 2026 06:59 PM",,,,,,,,,,,Enabled,,Ad Group 1,2,Enabled,,recommend a adiology phone number,phrase,Enabled,,,,,,,,,,,,,,,,,,,,,,,,adiology.io,,,,,,,,,,,,,,,,,,,,,,,,,,,,,,,,,,,,,,,,,,,,,,,,,,,,,,,,,,,,,,,,,,,,,,,,,,,,,,,,,,,,,,,,,,,,,,,,,,,,,,,,,,,,,,,,,,,,,,,,,,,,,,,,,,,,,,,,,,,,,,,,,
"Campaign-Search-Feb 8, 2026 06:59 PM",,,,,,,,,,,Enabled,,Ad Group 1,2,Enabled,,searching for a adiology phone number,broad,Enabled,,,,,,,,,,,,,,,,,,,,,,,,adiology.io,,,,,,,,,,,,,,,,,,,,,,,,,,,,,,,,,,,,,,,,,,,,,,,,,,,,,,,,,,,,,,,,,,,,,,,,,,,,,,,,,,,,,,,,,,,,,,,,,,,,,,,,,,,,,,,,,,,,,,,,,,,,,,,,,,,,,,,,,,,,,,,,,
"Campaign-Search-Feb 8, 2026 06:59 PM",,,,,,,,,,,Enabled,,Ad Group 1,2,Enabled,,woman owned adiology phone number,phrase,Enabled,,,,,,,,,,,,,,,,,,,,,,,,adiology.io,,,,,,,,,,,,,,,,,,,,,,,,,,,,,,,,,,,,,,,,,,,,,,,,,,,,,,,,,,,,,,,,,,,,,,,,,,,,,,,,,,,,,,,,,,,,,,,,,,,,,,,,,,,,,,,,,,,,,,,,,,,,,,,,,,,,,,,,,,,,,,,,,
"Campaign-Search-Feb 8, 2026 06:59 PM",,,,,,,,,,,Enabled,,Ad Group 1,2,Enabled,,emergency adiology phone number,phrase,Enabled,,,,,,,,,,,,,,,,,,,,,,,,adiology.io,,,,,,,,,,,,,,,,,,,,,,,,,,,,,,,,,,,,,,,,,,,,,,,,,,,,,,,,,,,,,,,,,,,,,,,,,,,,,,,,,,,,,,,,,,,,,,,,,,,,,,,,,,,,,,,,,,,,,,,,,,,,,,,,,,,,,,,,,,,,,,,,,
"Campaign-Search-Feb 8, 2026 06:59 PM",,,,,,,,,,,Enabled,,Ad Group 1,2,Enabled,,adiology - google campaign builder licensed,exact,Enabled,,,,,,,,,,,,,,,,,,,,,,,,adiology.io,,,,,,,,,,,,,,,,,,,,,,,,,,,,,,,,,,,,,,,,,,,,,,,,,,,,,,,,,,,,,,,,,,,,,,,,,,,,,,,,,,,,,,,,,,,,,,,,,,,,,,,,,,,,,,,,,,,,,,,,,,,,,,,,,,,,,,,,,,,,,,,,,
"Campaign-Search-Feb 8, 2026 06:59 PM",,,,,,,,,,,Enabled,,Ad Group 1,2,Enabled,,adiology - google campaign builder premium,phrase,Enabled,,,,,,,,,,,,,,,,,,,,,,,,adiology.io,,,,,,,,,,,,,,,,,,,,,,,,,,,,,,,,,,,,,,,,,,,,,,,,,,,,,,,,,,,,,,,,,,,,,,,,,,,,,,,,,,,,,,,,,,,,,,,,,,,,,,,,,,,,,,,,,,,,,,,,,,,,,,,,,,,,,,,,,,,,,,,,,
"Campaign-Search-Feb 8, 2026 06:59 PM",,,,,,,,,,,Enabled,,Ad Group 1,2,Enabled,,check a adiology phone number,broad,Enabled,,,,,,,,,,,,,,,,,,,,,,,,adiology.io,,,,,,,,,,,,,,,,,,,,,,,,,,,,,,,,,,,,,,,,,,,,,,,,,,,,,,,,,,,,,,,,,,,,,,,,,,,,,,,,,,,,,,,,,,,,,,,,,,,,,,,,,,,,,,,,,,,,,,,,,,,,,,,,,,,,,,,,,,,,,,,,,
"Campaign-Search-Feb 8, 2026 06:59 PM",,,,,,,,,,,Enabled,,Ad Group 1,2,Enabled,,request a adiology phone number,phrase,Enabled,,,,,,,,,,,,,,,,,,,,,,,,adiology.io,,,,,,,,,,,,,,,,,,,,,,,,,,,,,,,,,,,,,,,,,,,,,,,,,,,,,,,,,,,,,,,,,,,,,,,,,,,,,,,,,,,,,,,,,,,,,,,,,,,,,,,,,,,,,,,,,,,,,,,,,,,,,,,,,,,,,,,,,,,,,,,,,
"Campaign-Search-Feb 8, 2026 06:59 PM",,,,,,,,,,,Enabled,,Ad Group 1,2,Enabled,,review adiology phone number,phrase,Enabled,,,,,,,,,,,,,,,,,,,,,,,,adiology.io,,,,,,,,,,,,,,,,,,,,,,,,,,,,,,,,,,,,,,,,,,,,,,,,,,,,,,,,,,,,,,,,,,,,,,,,,,,,,,,,,,,,,,,,,,,,,,,,,,,,,,,,,,,,,,,,,,,,,,,,,,,,,,,,,,,,,,,,,,,,,,,,,
"Campaign-Search-Feb 8, 2026 06:59 PM",,,,,,,,,,,Enabled,,Ad Group 1,2,Enabled,,highest rated adiology phone number,broad,Enabled,,,,,,,,,,,,,,,,,,,,,,,,adiology.io,,,,,,,,,,,,,,,,,,,,,,,,,,,,,,,,,,,,,,,,,,,,,,,,,,,,,,,,,,,,,,,,,,,,,,,,,,,,,,,,,,,,,,,,,,,,,,,,,,,,,,,,,,,,,,,,,,,,,,,,,,,,,,,,,,,,,,,,,,,,,,,,,
"Campaign-Search-Feb 8, 2026 06:59 PM",,,,,,,,,,,Enabled,,Ad Group 1,2,Enabled,,adiology phone number or,broad,Enabled,,,,,,,,,,,,,,,,,,,,,,,,adiology.io,,,,,,,,,,,,,,,,,,,,,,,,,,,,,,,,,,,,,,,,,,,,,,,,,,,,,,,,,,,,,,,,,,,,,,,,,,,,,,,,,,,,,,,,,,,,,,,,,,,,,,,,,,,,,,,,,,,,,,,,,,,,,,,,,,,,,,,,,,,,,,,,,
"Campaign-Search-Feb 8, 2026 06:59 PM",,,,,,,,,,,Enabled,,Ad Group 1,2,Enabled,,adiology phone number today,broad,Enabled,,,,,,,,,,,,,,,,,,,,,,,,adiology.io,,,,,,,,,,,,,,,,,,,,,,,,,,,,,,,,,,,,,,,,,,,,,,,,,,,,,,,,,,,,,,,,,,,,,,,,,,,,,,,,,,,,,,,,,,,,,,,,,,,,,,,,,,,,,,,,,,,,,,,,,,,,,,,,,,,,,,,,,,,,,,,,,
"Campaign-Search-Feb 8, 2026 06:59 PM",,,,,,,,,,,Enabled,,Ad Group 1,2,Enabled,,adiology - google campaign builder emergency,broad,Enabled,,,,,,,,,,,,,,,,,,,,,,,,adiology.io,,,,,,,,,,,,,,,,,,,,,,,,,,,,,,,,,,,,,,,,,,,,,,,,,,,,,,,,,,,,,,,,,,,,,,,,,,,,,,,,,,,,,,,,,,,,,,,,,,,,,,,,,,,,,,,,,,,,,,,,,,,,,,,,,,,,,,,,,,,,,,,,,
"Campaign-Search-Feb 8, 2026 06:59 PM",,,,,,,,,,,Enabled,,Ad Group 1,2,Enabled,,adiology phone number luxury,broad,Enabled,,,,,,,,,,,,,,,,,,,,,,,,adiology.io,,,,,,,,,,,,,,,,,,,,,,,,,,,,,,,,,,,,,,,,,,,,,,,,,,,,,,,,,,,,,,,,,,,,,,,,,,,,,,,,,,,,,,,,,,,,,,,,,,,,,,,,,,,,,,,,,,,,,,,,,,,,,,,,,,,,,,,,,,,,,,,,,
"Campaign-Search-Feb 8, 2026 06:59 PM",,,,,,,,,,,Enabled,,Ad Group 1,2,Enabled,,local adiology phone number near me,broad,Enabled,,,,,,,,,,,,,,,,,,,,,,,,adiology.io,,,,,,,,,,,,,,,,,,,,,,,,,,,,,,,,,,,,,,,,,,,,,,,,,,,,,,,,,,,,,,,,,,,,,,,,,,,,,,,,,,,,,,,,,,,,,,,,,,,,,,,,,,,,,,,,,,,,,,,,,,,,,,,,,,,,,,,,,,,,,,,,,
"Campaign-Search-Feb 8, 2026 06:59 PM",,,,,,,,,,,Enabled,,Ad Group 1,2,Enabled,,insured adiology - google campaign builder,broad,Enabled,,,,,,,,,,,,,,,,,,,,,,,,adiology.io,,,,,,,,,,,,,,,,,,,,,,,,,,,,,,,,,,,,,,,,,,,,,,,,,,,,,,,,,,,,,,,,,,,,,,,,,,,,,,,,,,,,,,,,,,,,,,,,,,,,,,,,,,,,,,,,,,,,,,,,,,,,,,,,,,,,,,,,,,,,,,,,,
"Campaign-Search-Feb 8, 2026 06:59 PM",,,,,,,,,,,Enabled,,Ad Group 1,2,Enabled,,looking for adiology phone number,broad,Enabled,,,,,,,,,,,,,,,,,,,,,,,,adiology.io,,,,,,,,,,,,,,,,,,,,,,,,,,,,,,,,,,,,,,,,,,,,,,,,,,,,,,,,,,,,,,,,,,,,,,,,,,,,,,,,,,,,,,,,,,,,,,,,,,,,,,,,,,,,,,,,,,,,,,,,,,,,,,,,,,,,,,,,,,,,,,,,,
"Campaign-Search-Feb 8, 2026 06:59 PM",,,,,,,,,,,Enabled,,Ad Group 1,2,Enabled,,adiology phone number with me,phrase,Enabled,,,,,,,,,,,,,,,,,,,,,,,,adiology.io,,,,,,,,,,,,,,,,,,,,,,,,,,,,,,,,,,,,,,,,,,,,,,,,,,,,,,,,,,,,,,,,,,,,,,,,,,,,,,,,,,,,,,,,,,,,,,,,,,,,,,,,,,,,,,,,,,,,,,,,,,,,,,,,,,,,,,,,,,,,,,,,,
"Campaign-Search-Feb 8, 2026 06:59 PM",,,,,,,,,,,Enabled,,Ad Group 1,2,Enabled,,get a adiology phone number,exact,Enabled,,,,,,,,,,,,,,,,,,,,,,,,adiology.io,,,,,,,,,,,,,,,,,,,,,,,,,,,,,,,,,,,,,,,,,,,,,,,,,,,,,,,,,,,,,,,,,,,,,,,,,,,,,,,,,,,,,,,,,,,,,,,,,,,,,,,,,,,,,,,,,,,,,,,,,,,,,,,,,,,,,,,,,,,,,,,,,
"Campaign-Search-Feb 8, 2026 06:59 PM",,,,,,,,,,,Enabled,,Ad Group 1,2,Enabled,,same day adiology phone number,phrase,Enabled,,,,,,,,,,,,,,,,,,,,,,,,adiology.io,,,,,,,,,,,,,,,,,,,,,,,,,,,,,,,,,,,,,,,,,,,,,,,,,,,,,,,,,,,,,,,,,,,,,,,,,,,,,,,,,,,,,,,,,,,,,,,,,,,,,,,,,,,,,,,,,,,,,,,,,,,,,,,,,,,,,,,,,,,,,,,,,
"Campaign-Search-Feb 8, 2026 06:59 PM",,,,,,,,,,,Enabled,,Ad Group 1,2,Enabled,,should I hire adiology phone number,phrase,Enabled,,,,,,,,,,,,,,,,,,,,,,,,adiology.io,,,,,,,,,,,,,,,,,,,,,,,,,,,,,,,,,,,,,,,,,,,,,,,,,,,,,,,,,,,,,,,,,,,,,,,,,,,,,,,,,,,,,,,,,,,,,,,,,,,,,,,,,,,,,,,,,,,,,,,,,,,,,,,,,,,,,,,,,,,,,,,,,
"Campaign-Search-Feb 8, 2026 06:59 PM",,,,,,,,,,,Enabled,,Ad Group 1,2,Enabled,,adiology phone number to me,exact,Enabled,,,,,,,,,,,,,,,,,,,,,,,,adiology.io,,,,,,,,,,,,,,,,,,,,,,,,,,,,,,,,,,,,,,,,,,,,,,,,,,,,,,,,,,,,,,,,,,,,,,,,,,,,,,,,,,,,,,,,,,,,,,,,,,,,,,,,,,,,,,,,,,,,,,,,,,,,,,,,,,,,,,,,,,,,,,,,,
"Campaign-Search-Feb 8, 2026 06:59 PM",,,,,,,,,,,Enabled,,Ad Group 1,2,Enabled,,qualified adiology phone number,exact,Enabled,,,,,,,,,,,,,,,,,,,,,,,,adiology.io,,,,,,,,,,,,,,,,,,,,,,,,,,,,,,,,,,,,,,,,,,,,,,,,,,,,,,,,,,,,,,,,,,,,,,,,,,,,,,,,,,,,,,,,,,,,,,,,,,,,,,,,,,,,,,,,,,,,,,,,,,,,,,,,,,,,,,,,,,,,,,,,,
"Campaign-Search-Feb 8, 2026 06:59 PM",,,,,,,,,,,Enabled,,Ad Group 1,2,Enabled,,select a adiology phone number,exact,Enabled,,,,,,,,,,,,,,,,,,,,,,,,adiology.io,,,,,,,,,,,,,,,,,,,,,,,,,,,,,,,,,,,,,,,,,,,,,,,,,,,,,,,,,,,,,,,,,,,,,,,,,,,,,,,,,,,,,,,,,,,,,,,,,,,,,,,,,,,,,,,,,,,,,,,,,,,,,,,,,,,,,,,,,,,,,,,,,
"Campaign-Search-Feb 8, 2026 06:59 PM",,,,,,,,,,,Enabled,,Ad Group 1,2,Enabled,,adiology phone number for business nearby,broad,Enabled,,,,,,,,,,,,,,,,,,,,,,,,adiology.io,,,,,,,,,,,,,,,,,,,,,,,,,,,,,,,,,,,,,,,,,,,,,,,,,,,,,,,,,,,,,,,,,,,,,,,,,,,,,,,,,,,,,,,,,,,,,,,,,,,,,,,,,,,,,,,,,,,,,,,,,,,,,,,,,,,,,,,,,,,,,,,,,
"Campaign-Search-Feb 8, 2026 06:59 PM",,,,,,,,,,,Enabled,,Ad Group 1,2,Enabled,,upfront adiology - google campaign builder,phrase,Enabled,,,,,,,,,,,,,,,,,,,,,,,,adiology.io,,,,,,,,,,,,,,,,,,,,,,,,,,,,,,,,,,,,,,,,,,,,,,,,,,,,,,,,,,,,,,,,,,,,,,,,,,,,,,,,,,,,,,,,,,,,,,,,,,,,,,,,,,,,,,,,,,,,,,,,,,,,,,,,,,,,,,,,,,,,,,,,,
"Campaign-Search-Feb 8, 2026 06:59 PM",,,,,,,,,,,Enabled,,Ad Group 1,2,Enabled,,professional adiology - google campaign builder,broad,Enabled,,,,,,,,,,,,,,,,,,,,,,,,adiology.io,,,,,,,,,,,,,,,,,,,,,,,,,,,,,,,,,,,,,,,,,,,,,,,,,,,,,,,,,,,,,,,,,,,,,,,,,,,,,,,,,,,,,,,,,,,,,,,,,,,,,,,,,,,,,,,,,,,,,,,,,,,,,,,,,,,,,,,,,,,,,,,,,
"Campaign-Search-Feb 8, 2026 06:59 PM",,,,,,,,,,,Enabled,,Ad Group 1,2,Enabled,,compare a adiology phone number,broad,Enabled,,,,,,,,,,,,,,,,,,,,,,,,adiology.io,,,,,,,,,,,,,,,,,,,,,,,,,,,,,,,,,,,,,,,,,,,,,,,,,,,,,,,,,,,,,,,,,,,,,,,,,,,,,,,,,,,,,,,,,,,,,,,,,,,,,,,,,,,,,,,,,,,,,,,,,,,,,,,,,,,,,,,,,,,,,,,,,
"Campaign-Search-Feb 8, 2026 06:59 PM",,,,,,,,,,,Enabled,,Ad Group 1,2,Enabled,,responsive adiology - google campaign builder,broad,Enabled,,,,,,,,,,,,,,,,,,,,,,,,adiology.io,,,,,,,,,,,,,,,,,,,,,,,,,,,,,,,,,,,,,,,,,,,,,,,,,,,,,,,,,,,,,,,,,,,,,,,,,,,,,,,,,,,,,,,,,,,,,,,,,,,,,,,,,,,,,,,,,,,,,,,,,,,,,,,,,,,,,,,,,,,,,,,,,
"Campaign-Search-Feb 8, 2026 06:59 PM",,,,,,,,,,,Enabled,,Ad Group 1,2,Enabled,,adiology - google campaign builder vs,phrase,Enabled,,,,,,,,,,,,,,,,,,,,,,,,adiology.io,,,,,,,,,,,,,,,,,,,,,,,,,,,,,,,,,,,,,,,,,,,,,,,,,,,,,,,,,,,,,,,,,,,,,,,,,,,,,,,,,,,,,,,,,,,,,,,,,,,,,,,,,,,,,,,,,,,,,,,,,,,,,,,,,,,,,,,,,,,,,,,,,
"Campaign-Search-Feb 8, 2026 06:59 PM",,,,,,,,,,,Enabled,,Ad Group 1,2,Enabled,,nearest adiology phone number,exact,Enabled,,,,,,,,,,,,,,,,,,,,,,,,adiology.io,,,,,,,,,,,,,,,,,,,,,,,,,,,,,,,,,,,,,,,,,,,,,,,,,,,,,,,,,,,,,,,,,,,,,,,,,,,,,,,,,,,,,,,,,,,,,,,,,,,,,,,,,,,,,,,,,,,,,,,,,,,,,,,,,,,,,,,,,,,,,,,,,
"Campaign-Search-Feb 8, 2026 06:59 PM",,,,,,,,,,,Enabled,,Ad Group 1,2,Enabled,,professional adiology phone number nearby,exact,Enabled,,,,,,,,,,,,,,,,,,,,,,,,adiology.io,,,,,,,,,,,,,,,,,,,,,,,,,,,,,,,,,,,,,,,,,,,,,,,,,,,,,,,,,,,,,,,,,,,,,,,,,,,,,,,,,,,,,,,,,,,,,,,,,,,,,,,,,,,,,,,,,,,,,,,,,,,,,,,,,,,,,,,,,,,,,,,,,
"Campaign-Search-Feb 8, 2026 06:59 PM",,,,,,,,,,,Enabled,,Ad Group 1,2,Enabled,,adiology phone number for apartment,exact,Enabled,,,,,,,,,,,,,,,,,,,,,,,,adiology.io,,,,,,,,,,,,,,,,,,,,,,,,,,,,,,,,,,,,,,,,,,,,,,,,,,,,,,,,,,,,,,,,,,,,,,,,,,,,,,,,,,,,,,,,,,,,,,,,,,,,,,,,,,,,,,,,,,,,,,,,,,,,,,,,,,,,,,,,,,,,,,,,,
"Campaign-Search-Feb 8, 2026 06:59 PM",,,,,,,,,,,Enabled,,Ad Group 1,2,Enabled,,adiology phone number for business local,phrase,Enabled,,,,,,,,,,,,,,,,,,,,,,,,adiology.io,,,,,,,,,,,,,,,,,,,,,,,,,,,,,,,,,,,,,,,,,,,,,,,,,,,,,,,,,,,,,,,,,,,,,,,,,,,,,,,,,,,,,,,,,,,,,,,,,,,,,,,,,,,,,,,,,,,,,,,,,,,,,,,,,,,,,,,,,,,,,,,,,
"Campaign-Search-Feb 8, 2026 06:59 PM",,,,,,,,,,,Enabled,,Ad Group 1,2,Enabled,,dependable adiology phone number,exact,Enabled,,,,,,,,,,,,,,,,,,,,,,,,adiology.io,,,,,,,,,,,,,,,,,,,,,,,,,,,,,,,,,,,,,,,,,,,,,,,,,,,,,,,,,,,,,,,,,,,,,,,,,,,,,,,,,,,,,,,,,,,,,,,,,,,,,,,,,,,,,,,,,,,,,,,,,,,,,,,,,,,,,,,,,,,,,,,,,
"Campaign-Search-Feb 8, 2026 06:59 PM",,,,,,,,,,,Enabled,,Ad Group 1,2,Enabled,,find a adiology phone number,exact,Enabled,,,,,,,,,,,,,,,,,,,,,,,,adiology.io,,,,,,,,,,,,,,,,,,,,,,,,,,,,,,,,,,,,,,,,,,,,,,,,,,,,,,,,,,,,,,,,,,,,,,,,,,,,,,,,,,,,,,,,,,,,,,,,,,,,,,,,,,,,,,,,,,,,,,,,,,,,,,,,,,,,,,,,,,,,,,,,,
"Campaign-Search-Feb 8, 2026 06:59 PM",,,,,,,,,,,Enabled,,Ad Group 1,2,Enabled,,adiology phone number with warranty nearby,exact,Enabled,,,,,,,,,,,,,,,,,,,,,,,,adiology.io,,,,,,,,,,,,,,,,,,,,,,,,,,,,,,,,,,,,,,,,,,,,,,,,,,,,,,,,,,,,,,,,,,,,,,,,,,,,,,,,,,,,,,,,,,,,,,,,,,,,,,,,,,,,,,,,,,,,,,,,,,,,,,,,,,,,,,,,,,,,,,,,,
"Campaign-Search-Feb 8, 2026 06:59 PM",,,,,,,,,,,Enabled,,Ad Group 1,2,Enabled,,select adiology - google campaign builder,phrase,Enabled,,,,,,,,,,,,,,,,,,,,,,,,adiology.io,,,,,,,,,,,,,,,,,,,,,,,,,,,,,,,,,,,,,,,,,,,,,,,,,,,,,,,,,,,,,,,,,,,,,,,,,,,,,,,,,,,,,,,,,,,,,,,,,,,,,,,,,,,,,,,,,,,,,,,,,,,,,,,,,,,,,,,,,,,,,,,,,
"Campaign-Search-Feb 8, 2026 06:59 PM",,,,,,,,,,,Enabled,,Ad Group 1,2,Enabled,,adiology phone number in me,exact,Enabled,,,,,,,,,,,,,,,,,,,,,,,,adiology.io,,,,,,,,,,,,,,,,,,,,,,,,,,,,,,,,,,,,,,,,,,,,,,,,,,,,,,,,,,,,,,,,,,,,,,,,,,,,,,,,,,,,,,,,,,,,,,,,,,,,,,,,,,,,,,,,,,,,,,,,,,,,,,,,,,,,,,,,,,,,,,,,,
"Campaign-Search-Feb 8, 2026 06:59 PM",,,,,,,,,,,Enabled,,Ad Group 1,2,Enabled,,adiology phone number small business,exact,Enabled,,,,,,,,,,,,,,,,,,,,,,,,adiology.io,,,,,,,,,,,,,,,,,,,,,,,,,,,,,,,,,,,,,,,,,,,,,,,,,,,,,,,,,,,,,,,,,,,,,,,,,,,,,,,,,,,,,,,,,,,,,,,,,,,,,,,,,,,,,,,,,,,,,,,,,,,,,,,,,,,,,,,,,,,,,,,,,
"Campaign-Search-Feb 8, 2026 06:59 PM",,,,,,,,,,,Enabled,,Ad Group 1,2,Enabled,,inexpensive adiology phone number,phrase,Enabled,,,,,,,,,,,,,,,,,,,,,,,,adiology.io,,,,,,,,,,,,,,,,,,,,,,,,,,,,,,,,,,,,,,,,,,,,,,,,,,,,,,,,,,,,,,,,,,,,,,,,,,,,,,,,,,,,,,,,,,,,,,,,,,,,,,,,,,,,,,,,,,,,,,,,,,,,,,,,,,,,,,,,,,,,,,,,,
"Campaign-Search-Feb 8, 2026 06:59 PM",,,,,,,,,,,Enabled,,Ad Group 1,2,Enabled,,premium adiology phone number,broad,Enabled,,,,,,,,,,,,,,,,,,,,,,,,adiology.io,,,,,,,,,,,,,,,,,,,,,,,,,,,,,,,,,,,,,,,,,,,,,,,,,,,,,,,,,,,,,,,,,,,,,,,,,,,,,,,,,,,,,,,,,,,,,,,,,,,,,,,,,,,,,,,,,,,,,,,,,,,,,,,,,,,,,,,,,,,,,,,,,
"Campaign-Search-Feb 8, 2026 06:59 PM",,,,,,,,,,,Enabled,,Ad Group 1,2,Enabled,,adiology phone number at me,exact,Enabled,,,,,,,,,,,,,,,,,,,,,,,,adiology.io,,,,,,,,,,,,,,,,,,,,,,,,,,,,,,,,,,,,,,,,,,,,,,,,,,,,,,,,,,,,,,,,,,,,,,,,,,,,,,,,,,,,,,,,,,,,,,,,,,,,,,,,,,,,,,,,,,,,,,,,,,,,,,,,,,,,,,,,,,,,,,,,,
"Campaign-Search-Feb 8, 2026 06:59 PM",,,,,,,,,,,Enabled,,Ad Group 1,2,Enabled,,adiology - google campaign builder companies,broad,Enabled,,,,,,,,,,,,,,,,,,,,,,,,adiology.io,,,,,,,,,,,,,,,,,,,,,,,,,,,,,,,,,,,,,,,,,,,,,,,,,,,,,,,,,,,,,,,,,,,,,,,,,,,,,,,,,,,,,,,,,,,,,,,,,,,,,,,,,,,,,,,,,,,,,,,,,,,,,,,,,,,,,,,,,,,,,,,,,
"Campaign-Search-Feb 8, 2026 06:59 PM",,,,,,,,,,,Enabled,,Ad Group 1,2,Enabled,,bonded adiology - google campaign builder,broad,Enabled,,,,,,,,,,,,,,,,,,,,,,,,adiology.io,,,,,,,,,,,,,,,,,,,,,,,,,,,,,,,,,,,,,,,,,,,,,,,,,,,,,,,,,,,,,,,,,,,,,,,,,,,,,,,,,,,,,,,,,,,,,,,,,,,,,,,,,,,,,,,,,,,,,,,,,,,,,,,,,,,,,,,,,,,,,,,,,
"Campaign-Search-Feb 8, 2026 06:59 PM",,,,,,,,,,,Enabled,,Ad Group 1,2,Enabled,,honest adiology phone number,phrase,Enabled,,,,,,,,,,,,,,,,,,,,,,,,adiology.io,,,,,,,,,,,,,,,,,,,,,,,,,,,,,,,,,,,,,,,,,,,,,,,,,,,,,,,,,,,,,,,,,,,,,,,,,,,,,,,,,,,,,,,,,,,,,,,,,,,,,,,,,,,,,,,,,,,,,,,,,,,,,,,,,,,,,,,,,,,,,,,,,
"Campaign-Search-Feb 8, 2026 06:59 PM",,,,,,,,,,,Enabled,,Ad Group 1,2,Enabled,,small business adiology phone number,phrase,Enabled,,,,,,,,,,,,,,,,,,,,,,,,adiology.io,,,,,,,,,,,,,,,,,,,,,,,,,,,,,,,,,,,,,,,,,,,,,,,,,,,,,,,,,,,,,,,,,,,,,,,,,,,,,,,,,,,,,,,,,,,,,,,,,,,,,,,,,,,,,,,,,,,,,,,,,,,,,,,,,,,,,,,,,,,,,,,,,
"Campaign-Search-Feb 8, 2026 06:59 PM",,,,,,,,,,,Enabled,,Ad Group 1,2,Enabled,,recommended adiology phone number,broad,Enabled,,,,,,,,,,,,,,,,,,,,,,,,adiology.io,,,,,,,,,,,,,,,,,,,,,,,,,,,,,,,,,,,,,,,,,,,,,,,,,,,,,,,,,,,,,,,,,,,,,,,,,,,,,,,,,,,,,,,,,,,,,,,,,,,,,,,,,,,,,,,,,,,,,,,,,,,,,,,,,,,,,,,,,,,,,,,,,
"Campaign-Search-Feb 8, 2026 06:59 PM",,,,,,,,,,,Enabled,,Ad Group 1,2,Enabled,,professional adiology phone number local,broad,Enabled,,,,,,,,,,,,,,,,,,,,,,,,adiology.io,,,,,,,,,,,,,,,,,,,,,,,,,,,,,,,,,,,,,,,,,,,,,,,,,,,,,,,,,,,,,,,,,,,,,,,,,,,,,,,,,,,,,,,,,,,,,,,,,,,,,,,,,,,,,,,,,,,,,,,,,,,,,,,,,,,,,,,,,,,,,,,,,
"Campaign-Search-Feb 8, 2026 06:59 PM",,,,,,,,,,,Enabled,,Ad Group 1,2,Enabled,,contact a adiology phone number,phrase,Enabled,,,,,,,,,,,,,,,,,,,,,,,,adiology.io,,,,,,,,,,,,,,,,,,,,,,,,,,,,,,,,,,,,,,,,,,,,,,,,,,,,,,,,,,,,,,,,,,,,,,,,,,,,,,,,,,,,,,,,,,,,,,,,,,,,,,,,,,,,,,,,,,,,,,,,,,,,,,,,,,,,,,,,,,,,,,,,,
"Campaign-Search-Feb 8, 2026 06:59 PM",,,,,,,,,,,Enabled,,Ad Group 1,2,Enabled,,adiology - google campaign builder affordable,broad,Enabled,,,,,,,,,,,,,,,,,,,,,,,,adiology.io,,,,,,,,,,,,,,,,,,,,,,,,,,,,,,,,,,,,,,,,,,,,,,,,,,,,,,,,,,,,,,,,,,,,,,,,,,,,,,,,,,,,,,,,,,,,,,,,,,,,,,,,,,,,,,,,,,,,,,,,,,,,,,,,,,,,,,,,,,,,,,,,,
"Campaign-Search-Feb 8, 2026 06:59 PM",,,,,,,,,,,Enabled,,Ad Group 1,2,Enabled,,reliable adiology phone number,exact,Enabled,,,,,,,,,,,,,,,,,,,,,,,,adiology.io,,,,,,,,,,,,,,,,,,,,,,,,,,,,,,,,,,,,,,,,,,,,,,,,,,,,,,,,,,,,,,,,,,,,,,,,,,,,,,,,,,,,,,,,,,,,,,,,,,,,,,,,,,,,,,,,,,,,,,,,,,,,,,,,,,,,,,,,,,,,,,,,,
"Campaign-Search-Feb 8, 2026 06:59 PM",,,,,,,,,,,Enabled,,Ad Group 1,2,Enabled,,adiology phone number quality,phrase,Enabled,,,,,,,,,,,,,,,,,,,,,,,,adiology.io,,,,,,,,,,,,,,,,,,,,,,,,,,,,,,,,,,,,,,,,,,,,,,,,,,,,,,,,,,,,,,,,,,,,,,,,,,,,,,,,,,,,,,,,,,,,,,,,,,,,,,,,,,,,,,,,,,,,,,,,,,,,,,,,,,,,,,,,,,,,,,,,,
"Campaign-Search-Feb 8, 2026 06:59 PM",,,,,,,,,,,Enabled,,Ad Group 1,2,Enabled,,adiology phone number independent,phrase,Enabled,,,,,,,,,,,,,,,,,,,,,,,,adiology.io,,,,,,,,,,,,,,,,,,,,,,,,,,,,,,,,,,,,,,,,,,,,,,,,,,,,,,,,,,,,,,,,,,,,,,,,,,,,,,,,,,,,,,,,,,,,,,,,,,,,,,,,,,,,,,,,,,,,,,,,,,,,,,,,,,,,,,,,,,,,,,,,,
"Campaign-Search-Feb 8, 2026 06:59 PM",,,,,,,,,,,Enabled,,Ad Group 1,2,Enabled,,adiology phone number for commercial,phrase,Enabled,,,,,,,,,,,,,,,,,,,,,,,,adiology.io,,,,,,,,,,,,,,,,,,,,,,,,,,,,,,,,,,,,,,,,,,,,,,,,,,,,,,,,,,,,,,,,,,,,,,,,,,,,,,,,,,,,,,,,,,,,,,,,,,,,,,,,,,,,,,,,,,,,,,,,,,,,,,,,,,,,,,,,,,,,,,,,,
"Campaign-Search-Feb 8, 2026 06:59 PM",,,,,,,,,,,Enabled,,Ad Group 1,2,Enabled,,is adiology phone number worth it,exact,Enabled,,,,,,,,,,,,,,,,,,,,,,,,adiology.io,,,,,,,,,,,,,,,,,,,,,,,,,,,,,,,,,,,,,,,,,,,,,,,,,,,,,,,,,,,,,,,,,,,,,,,,,,,,,,,,,,,,,,,,,,,,,,,,,,,,,,,,,,,,,,,,,,,,,,,,,,,,,,,,,,,,,,,,,,,,,,,,,
"Campaign-Search-Feb 8, 2026 06:59 PM",,,,,,,,,,,Enabled,,Ad Group 1,2,Enabled,,dependable adiology - google campaign builder,broad,Enabled,,,,,,,,,,,,,,,,,,,,,,,,adiology.io,,,,,,,,,,,,,,,,,,,,,,,,,,,,,,,,,,,,,,,,,,,,,,,,,,,,,,,,,,,,,,,,,,,,,,,,,,,,,,,,,,,,,,,,,,,,,,,,,,,,,,,,,,,,,,,,,,,,,,,,,,,,,,,,,,,,,,,,,,,,,,,,,
"Campaign-Search-Feb 8, 2026 06:59 PM",,,,,,,,,,,Enabled,,Ad Group 1,2,Enabled,,adiology - google campaign builder reputable,exact,Enabled,,,,,,,,,,,,,,,,,,,,,,,,adiology.io,,,,,,,,,,,,,,,,,,,,,,,,,,,,,,,,,,,,,,,,,,,,,,,,,,,,,,,,,,,,,,,,,,,,,,,,,,,,,,,,,,,,,,,,,,,,,,,,,,,,,,,,,,,,,,,,,,,,,,,,,,,,,,,,,,,,,,,,,,,,,,,,,
"Campaign-Search-Feb 8, 2026 06:59 PM",,,,,,,,,,,Enabled,,Ad Group 1,2,Enabled,,thorough adiology phone number,broad,Enabled,,,,,,,,,,,,,,,,,,,,,,,,adiology.io,,,,,,,,,,,,,,,,,,,,,,,,,,,,,,,,,,,,,,,,,,,,,,,,,,,,,,,,,,,,,,,,,,,,,,,,,,,,,,,,,,,,,,,,,,,,,,,,,,,,,,,,,,,,,,,,,,,,,,,,,,,,,,,,,,,,,,,,,,,,,,,,,
"Campaign-Search-Feb 8, 2026 06:59 PM",,,,,,,,,,,Enabled,,Ad Group 1,2,Enabled,,affordable adiology phone number near me,broad,Enabled,,,,,,,,,,,,,,,,,,,,,,,,adiology.io,,,,,,,,,,,,,,,,,,,,,,,,,,,,,,,,,,,,,,,,,,,,,,,,,,,,,,,,,,,,,,,,,,,,,,,,,,,,,,,,,,,,,,,,,,,,,,,,,,,,,,,,,,,,,,,,,,,,,,,,,,,,,,,,,,,,,,,,,,,,,,,,,
"Campaign-Search-Feb 8, 2026 06:59 PM",,,,,,,,,,,Enabled,,Ad Group 1,2,Enabled,,certified adiology phone number nearby,broad,Enabled,,,,,,,,,,,,,,,,,,,,,,,,adiology.io,,,,,,,,,,,,,,,,,,,,,,,,,,,,,,,,,,,,,,,,,,,,,,,,,,,,,,,,,,,,,,,,,,,,,,,,,,,,,,,,,,,,,,,,,,,,,,,,,,,,,,,,,,,,,,,,,,,,,,,,,,,,,,,,,,,,,,,,,,,,,,,,,
"Campaign-Search-Feb 8, 2026 06:59 PM",,,,,,,,,,,Enabled,,Ad Group 1,2,Enabled,,buy a adiology phone number,phrase,Enabled,,,,,,,,,,,,,,,,,,,,,,,,adiology.io,,,,,,,,,,,,,,,,,,,,,,,,,,,,,,,,,,,,,,,,,,,,,,,,,,,,,,,,,,,,,,,,,,,,,,,,,,,,,,,,,,,,,,,,,,,,,,,,,,,,,,,,,,,,,,,,,,,,,,,,,,,,,,,,,,,,,,,,,,,,,,,,,
"Campaign-Search-Feb 8, 2026 06:59 PM",,,,,,,,,,,Enabled,,Ad Group 1,2,Enabled,,trained adiology phone number,broad,Enabled,,,,,,,,,,,,,,,,,,,,,,,,adiology.io,,,,,,,,,,,,,,,,,,,,,,,,,,,,,,,,,,,,,,,,,,,,,,,,,,,,,,,,,,,,,,,,,,,,,,,,,,,,,,,,,,,,,,,,,,,,,,,,,,,,,,,,,,,,,,,,,,,,,,,,,,,,,,,,,,,,,,,,,,,,,,,,,
"Campaign-Search-Feb 8, 2026 06:59 PM",,,,,,,,,,,Enabled,,Ad Group 1,2,Enabled,,adiology - google campaign builder residential,broad,Enabled,,,,,,,,,,,,,,,,,,,,,,,,adiology.io,,,,,,,,,,,,,,,,,,,,,,,,,,,,,,,,,,,,,,,,,,,,,,,,,,,,,,,,,,,,,,,,,,,,,,,,,,,,,,,,,,,,,,,,,,,,,,,,,,,,,,,,,,,,,,,,,,,,,,,,,,,,,,,,,,,,,,,,,,,,,,,,,
"Campaign-Search-Feb 8, 2026 06:59 PM",,,,,,,,,,,Enabled,,Ad Group 1,2,Enabled,,reputable adiology - google campaign builder,broad,Enabled,,,,,,,,,,,,,,,,,,,,,,,,adiology.io,,,,,,,,,,,,,,,,,,,,,,,,,,,,,,,,,,,,,,,,,,,,,,,,,,,,,,,,,,,,,,,,,,,,,,,,,,,,,,,,,,,,,,,,,,,,,,,,,,,,,,,,,,,,,,,,,,,,,,,,,,,,,,,,,,,,,,,,,,,,,,,,,
"Campaign-Search-Feb 8, 2026 06:59 PM",,,,,,,,,,,Enabled,,Ad Group 1,2,Enabled,,adiology phone number for me,exact,Enabled,,,,,,,,,,,,,,,,,,,,,,,,adiology.io,,,,,,,,,,,,,,,,,,,,,,,,,,,,,,,,,,,,,,,,,,,,,,,,,,,,,,,,,,,,,,,,,,,,,,,,,,,,,,,,,,,,,,,,,,,,,,,,,,,,,,,,,,,,,,,,,,,,,,,,,,,,,,,,,,,,,,,,,,,,,,,,,
"Campaign-Search-Feb 8, 2026 06:59 PM",,,,,,,,,,,Enabled,,Ad Group 1,2,Enabled,,choose adiology phone number,exact,Enabled,,,,,,,,,,,,,,,,,,,,,,,,adiology.io,,,,,,,,,,,,,,,,,,,,,,,,,,,,,,,,,,,,,,,,,,,,,,,,,,,,,,,,,,,,,,,,,,,,,,,,,,,,,,,,,,,,,,,,,,,,,,,,,,,,,,,,,,,,,,,,,,,,,,,,,,,,,,,,,,,,,,,,,,,,,,,,,
"Campaign-Search-Feb 8, 2026 06:59 PM",,,,,,,,,,,Enabled,,Ad Group 1,2,Enabled,,adiology phone number rapid,exact,Enabled,,,,,,,,,,,,,,,,,,,,,,,,adiology.io,,,,,,,,,,,,,,,,,,,,,,,,,,,,,,,,,,,,,,,,,,,,,,,,,,,,,,,,,,,,,,,,,,,,,,,,,,,,,,,,,,,,,,,,,,,,,,,,,,,,,,,,,,,,,,,,,,,,,,,,,,,,,,,,,,,,,,,,,,,,,,,,,
"Campaign-Search-Feb 8, 2026 06:59 PM",,,,,,,,,,,Enabled,,Ad Group 1,2,Enabled,,qualified adiology - google campaign builder,exact,Enabled,,,,,,,,,,,,,,,,,,,,,,,,adiology.io,,,,,,,,,,,,,,,,,,,,,,,,,,,,,,,,,,,,,,,,,,,,,,,,,,,,,,,,,,,,,,,,,,,,,,,,,,,,,,,,,,,,,,,,,,,,,,,,,,,,,,,,,,,,,,,,,,,,,,,,,,,,,,,,,,,,,,,,,,,,,,,,,
"Campaign-Search-Feb 8, 2026 06:59 PM",,,,,,,,,,,Enabled,,Ad Group 1,2,Enabled,,recommend adiology phone number,broad,Enabled,,,,,,,,,,,,,,,,,,,,,,,,adiology.io,,,,,,,,,,,,,,,,,,,,,,,,,,,,,,,,,,,,,,,,,,,,,,,,,,,,,,,,,,,,,,,,,,,,,,,,,,,,,,,,,,,,,,,,,,,,,,,,,,,,,,,,,,,,,,,,,,,,,,,,,,,,,,,,,,,,,,,,,,,,,,,,,
"Campaign-Search-Feb 8, 2026 06:59 PM",,,,,,,,,,,Enabled,,Ad Group 1,2,Enabled,,adiology - google campaign builder premier,broad,Enabled,,,,,,,,,,,,,,,,,,,,,,,,adiology.io,,,,,,,,,,,,,,,,,,,,,,,,,,,,,,,,,,,,,,,,,,,,,,,,,,,,,,,,,,,,,,,,,,,,,,,,,,,,,,,,,,,,,,,,,,,,,,,,,,,,,,,,,,,,,,,,,,,,,,,,,,,,,,,,,,,,,,,,,,,,,,,,,
"Campaign-Search-Feb 8, 2026 06:59 PM",,,,,,,,,,,Enabled,,Ad Group 1,2,Enabled,,adiology contact rapid,phrase,Enabled,,,,,,,,,,,,,,,,,,,,,,,,adiology.io,,,,,,,,,,,,,,,,,,,,,,,,,,,,,,,,,,,,,,,,,,,,,,,,,,,,,,,,,,,,,,,,,,,,,,,,,,,,,,,,,,,,,,,,,,,,,,,,,,,,,,,,,,,,,,,,,,,,,,,,,,,,,,,,,,,,,,,,,,,,,,,,,
"Campaign-Search-Feb 8, 2026 06:59 PM",,,,,,,,,,,Enabled,,Ad Group 1,2,Enabled,,adiology - google campaign builder close,phrase,Enabled,,,,,,,,,,,,,,,,,,,,,,,,adiology.io,,,,,,,,,,,,,,,,,,,,,,,,,,,,,,,,,,,,,,,,,,,,,,,,,,,,,,,,,,,,,,,,,,,,,,,,,,,,,,,,,,,,,,,,,,,,,,,,,,,,,,,,,,,,,,,,,,,,,,,,,,,,,,,,,,,,,,,,,,,,,,,,,
"Campaign-Search-Feb 8, 2026 06:59 PM",,,,,,,,,,,Enabled,,Ad Group 1,2,Enabled,,adiology phone number get,broad,Enabled,,,,,,,,,,,,,,,,,,,,,,,,adiology.io,,,,,,,,,,,,,,,,,,,,,,,,,,,,,,,,,,,,,,,,,,,,,,,,,,,,,,,,,,,,,,,,,,,,,,,,,,,,,,,,,,,,,,,,,,,,,,,,,,,,,,,,,,,,,,,,,,,,,,,,,,,,,,,,,,,,,,,,,,,,,,,,,
"Campaign-Search-Feb 8, 2026 06:59 PM",,,,,,,,,,,Enabled,,Ad Group 1,2,Enabled,,honest adiology phone number,exact,Enabled,,,,,,,,,,,,,,,,,,,,,,,,adiology.io,,,,,,,,,,,,,,,,,,,,,,,,,,,,,,,,,,,,,,,,,,,,,,,,,,,,,,,,,,,,,,,,,,,,,,,,,,,,,,,,,,,,,,,,,,,,,,,,,,,,,,,,,,,,,,,,,,,,,,,,,,,,,,,,,,,,,,,,,,,,,,,,,
"Campaign-Search-Feb 8, 2026 06:59 PM",,,,,,,,,,,Enabled,,Ad Group 1,2,Enabled,,top adiology - google campaign builder,broad,Enabled,,,,,,,,,,,,,,,,,,,,,,,,adiology.io,,,,,,,,,,,,,,,,,,,,,,,,,,,,,,,,,,,,,,,,,,,,,,,,,,,,,,,,,,,,,,,,,,,,,,,,,,,,,,,,,,,,,,,,,,,,,,,,,,,,,,,,,,,,,,,,,,,,,,,,,,,,,,,,,,,,,,,,,,,,,,,,,
"Campaign-Search-Feb 8, 2026 06:59 PM",,,,,,,,,,,Enabled,,Ad Group 1,2,Enabled,,close adiology - google campaign builder,broad,Enabled,,,,,,,,,,,,,,,,,,,,,,,,adiology.io,,,,,,,,,,,,,,,,,,,,,,,,,,,,,,,,,,,,,,,,,,,,,,,,,,,,,,,,,,,,,,,,,,,,,,,,,,,,,,,,,,,,,,,,,,,,,,,,,,,,,,,,,,,,,,,,,,,,,,,,,,,,,,,,,,,,,,,,,,,,,,,,,
"Campaign-Search-Feb 8, 2026 06:59 PM",,,,,,,,,,,Enabled,,Ad Group 1,2,Enabled,,adiology phone number for small business,broad,Enabled,,,,,,,,,,,,,,,,,,,,,,,,adiology.io,,,,,,,,,,,,,,,,,,,,,,,,,,,,,,,,,,,,,,,,,,,,,,,,,,,,,,,,,,,,,,,,,,,,,,,,,,,,,,,,,,,,,,,,,,,,,,,,,,,,,,,,,,,,,,,,,,,,,,,,,,,,,,,,,,,,,,,,,,,,,,,,,
"Campaign-Search-Feb 8, 2026 06:59 PM",,,,,,,,,,,Enabled,,Ad Group 1,2,Enabled,,adiology - google campaign builder economical,broad,Enabled,,,,,,,,,,,,,,,,,,,,,,,,adiology.io,,,,,,,,,,,,,,,,,,,,,,,,,,,,,,,,,,,,,,,,,,,,,,,,,,,,,,,,,,,,,,,,,,,,,,,,,,,,,,,,,,,,,,,,,,,,,,,,,,,,,,,,,,,,,,,,,,,,,,,,,,,,,,,,,,,,,,,,,,,,,,,,,
"Campaign-Search-Feb 8, 2026 06:59 PM",,,,,,,,,,,Enabled,,Ad Group 1,2,Enabled,,contact adiology - google campaign builder,exact,Enabled,,,,,,,,,,,,,,,,,,,,,,,,adiology.io,,,,,,,,,,,,,,,,,,,,,,,,,,,,,,,,,,,,,,,,,,,,,,,,,,,,,,,,,,,,,,,,,,,,,,,,,,,,,,,,,,,,,,,,,,,,,,,,,,,,,,,,,,,,,,,,,,,,,,,,,,,,,,,,,,,,,,,,,,,,,,,,,
"Campaign-Search-Feb 8, 2026 06:59 PM",,,,,,,,,,,Enabled,,Ad Group 1,2,Enabled,,adiology services support,phrase,Enabled,,,,,,,,,,,,,,,,,,,,,,,,adiology.io,,,,,,,,,,,,,,,,,,,,,,,,,,,,,,,,,,,,,,,,,,,,,,,,,,,,,,,,,,,,,,,,,,,,,,,,,,,,,,,,,,,,,,,,,,,,,,,,,,,,,,,,,,,,,,,,,,,,,,,,,,,,,,,,,,,,,,,,,,,,,,,,,
"Campaign-Search-Feb 8, 2026 06:59 PM",,,,,,,,,,,Enabled,,Ad Group 1,2,Enabled,,fair adiology phone number,phrase,Enabled,,,,,,,,,,,,,,,,,,,,,,,,adiology.io,,,,,,,,,,,,,,,,,,,,,,,,,,,,,,,,,,,,,,,,,,,,,,,,,,,,,,,,,,,,,,,,,,,,,,,,,,,,,,,,,,,,,,,,,,,,,,,,,,,,,,,,,,,,,,,,,,,,,,,,,,,,,,,,,,,,,,,,,,,,,,,,,
"Campaign-Search-Feb 8, 2026 06:59 PM",,,,,,,,,,,Enabled,,Ad Group 1,2,Enabled,,local adiology - google campaign builder,phrase,Enabled,,,,,,,,,,,,,,,,,,,,,,,,adiology.io,,,,,,,,,,,,,,,,,,,,,,,,,,,,,,,,,,,,,,,,,,,,,,,,,,,,,,,,,,,,,,,,,,,,,,,,,,,,,,,,,,,,,,,,,,,,,,,,,,,,,,,,,,,,,,,,,,,,,,,,,,,,,,,,,,,,,,,,,,,,,,,,,
"Campaign-Search-Feb 8, 2026 06:59 PM",,,,,,,,,,,Enabled,,Ad Group 1,2,Enabled,,adiology phone number for small business,exact,Enabled,,,,,,,,,,,,,,,,,,,,,,,,adiology.io,,,,,,,,,,,,,,,,,,,,,,,,,,,,,,,,,,,,,,,,,,,,,,,,,,,,,,,,,,,,,,,,,,,,,,,,,,,,,,,,,,,,,,,,,,,,,,,,,,,,,,,,,,,,,,,,,,,,,,,,,,,,,,,,,,,,,,,,,,,,,,,,,
"Campaign-Search-Feb 8, 2026 06:59 PM",,,,,,,,,,,Enabled,,Ad Group 1,2,Enabled,,trusted adiology phone number nearby,exact,Enabled,,,,,,,,,,,,,,,,,,,,,,,,adiology.io,,,,,,,,,,,,,,,,,,,,,,,,,,,,,,,,,,,,,,,,,,,,,,,,,,,,,,,,,,,,,,,,,,,,,,,,,,,,,,,,,,,,,,,,,,,,,,,,,,,,,,,,,,,,,,,,,,,,,,,,,,,,,,,,,,,,,,,,,,,,,,,,,
"Campaign-Search-Feb 8, 2026 06:59 PM",,,,,,,,,,,Enabled,,Ad Group 1,2,Enabled,,quick adiology phone number,broad,Enabled,,,,,,,,,,,,,,,,,,,,,,,,adiology.io,,,,,,,,,,,,,,,,,,,,,,,,,,,,,,,,,,,,,,,,,,,,,,,,,,,,,,,,,,,,,,,,,,,,,,,,,,,,,,,,,,,,,,,,,,,,,,,,,,,,,,,,,,,,,,,,,,,,,,,,,,,,,,,,,,,,,,,,,,,,,,,,,
"Campaign-Search-Feb 8, 2026 06:59 PM",,,,,,,,,,,Enabled,,Ad Group 1,2,Enabled,,adiology - google campaign builder quality,exact,Enabled,,,,,,,,,,,,,,,,,,,,,,,,adiology.io,,,,,,,,,,,,,,,,,,,,,,,,,,,,,,,,,,,,,,,,,,,,,,,,,,,,,,,,,,,,,,,,,,,,,,,,,,,,,,,,,,,,,,,,,,,,,,,,,,,,,,,,,,,,,,,,,,,,,,,,,,,,,,,,,,,,,,,,,,,,,,,,,
"Campaign-Search-Feb 8, 2026 06:59 PM",,,,,,,,,,,Enabled,,Ad Group 1,2,Enabled,,choose adiology - google campaign builder,broad,Enabled,,,,,,,,,,,,,,,,,,,,,,,,adiology.io,,,,,,,,,,,,,,,,,,,,,,,,,,,,,,,,,,,,,,,,,,,,,,,,,,,,,,,,,,,,,,,,,,,,,,,,,,,,,,,,,,,,,,,,,,,,,,,,,,,,,,,,,,,,,,,,,,,,,,,,,,,,,,,,,,,,,,,,,,,,,,,,,
"Campaign-Search-Feb 8, 2026 06:59 PM",,,,,,,,,,,Enabled,,Ad Group 1,2,Enabled,,professional adiology phone number near me,phrase,Enabled,,,,,,,,,,,,,,,,,,,,,,,,adiology.io,,,,,,,,,,,,,,,,,,,,,,,,,,,,,,,,,,,,,,,,,,,,,,,,,,,,,,,,,,,,,,,,,,,,,,,,,,,,,,,,,,,,,,,,,,,,,,,,,,,,,,,,,,,,,,,,,,,,,,,,,,,,,,,,,,,,,,,,,,,,,,,,,
"Campaign-Search-Feb 8, 2026 06:59 PM",,,,,,,,,,,Enabled,,Ad Group 1,2,Enabled,,review a adiology phone number,phrase,Enabled,,,,,,,,,,,,,,,,,,,,,,,,adiology.io,,,,,,,,,,,,,,,,,,,,,,,,,,,,,,,,,,,,,,,,,,,,,,,,,,,,,,,,,,,,,,,,,,,,,,,,,,,,,,,,,,,,,,,,,,,,,,,,,,,,,,,,,,,,,,,,,,,,,,,,,,,,,,,,,,,,,,,,,,,,,,,,,
"Campaign-Search-Feb 8, 2026 06:59 PM",,,,,,,,,,,Enabled,,Ad Group 1,2,Enabled,,call adiology - google campaign builder,exact,Enabled,,,,,,,,,,,,,,,,,,,,,,,,adiology.io,,,,,,,,,,,,,,,,,,,,,,,,,,,,,,,,,,,,,,,,,,,,,,,,,,,,,,,,,,,,,,,,,,,,,,,,,,,,,,,,,,,,,,,,,,,,,,,,,,,,,,,,,,,,,,,,,,,,,,,,,,,,,,,,,,,,,,,,,,,,,,,,,
"Campaign-Search-Feb 8, 2026 06:59 PM",,,,,,,,,,,Enabled,,Ad Group 2,2,Enabled,,adiology contact morning,phrase,Enabled,,,,,,,,,,,,,,,,,,,,,,,,adiology.io,,,,,,,,,,,,,,,,,,,,,,,,,,,,,,,,,,,,,,,,,,,,,,,,,,,,,,,,,,,,,,,,,,,,,,,,,,,,,,,,,,,,,,,,,,,,,,,,,,,,,,,,,,,,,,,,,,,,,,,,,,,,,,,,,,,,,,,,,,,,,,,,,
"Campaign-Search-Feb 8, 2026 06:59 PM",,,,,,,,,,,Enabled,,Ad Group 2,2,Enabled,,adiology - google campaign builder help,exact,Enabled,,,,,,,,,,,,,,,,,,,,,,,,adiology.io,,,,,,,,,,,,,,,,,,,,,,,,,,,,,,,,,,,,,,,,,,,,,,,,,,,,,,,,,,,,,,,,,,,,,,,,,,,,,,,,,,,,,,,,,,,,,,,,,,,,,,,,,,,,,,,,,,,,,,,,,,,,,,,,,,,,,,,,,,,,,,,,,
"Campaign-Search-Feb 8, 2026 06:59 PM",,,,,,,,,,,Enabled,,Ad Group 2,2,Enabled,,detailed adiology phone number,exact,Enabled,,,,,,,,,,,,,,,,,,,,,,,,adiology.io,,,,,,,,,,,,,,,,,,,,,,,,,,,,,,,,,,,,,,,,,,,,,,,,,,,,,,,,,,,,,,,,,,,,,,,,,,,,,,,,,,,,,,,,,,,,,,,,,,,,,,,,,,,,,,,,,,,,,,,,,,,,,,,,,,,,,,,,,,,,,,,,,
"Campaign-Search-Feb 8, 2026 06:59 PM",,,,,,,,,,,Enabled,,Ad Group 2,2,Enabled,,friendly adiology phone number,broad,Enabled,,,,,,,,,,,,,,,,,,,,,,,,adiology.io,,,,,,,,,,,,,,,,,,,,,,,,,,,,,,,,,,,,,,,,,,,,,,,,,,,,,,,,,,,,,,,,,,,,,,,,,,,,,,,,,,,,,,,,,,,,,,,,,,,,,,,,,,,,,,,,,,,,,,,,,,,,,,,,,,,,,,,,,,,,,,,,,
"Campaign-Search-Feb 8, 2026 06:59 PM",,,,,,,,,,,Enabled,,Ad Group 2,2,Enabled,,looking for a adiology phone number,exact,Enabled,,,,,,,,,,,,,,,,,,,,,,,,adiology.io,,,,,,,,,,,,,,,,,,,,,,,,,,,,,,,,,,,,,,,,,,,,,,,,,,,,,,,,,,,,,,,,,,,,,,,,,,,,,,,,,,,,,,,,,,,,,,,,,,,,,,,,,,,,,,,,,,,,,,,,,,,,,,,,,,,,,,,,,,,,,,,,,
"Campaign-Search-Feb 8, 2026 06:59 PM",,,,,,,,,,,Enabled,,Ad Group 2,2,Enabled,,why hire adiology phone number,broad,Enabled,,,,,,,,,,,,,,,,,,,,,,,,adiology.io,,,,,,,,,,,,,,,,,,,,,,,,,,,,,,,,,,,,,,,,,,,,,,,,,,,,,,,,,,,,,,,,,,,,,,,,,,,,,,,,,,,,,,,,,,,,,,,,,,,,,,,,,,,,,,,,,,,,,,,,,,,,,,,,,,,,,,,,,,,,,,,,,
"Campaign-Search-Feb 8, 2026 06:59 PM",,,,,,,,,,,Enabled,,Ad Group 2,2,Enabled,,when to hire adiology phone number,phrase,Enabled,,,,,,,,,,,,,,,,,,,,,,,,adiology.io,,,,,,,,,,,,,,,,,,,,,,,,,,,,,,,,,,,,,,,,,,,,,,,,,,,,,,,,,,,,,,,,,,,,,,,,,,,,,,,,,,,,,,,,,,,,,,,,,,,,,,,,,,,,,,,,,,,,,,,,,,,,,,,,,,,,,,,,,,,,,,,,,
"Campaign-Search-Feb 8, 2026 06:59 PM",,,,,,,,,,,Enabled,,Ad Group 2,2,Enabled,,adiology phone number small business,phrase,Enabled,,,,,,,,,,,,,,,,,,,,,,,,adiology.io,,,,,,,,,,,,,,,,,,,,,,,,,,,,,,,,,,,,,,,,,,,,,,,,,,,,,,,,,,,,,,,,,,,,,,,,,,,,,,,,,,,,,,,,,,,,,,,,,,,,,,,,,,,,,,,,,,,,,,,,,,,,,,,,,,,,,,,,,,,,,,,,,
"Campaign-Search-Feb 8, 2026 06:59 PM",,,,,,,,,,,Enabled,,Ad Group 2,2,Enabled,,adiology contact morning,exact,Enabled,,,,,,,,,,,,,,,,,,,,,,,,adiology.io,,,,,,,,,,,,,,,,,,,,,,,,,,,,,,,,,,,,,,,,,,,,,,,,,,,,,,,,,,,,,,,,,,,,,,,,,,,,,,,,,,,,,,,,,,,,,,,,,,,,,,,,,,,,,,,,,,,,,,,,,,,,,,,,,,,,,,,,,,,,,,,,,
"Campaign-Search-Feb 8, 2026 06:59 PM",,,,,,,,,,,Enabled,,Ad Group 2,2,Enabled,,transparent adiology - google campaign builder,phrase,Enabled,,,,,,,,,,,,,,,,,,,,,,,,adiology.io,,,,,,,,,,,,,,,,,,,,,,,,,,,,,,,,,,,,,,,,,,,,,,,,,,,,,,,,,,,,,,,,,,,,,,,,,,,,,,,,,,,,,,,,,,,,,,,,,,,,,,,,,,,,,,,,,,,,,,,,,,,,,,,,,,,,,,,,,,,,,,,,,
"Campaign-Search-Feb 8, 2026 06:59 PM",,,,,,,,,,,Enabled,,Ad Group 2,2,Enabled,,budget adiology phone number,broad,Enabled,,,,,,,,,,,,,,,,,,,,,,,,adiology.io,,,,,,,,,,,,,,,,,,,,,,,,,,,,,,,,,,,,,,,,,,,,,,,,,,,,,,,,,,,,,,,,,,,,,,,,,,,,,,,,,,,,,,,,,,,,,,,,,,,,,,,,,,,,,,,,,,,,,,,,,,,,,,,,,,,,,,,,,,,,,,,,,
"Campaign-Search-Feb 8, 2026 06:59 PM",,,,,,,,,,,Enabled,,Ad Group 2,2,Enabled,,adiology contact premium,broad,Enabled,,,,,,,,,,,,,,,,,,,,,,,,adiology.io,,,,,,,,,,,,,,,,,,,,,,,,,,,,,,,,,,,,,,,,,,,,,,,,,,,,,,,,,,,,,,,,,,,,,,,,,,,,,,,,,,,,,,,,,,,,,,,,,,,,,,,,,,,,,,,,,,,,,,,,,,,,,,,,,,,,,,,,,,,,,,,,,
"Campaign-Search-Feb 8, 2026 06:59 PM",,,,,,,,,,,Enabled,,Ad Group 2,2,Enabled,,emergency adiology phone number nearby,exact,Enabled,,,,,,,,,,,,,,,,,,,,,,,,adiology.io,,,,,,,,,,,,,,,,,,,,,,,,,,,,,,,,,,,,,,,,,,,,,,,,,,,,,,,,,,,,,,,,,,,,,,,,,,,,,,,,,,,,,,,,,,,,,,,,,,,,,,,,,,,,,,,,,,,,,,,,,,,,,,,,,,,,,,,,,,,,,,,,,
"Campaign-Search-Feb 8, 2026 06:59 PM",,,,,,,,,,,Enabled,,Ad Group 2,2,Enabled,,adiology contact highest rated,phrase,Enabled,,,,,,,,,,,,,,,,,,,,,,,,adiology.io,,,,,,,,,,,,,,,,,,,,,,,,,,,,,,,,,,,,,,,,,,,,,,,,,,,,,,,,,,,,,,,,,,,,,,,,,,,,,,,,,,,,,,,,,,,,,,,,,,,,,,,,,,,,,,,,,,,,,,,,,,,,,,,,,,,,,,,,,,,,,,,,,
"Campaign-Search-Feb 8, 2026 06:59 PM",,,,,,,,,,,Enabled,,Ad Group 2,2,Enabled,,local adiology phone number nearby,exact,Enabled,,,,,,,,,,,,,,,,,,,,,,,,adiology.io,,,,,,,,,,,,,,,,,,,,,,,,,,,,,,,,,,,,,,,,,,,,,,,,,,,,,,,,,,,,,,,,,,,,,,,,,,,,,,,,,,,,,,,,,,,,,,,,,,,,,,,,,,,,,,,,,,,,,,,,,,,,,,,,,,,,,,,,,,,,,,,,,
"Campaign-Search-Feb 8, 2026 06:59 PM",,,,,,,,,,,Enabled,,Ad Group 2,2,Enabled,,adiology phone number close,exact,Enabled,,,,,,,,,,,,,,,,,,,,,,,,adiology.io,,,,,,,,,,,,,,,,,,,,,,,,,,,,,,,,,,,,,,,,,,,,,,,,,,,,,,,,,,,,,,,,,,,,,,,,,,,,,,,,,,,,,,,,,,,,,,,,,,,,,,,,,,,,,,,,,,,,,,,,,,,,,,,,,,,,,,,,,,,,,,,,,
"Campaign-Search-Feb 8, 2026 06:59 PM",,,,,,,,,,,Enabled,,Ad Group 2,2,Enabled,,premier adiology contact,phrase,Enabled,,,,,,,,,,,,,,,,,,,,,,,,adiology.io,,,,,,,,,,,,,,,,,,,,,,,,,,,,,,,,,,,,,,,,,,,,,,,,,,,,,,,,,,,,,,,,,,,,,,,,,,,,,,,,,,,,,,,,,,,,,,,,,,,,,,,,,,,,,,,,,,,,,,,,,,,,,,,,,,,,,,,,,,,,,,,,,
"Campaign-Search-Feb 8, 2026 06:59 PM",,,,,,,,,,,Enabled,,Ad Group 2,2,Enabled,,review adiology phone number,exact,Enabled,,,,,,,,,,,,,,,,,,,,,,,,adiology.io,,,,,,,,,,,,,,,,,,,,,,,,,,,,,,,,,,,,,,,,,,,,,,,,,,,,,,,,,,,,,,,,,,,,,,,,,,,,,,,,,,,,,,,,,,,,,,,,,,,,,,,,,,,,,,,,,,,,,,,,,,,,,,,,,,,,,,,,,,,,,,,,,
"Campaign-Search-Feb 8, 2026 06:59 PM",,,,,,,,,,,Enabled,,Ad Group 2,2,Enabled,,reliable adiology phone number,phrase,Enabled,,,,,,,,,,,,,,,,,,,,,,,,adiology.io,,,,,,,,,,,,,,,,,,,,,,,,,,,,,,,,,,,,,,,,,,,,,,,,,,,,,,,,,,,,,,,,,,,,,,,,,,,,,,,,,,,,,,,,,,,,,,,,,,,,,,,,,,,,,,,,,,,,,,,,,,,,,,,,,,,,,,,,,,,,,,,,,
"Campaign-Search-Feb 8, 2026 06:59 PM",,,,,,,,,,,Enabled,,Ad Group 2,2,Enabled,,call adiology phone number,exact,Enabled,,,,,,,,,,,,,,,,,,,,,,,,adiology.io,,,,,,,,,,,,,,,,,,,,,,,,,,,,,,,,,,,,,,,,,,,,,,,,,,,,,,,,,,,,,,,,,,,,,,,,,,,,,,,,,,,,,,,,,,,,,,,,,,,,,,,,,,,,,,,,,,,,,,,,,,,,,,,,,,,,,,,,,,,,,,,,,
"Campaign-Search-Feb 8, 2026 06:59 PM",,,,,,,,,,,Enabled,,Ad Group 2,2,Enabled,,adiology phone number or,phrase,Enabled,,,,,,,,,,,,,,,,,,,,,,,,adiology.io,,,,,,,,,,,,,,,,,,,,,,,,,,,,,,,,,,,,,,,,,,,,,,,,,,,,,,,,,,,,,,,,,,,,,,,,,,,,,,,,,,,,,,,,,,,,,,,,,,,,,,,,,,,,,,,,,,,,,,,,,,,,,,,,,,,,,,,,,,,,,,,,,
"Campaign-Search-Feb 8, 2026 06:59 PM",,,,,,,,,,,Enabled,,Ad Group 2,2,Enabled,,review adiology phone number,broad,Enabled,,,,,,,,,,,,,,,,,,,,,,,,adiology.io,,,,,,,,,,,,,,,,,,,,,,,,,,,,,,,,,,,,,,,,,,,,,,,,,,,,,,,,,,,,,,,,,,,,,,,,,,,,,,,,,,,,,,,,,,,,,,,,,,,,,,,,,,,,,,,,,,,,,,,,,,,,,,,,,,,,,,,,,,,,,,,,,
"Campaign-Search-Feb 8, 2026 06:59 PM",,,,,,,,,,,Enabled,,Ad Group 2,2,Enabled,,budget adiology - google campaign builder,phrase,Enabled,,,,,,,,,,,,,,,,,,,,,,,,adiology.io,,,,,,,,,,,,,,,,,,,,,,,,,,,,,,,,,,,,,,,,,,,,,,,,,,,,,,,,,,,,,,,,,,,,,,,,,,,,,,,,,,,,,,,,,,,,,,,,,,,,,,,,,,,,,,,,,,,,,,,,,,,,,,,,,,,,,,,,,,,,,,,,,
"Campaign-Search-Feb 8, 2026 06:59 PM",,,,,,,,,,,Enabled,,Ad Group 2,2,Enabled,,thorough adiology phone number,exact,Enabled,,,,,,,,,,,,,,,,,,,,,,,,adiology.io,,,,,,,,,,,,,,,,,,,,,,,,,,,,,,,,,,,,,,,,,,,,,,,,,,,,,,,,,,,,,,,,,,,,,,,,,,,,,,,,,,,,,,,,,,,,,,,,,,,,,,,,,,,,,,,,,,,,,,,,,,,,,,,,,,,,,,,,,,,,,,,,,
"Campaign-Search-Feb 8, 2026 06:59 PM",,,,,,,,,,,Enabled,,Ad Group 2,2,Enabled,,friendly adiology - google campaign builder,phrase,Enabled,,,,,,,,,,,,,,,,,,,,,,,,adiology.io,,,,,,,,,,,,,,,,,,,,,,,,,,,,,,,,,,,,,,,,,,,,,,,,,,,,,,,,,,,,,,,,,,,,,,,,,,,,,,,,,,,,,,,,,,,,,,,,,,,,,,,,,,,,,,,,,,,,,,,,,,,,,,,,,,,,,,,,,,,,,,,,,
"Campaign-Search-Feb 8, 2026 06:59 PM",,,,,,,,,,,Enabled,,Ad Group 2,2,Enabled,,local adiology phone number for home,phrase,Enabled,,,,,,,,,,,,,,,,,,,,,,,,adiology.io,,,,,,,,,,,,,,,,,,,,,,,,,,,,,,,,,,,,,,,,,,,,,,,,,,,,,,,,,,,,,,,,,,,,,,,,,,,,,,,,,,,,,,,,,,,,,,,,,,,,,,,,,,,,,,,,,,,,,,,,,,,,,,,,,,,,,,,,,,,,,,,,,
"Campaign-Search-Feb 8, 2026 06:59 PM",,,,,,,,,,,Enabled,,Ad Group 2,2,Enabled,,adiology phone number premium,exact,Enabled,,,,,,,,,,,,,,,,,,,,,,,,adiology.io,,,,,,,,,,,,,,,,,,,,,,,,,,,,,,,,,,,,,,,,,,,,,,,,,,,,,,,,,,,,,,,,,,,,,,,,,,,,,,,,,,,,,,,,,,,,,,,,,,,,,,,,,,,,,,,,,,,,,,,,,,,,,,,,,,,,,,,,,,,,,,,,,
"Campaign-Search-Feb 8, 2026 06:59 PM",,,,,,,,,,,Enabled,,Ad Group 2,2,Enabled,,adiology contact today,broad,Enabled,,,,,,,,,,,,,,,,,,,,,,,,adiology.io,,,,,,,,,,,,,,,,,,,,,,,,,,,,,,,,,,,,,,,,,,,,,,,,,,,,,,,,,,,,,,,,,,,,,,,,,,,,,,,,,,,,,,,,,,,,,,,,,,,,,,,,,,,,,,,,,,,,,,,,,,,,,,,,,,,,,,,,,,,,,,,,,
"Campaign-Search-Feb 8, 2026 06:59 PM",,,,,,,,,,,Enabled,,Ad Group 2,2,Enabled,,independent adiology - google campaign builder,phrase,Enabled,,,,,,,,,,,,,,,,,,,,,,,,adiology.io,,,,,,,,,,,,,,,,,,,,,,,,,,,,,,,,,,,,,,,,,,,,,,,,,,,,,,,,,,,,,,,,,,,,,,,,,,,,,,,,,,,,,,,,,,,,,,,,,,,,,,,,,,,,,,,,,,,,,,,,,,,,,,,,,,,,,,,,,,,,,,,,,
"Campaign-Search-Feb 8, 2026 06:59 PM",,,,,,,,,,,Enabled,,Ad Group 2,2,Enabled,,adiology contact expert,broad,Enabled,,,,,,,,,,,,,,,,,,,,,,,,adiology.io,,,,,,,,,,,,,,,,,,,,,,,,,,,,,,,,,,,,,,,,,,,,,,,,,,,,,,,,,,,,,,,,,,,,,,,,,,,,,,,,,,,,,,,,,,,,,,,,,,,,,,,,,,,,,,,,,,,,,,,,,,,,,,,,,,,,,,,,,,,,,,,,,
"Campaign-Search-Feb 8, 2026 06:59 PM",,,,,,,,,,,Enabled,,Ad Group 2,2,Enabled,,emergency adiology phone number near me,phrase,Enabled,,,,,,,,,,,,,,,,,,,,,,,,adiology.io,,,,,,,,,,,,,,,,,,,,,,,,,,,,,,,,,,,,,,,,,,,,,,,,,,,,,,,,,,,,,,,,,,,,,,,,,,,,,,,,,,,,,,,,,,,,,,,,,,,,,,,,,,,,,,,,,,,,,,,,,,,,,,,,,,,,,,,,,,,,,,,,,
"Campaign-Search-Feb 8, 2026 06:59 PM",,,,,,,,,,,Enabled,,Ad Group 2,2,Enabled,,purchase adiology phone number,broad,Enabled,,,,,,,,,,,,,,,,,,,,,,,,adiology.io,,,,,,,,,,,,,,,,,,,,,,,,,,,,,,,,,,,,,,,,,,,,,,,,,,,,,,,,,,,,,,,,,,,,,,,,,,,,,,,,,,,,,,,,,,,,,,,,,,,,,,,,,,,,,,,,,,,,,,,,,,,,,,,,,,,,,,,,,,,,,,,,,
"Campaign-Search-Feb 8, 2026 06:59 PM",,,,,,,,,,,Enabled,,Ad Group 2,2,Enabled,,adiology phone number,exact,Enabled,,,,,,,,,,,,,,,,,,,,,,,,adiology.io,,,,,,,,,,,,,,,,,,,,,,,,,,,,,,,,,,,,,,,,,,,,,,,,,,,,,,,,,,,,,,,,,,,,,,,,,,,,,,,,,,,,,,,,,,,,,,,,,,,,,,,,,,,,,,,,,,,,,,,,,,,,,,,,,,,,,,,,,,,,,,,,,
"Campaign-Search-Feb 8, 2026 06:59 PM",,,,,,,,,,,Enabled,,Ad Group 2,2,Enabled,,adiology - google campaign builders,phrase,Enabled,,,,,,,,,,,,,,,,,,,,,,,,adiology.io,,,,,,,,,,,,,,,,,,,,,,,,,,,,,,,,,,,,,,,,,,,,,,,,,,,,,,,,,,,,,,,,,,,,,,,,,,,,,,,,,,,,,,,,,,,,,,,,,,,,,,,,,,,,,,,,,,,,,,,,,,,,,,,,,,,,,,,,,,,,,,,,,
"Campaign-Search-Feb 8, 2026 06:59 PM",,,,,,,,,,,Enabled,,Ad Group 2,2,Enabled,,adiology - google campaign builder value,exact,Enabled,,,,,,,,,,,,,,,,,,,,,,,,adiology.io,,,,,,,,,,,,,,,,,,,,,,,,,,,,,,,,,,,,,,,,,,,,,,,,,,,,,,,,,,,,,,,,,,,,,,,,,,,,,,,,,,,,,,,,,,,,,,,,,,,,,,,,,,,,,,,,,,,,,,,,,,,,,,,,,,,,,,,,,,,,,,,,,
"Campaign-Search-Feb 8, 2026 06:59 PM",,,,,,,,,,,Enabled,,Ad Group 2,2,Enabled,,efficient adiology - google campaign builder,phrase,Enabled,,,,,,,,,,,,,,,,,,,,,,,,adiology.io,,,,,,,,,,,,,,,,,,,,,,,,,,,,,,,,,,,,,,,,,,,,,,,,,,,,,,,,,,,,,,,,,,,,,,,,,,,,,,,,,,,,,,,,,,,,,,,,,,,,,,,,,,,,,,,,,,,,,,,,,,,,,,,,,,,,,,,,,,,,,,,,,
"Campaign-Search-Feb 8, 2026 06:59 PM",,,,,,,,,,,Enabled,,Ad Group 2,2,Enabled,,dependable adiology - google campaign builder,exact,Enabled,,,,,,,,,,,,,,,,,,,,,,,,adiology.io,,,,,,,,,,,,,,,,,,,,,,,,,,,,,,,,,,,,,,,,,,,,,,,,,,,,,,,,,,,,,,,,,,,,,,,,,,,,,,,,,,,,,,,,,,,,,,,,,,,,,,,,,,,,,,,,,,,,,,,,,,,,,,,,,,,,,,,,,,,,,,,,,
"Campaign-Search-Feb 8, 2026 06:59 PM",,,,,,,,,,,Enabled,,Ad Group 2,2,Enabled,,insured adiology phone number,broad,Enabled,,,,,,,,,,,,,,,,,,,,,,,,adiology.io,,,,,,,,,,,,,,,,,,,,,,,,,,,,,,,,,,,,,,,,,,,,,,,,,,,,,,,,,,,,,,,,,,,,,,,,,,,,,,,,,,,,,,,,,,,,,,,,,,,,,,,,,,,,,,,,,,,,,,,,,,,,,,,,,,,,,,,,,,,,,,,,,
"Campaign-Search-Feb 8, 2026 06:59 PM",,,,,,,,,,,Enabled,,Ad Group 2,2,Enabled,,schedule adiology - google campaign builder,phrase,Enabled,,,,,,,,,,,,,,,,,,,,,,,,adiology.io,,,,,,,,,,,,,,,,,,,,,,,,,,,,,,,,,,,,,,,,,,,,,,,,,,,,,,,,,,,,,,,,,,,,,,,,,,,,,,,,,,,,,,,,,,,,,,,,,,,,,,,,,,,,,,,,,,,,,,,,,,,,,,,,,,,,,,,,,,,,,,,,,
"Campaign-Search-Feb 8, 2026 06:59 PM",,,,,,,,,,,Enabled,,Ad Group 2,2,Enabled,,buy adiology phone number,broad,Enabled,,,,,,,,,,,,,,,,,,,,,,,,adiology.io,,,,,,,,,,,,,,,,,,,,,,,,,,,,,,,,,,,,,,,,,,,,,,,,,,,,,,,,,,,,,,,,,,,,,,,,,,,,,,,,,,,,,,,,,,,,,,,,,,,,,,,,,,,,,,,,,,,,,,,,,,,,,,,,,,,,,,,,,,,,,,,,,
"Campaign-Search-Feb 8, 2026 06:59 PM",,,,,,,,,,,Enabled,,Ad Group 2,2,Enabled,,why choose adiology phone number,phrase,Enabled,,,,,,,,,,,,,,,,,,,,,,,,adiology.io,,,,,,,,,,,,,,,,,,,,,,,,,,,,,,,,,,,,,,,,,,,,,,,,,,,,,,,,,,,,,,,,,,,,,,,,,,,,,,,,,,,,,,,,,,,,,,,,,,,,,,,,,,,,,,,,,,,,,,,,,,,,,,,,,,,,,,,,,,,,,,,,,
"Campaign-Search-Feb 8, 2026 06:59 PM",,,,,,,,,,,Enabled,,Ad Group 2,2,Enabled,,dependable adiology phone number,phrase,Enabled,,,,,,,,,,,,,,,,,,,,,,,,adiology.io,,,,,,,,,,,,,,,,,,,,,,,,,,,,,,,,,,,,,,,,,,,,,,,,,,,,,,,,,,,,,,,,,,,,,,,,,,,,,,,,,,,,,,,,,,,,,,,,,,,,,,,,,,,,,,,,,,,,,,,,,,,,,,,,,,,,,,,,,,,,,,,,,
"Campaign-Search-Feb 8, 2026 06:59 PM",,,,,,,,,,,Enabled,,Ad Group 2,2,Enabled,,experienced adiology phone number local,phrase,Enabled,,,,,,,,,,,,,,,,,,,,,,,,adiology.io,,,,,,,,,,,,,,,,,,,,,,,,,,,,,,,,,,,,,,,,,,,,,,,,,,,,,,,,,,,,,,,,,,,,,,,,,,,,,,,,,,,,,,,,,,,,,,,,,,,,,,,,,,,,,,,,,,,,,,,,,,,,,,,,,,,,,,,,,,,,,,,,,
"Campaign-Search-Feb 8, 2026 06:59 PM",,,,,,,,,,,Enabled,,Ad Group 2,2,Enabled,,hire a adiology phone number,phrase,Enabled,,,,,,,,,,,,,,,,,,,,,,,,adiology.io,,,,,,,,,,,,,,,,,,,,,,,,,,,,,,,,,,,,,,,,,,,,,,,,,,,,,,,,,,,,,,,,,,,,,,,,,,,,,,,,,,,,,,,,,,,,,,,,,,,,,,,,,,,,,,,,,,,,,,,,,,,,,,,,,,,,,,,,,,,,,,,,,
"Campaign-Search-Feb 8, 2026 06:59 PM",,,,,,,,,,,Enabled,,Ad Group 2,2,Enabled,,adiology - google campaign builder online,phrase,Enabled,,,,,,,,,,,,,,,,,,,,,,,,adiology.io,,,,,,,,,,,,,,,,,,,,,,,,,,,,,,,,,,,,,,,,,,,,,,,,,,,,,,,,,,,,,,,,,,,,,,,,,,,,,,,,,,,,,,,,,,,,,,,,,,,,,,,,,,,,,,,,,,,,,,,,,,,,,,,,,,,,,,,,,,,,,,,,,
"Campaign-Search-Feb 8, 2026 06:59 PM",,,,,,,,,,,Enabled,,Ad Group 2,2,Enabled,,adiology phone number,phrase,Enabled,,,,,,,,,,,,,,,,,,,,,,,,adiology.io,,,,,,,,,,,,,,,,,,,,,,,,,,,,,,,,,,,,,,,,,,,,,,,,,,,,,,,,,,,,,,,,,,,,,,,,,,,,,,,,,,,,,,,,,,,,,,,,,,,,,,,,,,,,,,,,,,,,,,,,,,,,,,,,,,,,,,,,,,,,,,,,,
"Campaign-Search-Feb 8, 2026 06:59 PM",,,,,,,,,,,Enabled,,Ad Group 2,2,Enabled,,adiology phone number around me,exact,Enabled,,,,,,,,,,,,,,,,,,,,,,,,adiology.io,,,,,,,,,,,,,,,,,,,,,,,,,,,,,,,,,,,,,,,,,,,,,,,,,,,,,,,,,,,,,,,,,,,,,,,,,,,,,,,,,,,,,,,,,,,,,,,,,,,,,,,,,,,,,,,,,,,,,,,,,,,,,,,,,,,,,,,,,,,,,,,,,
"Campaign-Search-Feb 8, 2026 06:59 PM",,,,,,,,,,,Enabled,,Ad Group 2,2,Enabled,,same day adiology phone number,broad,Enabled,,,,,,,,,,,,,,,,,,,,,,,,adiology.io,,,,,,,,,,,,,,,,,,,,,,,,,,,,,,,,,,,,,,,,,,,,,,,,,,,,,,,,,,,,,,,,,,,,,,,,,,,,,,,,,,,,,,,,,,,,,,,,,,,,,,,,,,,,,,,,,,,,,,,,,,,,,,,,,,,,,,,,,,,,,,,,,
"Campaign-Search-Feb 8, 2026 06:59 PM",,,,,,,,,,,Enabled,,Ad Group 2,2,Enabled,,adiology phone number reliable,phrase,Enabled,,,,,,,,,,,,,,,,,,,,,,,,adiology.io,,,,,,,,,,,,,,,,,,,,,,,,,,,,,,,,,,,,,,,,,,,,,,,,,,,,,,,,,,,,,,,,,,,,,,,,,,,,,,,,,,,,,,,,,,,,,,,,,,,,,,,,,,,,,,,,,,,,,,,,,,,,,,,,,,,,,,,,,,,,,,,,,
"Campaign-Search-Feb 8, 2026 06:59 PM",,,,,,,,,,,Enabled,,Ad Group 2,2,Enabled,,nearby adiology - google campaign builder,broad,Enabled,,,,,,,,,,,,,,,,,,,,,,,,adiology.io,,,,,,,,,,,,,,,,,,,,,,,,,,,,,,,,,,,,,,,,,,,,,,,,,,,,,,,,,,,,,,,,,,,,,,,,,,,,,,,,,,,,,,,,,,,,,,,,,,,,,,,,,,,,,,,,,,,,,,,,,,,,,,,,,,,,,,,,,,,,,,,,,
"Campaign-Search-Feb 8, 2026 06:59 PM",,,,,,,,,,,Enabled,,Ad Group 2,2,Enabled,,adiology contact top,exact,Enabled,,,,,,,,,,,,,,,,,,,,,,,,adiology.io,,,,,,,,,,,,,,,,,,,,,,,,,,,,,,,,,,,,,,,,,,,,,,,,,,,,,,,,,,,,,,,,,,,,,,,,,,,,,,,,,,,,,,,,,,,,,,,,,,,,,,,,,,,,,,,,,,,,,,,,,,,,,,,,,,,,,,,,,,,,,,,,,
"Campaign-Search-Feb 8, 2026 06:59 PM",,,,,,,,,,,Enabled,,Ad Group 2,2,Enabled,,transparent adiology phone number,broad,Enabled,,,,,,,,,,,,,,,,,,,,,,,,adiology.io,,,,,,,,,,,,,,,,,,,,,,,,,,,,,,,,,,,,,,,,,,,,,,,,,,,,,,,,,,,,,,,,,,,,,,,,,,,,,,,,,,,,,,,,,,,,,,,,,,,,,,,,,,,,,,,,,,,,,,,,,,,,,,,,,,,,,,,,,,,,,,,,,
"Campaign-Search-Feb 8, 2026 06:59 PM",,,,,,,,,,,Enabled,,Ad Group 2,2,Enabled,,experienced adiology phone number,broad,Enabled,,,,,,,,,,,,,,,,,,,,,,,,adiology.io,,,,,,,,,,,,,,,,,,,,,,,,,,,,,,,,,,,,,,,,,,,,,,,,,,,,,,,,,,,,,,,,,,,,,,,,,,,,,,,,,,,,,,,,,,,,,,,,,,,,,,,,,,,,,,,,,,,,,,,,,,,,,,,,,,,,,,,,,,,,,,,,,
"Campaign-Search-Feb 8, 2026 06:59 PM",,,,,,,,,,,Enabled,,Ad Group 2,2,Enabled,,top adiology - google campaign builder,phrase,Enabled,,,,,,,,,,,,,,,,,,,,,,,,adiology.io,,,,,,,,,,,,,,,,,,,,,,,,,,,,,,,,,,,,,,,,,,,,,,,,,,,,,,,,,,,,,,,,,,,,,,,,,,,,,,,,,,,,,,,,,,,,,,,,,,,,,,,,,,,,,,,,,,,,,,,,,,,,,,,,,,,,,,,,,,,,,,,,,
"Campaign-Search-Feb 8, 2026 06:59 PM",,,,,,,,,,,Enabled,,Ad Group 2,2,Enabled,,accredited adiology - google campaign builder,phrase,Enabled,,,,,,,,,,,,,,,,,,,,,,,,adiology.io,,,,,,,,,,,,,,,,,,,,,,,,,,,,,,,,,,,,,,,,,,,,,,,,,,,,,,,,,,,,,,,,,,,,,,,,,,,,,,,,,,,,,,,,,,,,,,,,,,,,,,,,,,,,,,,,,,,,,,,,,,,,,,,,,,,,,,,,,,,,,,,,,
"Campaign-Search-Feb 8, 2026 06:59 PM",,,,,,,,,,,Enabled,,Ad Group 2,2,Enabled,,adiology - google campaign builder top,exact,Enabled,,,,,,,,,,,,,,,,,,,,,,,,adiology.io,,,,,,,,,,,,,,,,,,,,,,,,,,,,,,,,,,,,,,,,,,,,,,,,,,,,,,,,,,,,,,,,,,,,,,,,,,,,,,,,,,,,,,,,,,,,,,,,,,,,,,,,,,,,,,,,,,,,,,,,,,,,,,,,,,,,,,,,,,,,,,,,,
"Campaign-Search-Feb 8, 2026 06:59 PM",,,,,,,,,,,Enabled,,Ad Group 2,2,Enabled,,adiology phone number from me,phrase,Enabled,,,,,,,,,,,,,,,,,,,,,,,,adiology.io,,,,,,,,,,,,,,,,,,,,,,,,,,,,,,,,,,,,,,,,,,,,,,,,,,,,,,,,,,,,,,,,,,,,,,,,,,,,,,,,,,,,,,,,,,,,,,,,,,,,,,,,,,,,,,,,,,,,,,,,,,,,,,,,,,,,,,,,,,,,,,,,,
"Campaign-Search-Feb 8, 2026 06:59 PM",,,,,,,,,,,Enabled,,Ad Group 2,2,Enabled,,high end adiology phone number,phrase,Enabled,,,,,,,,,,,,,,,,,,,,,,,,adiology.io,,,,,,,,,,,,,,,,,,,,,,,,,,,,,,,,,,,,,,,,,,,,,,,,,,,,,,,,,,,,,,,,,,,,,,,,,,,,,,,,,,,,,,,,,,,,,,,,,,,,,,,,,,,,,,,,,,,,,,,,,,,,,,,,,,,,,,,,,,,,,,,,,
"Campaign-Search-Feb 8, 2026 06:59 PM",,,,,,,,,,,Enabled,,Ad Group 2,2,Enabled,,adiology phone number in city,exact,Enabled,,,,,,,,,,,,,,,,,,,,,,,,adiology.io,,,,,,,,,,,,,,,,,,,,,,,,,,,,,,,,,,,,,,,,,,,,,,,,,,,,,,,,,,,,,,,,,,,,,,,,,,,,,,,,,,,,,,,,,,,,,,,,,,,,,,,,,,,,,,,,,,,,,,,,,,,,,,,,,,,,,,,,,,,,,,,,,
"Campaign-Search-Feb 8, 2026 06:59 PM",,,,,,,,,,,Enabled,,Ad Group 2,2,Enabled,,adiology phone number with warranty,broad,Enabled,,,,,,,,,,,,,,,,,,,,,,,,adiology.io,,,,,,,,,,,,,,,,,,,,,,,,,,,,,,,,,,,,,,,,,,,,,,,,,,,,,,,,,,,,,,,,,,,,,,,,,,,,,,,,,,,,,,,,,,,,,,,,,,,,,,,,,,,,,,,,,,,,,,,,,,,,,,,,,,,,,,,,,,,,,,,,,
"Campaign-Search-Feb 8, 2026 06:59 PM",,,,,,,,,,,Enabled,,Ad Group 2,2,Enabled,,adiology phone number support,phrase,Enabled,,,,,,,,,,,,,,,,,,,,,,,,adiology.io,,,,,,,,,,,,,,,,,,,,,,,,,,,,,,,,,,,,,,,,,,,,,,,,,,,,,,,,,,,,,,,,,,,,,,,,,,,,,,,,,,,,,,,,,,,,,,,,,,,,,,,,,,,,,,,,,,,,,,,,,,,,,,,,,,,,,,,,,,,,,,,,,
"Campaign-Search-Feb 8, 2026 06:59 PM",,,,,,,,,,,Enabled,,Ad Group 2,2,Enabled,,adiology phone number highest rated,phrase,Enabled,,,,,,,,,,,,,,,,,,,,,,,,adiology.io,,,,,,,,,,,,,,,,,,,,,,,,,,,,,,,,,,,,,,,,,,,,,,,,,,,,,,,,,,,,,,,,,,,,,,,,,,,,,,,,,,,,,,,,,,,,,,,,,,,,,,,,,,,,,,,,,,,,,,,,,,,,,,,,,,,,,,,,,,,,,,,,,
"Campaign-Search-Feb 8, 2026 06:59 PM",,,,,,,,,,,Enabled,,Ad Group 2,2,Enabled,,affordable adiology phone number for home,broad,Enabled,,,,,,,,,,,,,,,,,,,,,,,,adiology.io,,,,,,,,,,,,,,,,,,,,,,,,,,,,,,,,,,,,,,,,,,,,,,,,,,,,,,,,,,,,,,,,,,,,,,,,,,,,,,,,,,,,,,,,,,,,,,,,,,,,,,,,,,,,,,,,,,,,,,,,,,,,,,,,,,,,,,,,,,,,,,,,,
"Campaign-Search-Feb 8, 2026 06:59 PM",,,,,,,,,,,Enabled,,Ad Group 2,2,Enabled,,certified adiology phone number,exact,Enabled,,,,,,,,,,,,,,,,,,,,,,,,adiology.io,,,,,,,,,,,,,,,,,,,,,,,,,,,,,,,,,,,,,,,,,,,,,,,,,,,,,,,,,,,,,,,,,,,,,,,,,,,,,,,,,,,,,,,,,,,,,,,,,,,,,,,,,,,,,,,,,,,,,,,,,,,,,,,,,,,,,,,,,,,,,,,,,
"Campaign-Search-Feb 8, 2026 06:59 PM",,,,,,,,,,,Enabled,,Ad Group 2,2,Enabled,,how to choose adiology phone number,phrase,Enabled,,,,,,,,,,,,,,,,,,,,,,,,adiology.io,,,,,,,,,,,,,,,,,,,,,,,,,,,,,,,,,,,,,,,,,,,,,,,,,,,,,,,,,,,,,,,,,,,,,,,,,,,,,,,,,,,,,,,,,,,,,,,,,,,,,,,,,,,,,,,,,,,,,,,,,,,,,,,,,,,,,,,,,,,,,,,,,
"Campaign-Search-Feb 8, 2026 06:59 PM",,,,,,,,,,,Enabled,,Ad Group 2,2,Enabled,,adiology - google campaign builder leading,broad,Enabled,,,,,,,,,,,,,,,,,,,,,,,,adiology.io,,,,,,,,,,,,,,,,,,,,,,,,,,,,,,,,,,,,,,,,,,,,,,,,,,,,,,,,,,,,,,,,,,,,,,,,,,,,,,,,,,,,,,,,,,,,,,,,,,,,,,,,,,,,,,,,,,,,,,,,,,,,,,,,,,,,,,,,,,,,,,,,,
"Campaign-Search-Feb 8, 2026 06:59 PM",,,,,,,,,,,Enabled,,Ad Group 2,2,Enabled,,adiology phone number service,broad,Enabled,,,,,,,,,,,,,,,,,,,,,,,,adiology.io,,,,,,,,,,,,,,,,,,,,,,,,,,,,,,,,,,,,,,,,,,,,,,,,,,,,,,,,,,,,,,,,,,,,,,,,,,,,,,,,,,,,,,,,,,,,,,,,,,,,,,,,,,,,,,,,,,,,,,,,,,,,,,,,,,,,,,,,,,,,,,,,,
"Campaign-Search-Feb 8, 2026 06:59 PM",,,,,,,,,,,Enabled,,Ad Group 2,2,Enabled,,order adiology - google campaign builder,exact,Enabled,,,,,,,,,,,,,,,,,,,,,,,,adiology.io,,,,,,,,,,,,,,,,,,,,,,,,,,,,,,,,,,,,,,,,,,,,,,,,,,,,,,,,,,,,,,,,,,,,,,,,,,,,,,,,,,,,,,,,,,,,,,,,,,,,,,,,,,,,,,,,,,,,,,,,,,,,,,,,,,,,,,,,,,,,,,,,,
"Campaign-Search-Feb 8, 2026 06:59 PM",,,,,,,,,,,Enabled,,Ad Group 2,2,Enabled,,searching for a adiology phone number,phrase,Enabled,,,,,,,,,,,,,,,,,,,,,,,,adiology.io,,,,,,,,,,,,,,,,,,,,,,,,,,,,,,,,,,,,,,,,,,,,,,,,,,,,,,,,,,,,,,,,,,,,,,,,,,,,,,,,,,,,,,,,,,,,,,,,,,,,,,,,,,,,,,,,,,,,,,,,,,,,,,,,,,,,,,,,,,,,,,,,,
"Campaign-Search-Feb 8, 2026 06:59 PM",,,,,,,,,,,Enabled,,Ad Group 2,2,Enabled,,adiology - google campaign builder emergency,phrase,Enabled,,,,,,,,,,,,,,,,,,,,,,,,adiology.io,,,,,,,,,,,,,,,,,,,,,,,,,,,,,,,,,,,,,,,,,,,,,,,,,,,,,,,,,,,,,,,,,,,,,,,,,,,,,,,,,,,,,,,,,,,,,,,,,,,,,,,,,,,,,,,,,,,,,,,,,,,,,,,,,,,,,,,,,,,,,,,,,
"Campaign-Search-Feb 8, 2026 06:59 PM",,,,,,,,,,,Enabled,,Ad Group 2,2,Enabled,,today adiology phone number,broad,Enabled,,,,,,,,,,,,,,,,,,,,,,,,adiology.io,,,,,,,,,,,,,,,,,,,,,,,,,,,,,,,,,,,,,,,,,,,,,,,,,,,,,,,,,,,,,,,,,,,,,,,,,,,,,,,,,,,,,,,,,,,,,,,,,,,,,,,,,,,,,,,,,,,,,,,,,,,,,,,,,,,,,,,,,,,,,,,,,
"Campaign-Search-Feb 8, 2026 06:59 PM",,,,,,,,,,,Enabled,,Ad Group 2,2,Enabled,,affordable adiology contact,exact,Enabled,,,,,,,,,,,,,,,,,,,,,,,,adiology.io,,,,,,,,,,,,,,,,,,,,,,,,,,,,,,,,,,,,,,,,,,,,,,,,,,,,,,,,,,,,,,,,,,,,,,,,,,,,,,,,,,,,,,,,,,,,,,,,,,,,,,,,,,,,,,,,,,,,,,,,,,,,,,,,,,,,,,,,,,,,,,,,,
"Campaign-Search-Feb 8, 2026 06:59 PM",,,,,,,,,,,Enabled,,Ad Group 2,2,Enabled,,adiology - google campaign builder vs,exact,Enabled,,,,,,,,,,,,,,,,,,,,,,,,adiology.io,,,,,,,,,,,,,,,,,,,,,,,,,,,,,,,,,,,,,,,,,,,,,,,,,,,,,,,,,,,,,,,,,,,,,,,,,,,,,,,,,,,,,,,,,,,,,,,,,,,,,,,,,,,,,,,,,,,,,,,,,,,,,,,,,,,,,,,,,,,,,,,,,
"Campaign-Search-Feb 8, 2026 06:59 PM",,,,,,,,,,,Enabled,,Ad Group 2,2,Enabled,,adiology - google campaign builder fast,broad,Enabled,,,,,,,,,,,,,,,,,,,,,,,,adiology.io,,,,,,,,,,,,,,,,,,,,,,,,,,,,,,,,,,,,,,,,,,,,,,,,,,,,,,,,,,,,,,,,,,,,,,,,,,,,,,,,,,,,,,,,,,,,,,,,,,,,,,,,,,,,,,,,,,,,,,,,,,,,,,,,,,,,,,,,,,,,,,,,,
"Campaign-Search-Feb 8, 2026 06:59 PM",,,,,,,,,,,Enabled,,Ad Group 2,2,Enabled,,contact adiology phone number,exact,Enabled,,,,,,,,,,,,,,,,,,,,,,,,adiology.io,,,,,,,,,,,,,,,,,,,,,,,,,,,,,,,,,,,,,,,,,,,,,,,,,,,,,,,,,,,,,,,,,,,,,,,,,,,,,,,,,,,,,,,,,,,,,,,,,,,,,,,,,,,,,,,,,,,,,,,,,,,,,,,,,,,,,,,,,,,,,,,,,
"Campaign-Search-Feb 8, 2026 06:59 PM",,,,,,,,,,,Enabled,,Ad Group 2,2,Enabled,,value adiology phone number,broad,Enabled,,,,,,,,,,,,,,,,,,,,,,,,adiology.io,,,,,,,,,,,,,,,,,,,,,,,,,,,,,,,,,,,,,,,,,,,,,,,,,,,,,,,,,,,,,,,,,,,,,,,,,,,,,,,,,,,,,,,,,,,,,,,,,,,,,,,,,,,,,,,,,,,,,,,,,,,,,,,,,,,,,,,,,,,,,,,,,
"Campaign-Search-Feb 8, 2026 06:59 PM",,,,,,,,,,,Enabled,,Ad Group 2,2,Enabled,,night adiology phone number,exact,Enabled,,,,,,,,,,,,,,,,,,,,,,,,adiology.io,,,,,,,,,,,,,,,,,,,,,,,,,,,,,,,,,,,,,,,,,,,,,,,,,,,,,,,,,,,,,,,,,,,,,,,,,,,,,,,,,,,,,,,,,,,,,,,,,,,,,,,,,,,,,,,,,,,,,,,,,,,,,,,,,,,,,,,,,,,,,,,,,
"Campaign-Search-Feb 8, 2026 06:59 PM",,,,,,,,,,,Enabled,,Ad Group 2,2,Enabled,,express adiology phone number,phrase,Enabled,,,,,,,,,,,,,,,,,,,,,,,,adiology.io,,,,,,,,,,,,,,,,,,,,,,,,,,,,,,,,,,,,,,,,,,,,,,,,,,,,,,,,,,,,,,,,,,,,,,,,,,,,,,,,,,,,,,,,,,,,,,,,,,,,,,,,,,,,,,,,,,,,,,,,,,,,,,,,,,,,,,,,,,,,,,,,,
"Campaign-Search-Feb 8, 2026 06:59 PM",,,,,,,,,,,Enabled,,Ad Group 2,2,Enabled,,this week adiology phone number,phrase,Enabled,,,,,,,,,,,,,,,,,,,,,,,,adiology.io,,,,,,,,,,,,,,,,,,,,,,,,,,,,,,,,,,,,,,,,,,,,,,,,,,,,,,,,,,,,,,,,,,,,,,,,,,,,,,,,,,,,,,,,,,,,,,,,,,,,,,,,,,,,,,,,,,,,,,,,,,,,,,,,,,,,,,,,,,,,,,,,,
"Campaign-Search-Feb 8, 2026 06:59 PM",,,,,,,,,,,Enabled,,Ad Group 2,2,Enabled,,accredited adiology phone number,phrase,Enabled,,,,,,,,,,,,,,,,,,,,,,,,adiology.io,,,,,,,,,,,,,,,,,,,,,,,,,,,,,,,,,,,,,,,,,,,,,,,,,,,,,,,,,,,,,,,,,,,,,,,,,,,,,,,,,,,,,,,,,,,,,,,,,,,,,,,,,,,,,,,,,,,,,,,,,,,,,,,,,,,,,,,,,,,,,,,,,
"Campaign-Search-Feb 8, 2026 06:59 PM",,,,,,,,,,,Enabled,,Ad Group 2,2,Enabled,,select adiology phone number,exact,Enabled,,,,,,,,,,,,,,,,,,,,,,,,adiology.io,,,,,,,,,,,,,,,,,,,,,,,,,,,,,,,,,,,,,,,,,,,,,,,,,,,,,,,,,,,,,,,,,,,,,,,,,,,,,,,,,,,,,,,,,,,,,,,,,,,,,,,,,,,,,,,,,,,,,,,,,,,,,,,,,,,,,,,,,,,,,,,,,
"Campaign-Search-Feb 8, 2026 06:59 PM",,,,,,,,,,,Enabled,,Ad Group 2,2,Enabled,,adiology phone number instant,broad,Enabled,,,,,,,,,,,,,,,,,,,,,,,,adiology.io,,,,,,,,,,,,,,,,,,,,,,,,,,,,,,,,,,,,,,,,,,,,,,,,,,,,,,,,,,,,,,,,,,,,,,,,,,,,,,,,,,,,,,,,,,,,,,,,,,,,,,,,,,,,,,,,,,,,,,,,,,,,,,,,,,,,,,,,,,,,,,,,,
"Campaign-Search-Feb 8, 2026 06:59 PM",,,,,,,,,,,Enabled,,Ad Group 2,2,Enabled,,independent adiology phone number,exact,Enabled,,,,,,,,,,,,,,,,,,,,,,,,adiology.io,,,,,,,,,,,,,,,,,,,,,,,,,,,,,,,,,,,,,,,,,,,,,,,,,,,,,,,,,,,,,,,,,,,,,,,,,,,,,,,,,,,,,,,,,,,,,,,,,,,,,,,,,,,,,,,,,,,,,,,,,,,,,,,,,,,,,,,,,,,,,,,,,
"Campaign-Search-Feb 8, 2026 06:59 PM",,,,,,,,,,,Enabled,,Ad Group 2,2,Enabled,,adiology contact quick,broad,Enabled,,,,,,,,,,,,,,,,,,,,,,,,adiology.io,,,,,,,,,,,,,,,,,,,,,,,,,,,,,,,,,,,,,,,,,,,,,,,,,,,,,,,,,,,,,,,,,,,,,,,,,,,,,,,,,,,,,,,,,,,,,,,,,,,,,,,,,,,,,,,,,,,,,,,,,,,,,,,,,,,,,,,,,,,,,,,,,
"Campaign-Search-Feb 8, 2026 06:59 PM",,,,,,,,,,,Enabled,,Ad Group 2,2,Enabled,,adiology phone number woman owned,phrase,Enabled,,,,,,,,,,,,,,,,,,,,,,,,adiology.io,,,,,,,,,,,,,,,,,,,,,,,,,,,,,,,,,,,,,,,,,,,,,,,,,,,,,,,,,,,,,,,,,,,,,,,,,,,,,,,,,,,,,,,,,,,,,,,,,,,,,,,,,,,,,,,,,,,,,,,,,,,,,,,,,,,,,,,,,,,,,,,,,
"Campaign-Search-Feb 8, 2026 06:59 PM",,,,,,,,,,,Enabled,,Ad Group 2,2,Enabled,,adiology phone number online,broad,Enabled,,,,,,,,,,,,,,,,,,,,,,,,adiology.io,,,,,,,,,,,,,,,,,,,,,,,,,,,,,,,,,,,,,,,,,,,,,,,,,,,,,,,,,,,,,,,,,,,,,,,,,,,,,,,,,,,,,,,,,,,,,,,,,,,,,,,,,,,,,,,,,,,,,,,,,,,,,,,,,,,,,,,,,,,,,,,,,
"Campaign-Search-Feb 8, 2026 06:59 PM",,,,,,,,,,,Enabled,,Ad Group 2,2,Enabled,,recommended adiology - google campaign builder,exact,Enabled,,,,,,,,,,,,,,,,,,,,,,,,adiology.io,,,,,,,,,,,,,,,,,,,,,,,,,,,,,,,,,,,,,,,,,,,,,,,,,,,,,,,,,,,,,,,,,,,,,,,,,,,,,,,,,,,,,,,,,,,,,,,,,,,,,,,,,,,,,,,,,,,,,,,,,,,,,,,,,,,,,,,,,,,,,,,,,
"Campaign-Search-Feb 8, 2026 06:59 PM",,,,,,,,,,,Enabled,,Ad Group 2,2,Enabled,,closest adiology phone number,broad,Enabled,,,,,,,,,,,,,,,,,,,,,,,,adiology.io,,,,,,,,,,,,,,,,,,,,,,,,,,,,,,,,,,,,,,,,,,,,,,,,,,,,,,,,,,,,,,,,,,,,,,,,,,,,,,,,,,,,,,,,,,,,,,,,,,,,,,,,,,,,,,,,,,,,,,,,,,,,,,,,,,,,,,,,,,,,,,,,,
"Campaign-Search-Feb 8, 2026 06:59 PM",,,,,,,,,,,Enabled,,Ad Group 2,2,Enabled,,order adiology phone number,exact,Enabled,,,,,,,,,,,,,,,,,,,,,,,,adiology.io,,,,,,,,,,,,,,,,,,,,,,,,,,,,,,,,,,,,,,,,,,,,,,,,,,,,,,,,,,,,,,,,,,,,,,,,,,,,,,,,,,,,,,,,,,,,,,,,,,,,,,,,,,,,,,,,,,,,,,,,,,,,,,,,,,,,,,,,,,,,,,,,,
"Campaign-Search-Feb 8, 2026 06:59 PM",,,,,,,,,,,Enabled,,Ad Group 2,2,Enabled,,same day adiology phone number,exact,Enabled,,,,,,,,,,,,,,,,,,,,,,,,adiology.io,,,,,,,,,,,,,,,,,,,,,,,,,,,,,,,,,,,,,,,,,,,,,,,,,,,,,,,,,,,,,,,,,,,,,,,,,,,,,,,,,,,,,,,,,,,,,,,,,,,,,,,,,,,,,,,,,,,,,,,,,,,,,,,,,,,,,,,,,,,,,,,,,
"Campaign-Search-Feb 8, 2026 06:59 PM",,,,,,,,,,,Enabled,,Ad Group 2,2,Enabled,,transparent adiology phone number,phrase,Enabled,,,,,,,,,,,,,,,,,,,,,,,,adiology.io,,,,,,,,,,,,,,,,,,,,,,,,,,,,,,,,,,,,,,,,,,,,,,,,,,,,,,,,,,,,,,,,,,,,,,,,,,,,,,,,,,,,,,,,,,,,,,,,,,,,,,,,,,,,,,,,,,,,,,,,,,,,,,,,,,,,,,,,,,,,,,,,,
"Campaign-Search-Feb 8, 2026 06:59 PM",,,,,,,,,,,Enabled,,Ad Group 2,2,Enabled,,honest adiology - google campaign builder,exact,Enabled,,,,,,,,,,,,,,,,,,,,,,,,adiology.io,,,,,,,,,,,,,,,,,,,,,,,,,,,,,,,,,,,,,,,,,,,,,,,,,,,,,,,,,,,,,,,,,,,,,,,,,,,,,,,,,,,,,,,,,,,,,,,,,,,,,,,,,,,,,,,,,,,,,,,,,,,,,,,,,,,,,,,,,,,,,,,,,
"Campaign-Search-Feb 8, 2026 06:59 PM",,,,,,,,,,,Enabled,,Ad Group 2,2,Enabled,,emergency adiology phone number local,broad,Enabled,,,,,,,,,,,,,,,,,,,,,,,,adiology.io,,,,,,,,,,,,,,,,,,,,,,,,,,,,,,,,,,,,,,,,,,,,,,,,,,,,,,,,,,,,,,,,,,,,,,,,,,,,,,,,,,,,,,,,,,,,,,,,,,,,,,,,,,,,,,,,,,,,,,,,,,,,,,,,,,,,,,,,,,,,,,,,,
"Campaign-Search-Feb 8, 2026 06:59 PM",,,,,,,,,,,Enabled,,Ad Group 2,2,Enabled,,adiology - google campaign builder start,broad,Enabled,,,,,,,,,,,,,,,,,,,,,,,,adiology.io,,,,,,,,,,,,,,,,,,,,,,,,,,,,,,,,,,,,,,,,,,,,,,,,,,,,,,,,,,,,,,,,,,,,,,,,,,,,,,,,,,,,,,,,,,,,,,,,,,,,,,,,,,,,,,,,,,,,,,,,,,,,,,,,,,,,,,,,,,,,,,,,,
"Campaign-Search-Feb 8, 2026 06:59 PM",,,,,,,,,,,Enabled,,Ad Group 2,2,Enabled,,adiology - google campaign builder leading,exact,Enabled,,,,,,,,,,,,,,,,,,,,,,,,adiology.io,,,,,,,,,,,,,,,,,,,,,,,,,,,,,,,,,,,,,,,,,,,,,,,,,,,,,,,,,,,,,,,,,,,,,,,,,,,,,,,,,,,,,,,,,,,,,,,,,,,,,,,,,,,,,,,,,,,,,,,,,,,,,,,,,,,,,,,,,,,,,,,,,
"Campaign-Search-Feb 8, 2026 06:59 PM",,,,,,,,,,,Enabled,,Ad Group 2,2,Enabled,,adiology phone number or,exact,Enabled,,,,,,,,,,,,,,,,,,,,,,,,adiology.io,,,,,,,,,,,,,,,,,,,,,,,,,,,,,,,,,,,,,,,,,,,,,,,,,,,,,,,,,,,,,,,,,,,,,,,,,,,,,,,,,,,,,,,,,,,,,,,,,,,,,,,,,,,,,,,,,,,,,,,,,,,,,,,,,,,,,,,,,,,,,,,,,
"Campaign-Search-Feb 8, 2026 06:59 PM",,,,,,,,,,,Enabled,,Ad Group 2,2,Enabled,,local adiology phone number nearby,phrase,Enabled,,,,,,,,,,,,,,,,,,,,,,,,adiology.io,,,,,,,,,,,,,,,,,,,,,,,,,,,,,,,,,,,,,,,,,,,,,,,,,,,,,,,,,,,,,,,,,,,,,,,,,,,,,,,,,,,,,,,,,,,,,,,,,,,,,,,,,,,,,,,,,,,,,,,,,,,,,,,,,,,,,,,,,,,,,,,,,
"Campaign-Search-Feb 8, 2026 06:59 PM",,,,,,,,,,,Enabled,,Ad Group 2,2,Enabled,,affordable adiology contact,phrase,Enabled,,,,,,,,,,,,,,,,,,,,,,,,adiology.io,,,,,,,,,,,,,,,,,,,,,,,,,,,,,,,,,,,,,,,,,,,,,,,,,,,,,,,,,,,,,,,,,,,,,,,,,,,,,,,,,,,,,,,,,,,,,,,,,,,,,,,,,,,,,,,,,,,,,,,,,,,,,,,,,,,,,,,,,,,,,,,,,
"Campaign-Search-Feb 8, 2026 06:59 PM",,,,,,,,,,,Enabled,,Ad Group 2,2,Enabled,,adiology - google campaign builder premium,exact,Enabled,,,,,,,,,,,,,,,,,,,,,,,,adiology.io,,,,,,,,,,,,,,,,,,,,,,,,,,,,,,,,,,,,,,,,,,,,,,,,,,,,,,,,,,,,,,,,,,,,,,,,,,,,,,,,,,,,,,,,,,,,,,,,,,,,,,,,,,,,,,,,,,,,,,,,,,,,,,,,,,,,,,,,,,,,,,,,,
"Campaign-Search-Feb 8, 2026 06:59 PM",,,,,,,,,,,Enabled,,Ad Group 2,2,Enabled,,adiology contact nearby,phrase,Enabled,,,,,,,,,,,,,,,,,,,,,,,,adiology.io,,,,,,,,,,,,,,,,,,,,,,,,,,,,,,,,,,,,,,,,,,,,,,,,,,,,,,,,,,,,,,,,,,,,,,,,,,,,,,,,,,,,,,,,,,,,,,,,,,,,,,,,,,,,,,,,,,,,,,,,,,,,,,,,,,,,,,,,,,,,,,,,,
"Campaign-Search-Feb 8, 2026 06:59 PM",,,,,,,,,,,Enabled,,Ad Group 2,2,Enabled,,schedule adiology phone number,phrase,Enabled,,,,,,,,,,,,,,,,,,,,,,,,adiology.io,,,,,,,,,,,,,,,,,,,,,,,,,,,,,,,,,,,,,,,,,,,,,,,,,,,,,,,,,,,,,,,,,,,,,,,,,,,,,,,,,,,,,,,,,,,,,,,,,,,,,,,,,,,,,,,,,,,,,,,,,,,,,,,,,,,,,,,,,,,,,,,,,
"Campaign-Search-Feb 8, 2026 06:59 PM",,,,,,,,,,,Enabled,,Ad Group 2,2,Enabled,,adiology phone number rapid,broad,Enabled,,,,,,,,,,,,,,,,,,,,,,,,adiology.io,,,,,,,,,,,,,,,,,,,,,,,,,,,,,,,,,,,,,,,,,,,,,,,,,,,,,,,,,,,,,,,,,,,,,,,,,,,,,,,,,,,,,,,,,,,,,,,,,,,,,,,,,,,,,,,,,,,,,,,,,,,,,,,,,,,,,,,,,,,,,,,,,
"Campaign-Search-Feb 8, 2026 06:59 PM",,,,,,,,,,,Enabled,,Ad Group 2,2,Enabled,,expert adiology contact,phrase,Enabled,,,,,,,,,,,,,,,,,,,,,,,,adiology.io,,,,,,,,,,,,,,,,,,,,,,,,,,,,,,,,,,,,,,,,,,,,,,,,,,,,,,,,,,,,,,,,,,,,,,,,,,,,,,,,,,,,,,,,,,,,,,,,,,,,,,,,,,,,,,,,,,,,,,,,,,,,,,,,,,,,,,,,,,,,,,,,,
"Campaign-Search-Feb 8, 2026 06:59 PM",,,,,,,,,,,Enabled,,Ad Group 2,2,Enabled,,adiology phone number premier,broad,Enabled,,,,,,,,,,,,,,,,,,,,,,,,adiology.io,,,,,,,,,,,,,,,,,,,,,,,,,,,,,,,,,,,,,,,,,,,,,,,,,,,,,,,,,,,,,,,,,,,,,,,,,,,,,,,,,,,,,,,,,,,,,,,,,,,,,,,,,,,,,,,,,,,,,,,,,,,,,,,,,,,,,,,,,,,,,,,,,
"Campaign-Search-Feb 8, 2026 06:59 PM",,,,,,,,,,,Enabled,,Ad Group 2,2,Enabled,,searching for a adiology phone number,exact,Enabled,,,,,,,,,,,,,,,,,,,,,,,,adiology.io,,,,,,,,,,,,,,,,,,,,,,,,,,,,,,,,,,,,,,,,,,,,,,,,,,,,,,,,,,,,,,,,,,,,,,,,,,,,,,,,,,,,,,,,,,,,,,,,,,,,,,,,,,,,,,,,,,,,,,,,,,,,,,,,,,,,,,,,,,,,,,,,,
"Campaign-Search-Feb 8, 2026 06:59 PM",,,,,,,,,,,Enabled,,Ad Group 2,2,Enabled,,adiology - google campaign builder express,exact,Enabled,,,,,,,,,,,,,,,,,,,,,,,,adiology.io,,,,,,,,,,,,,,,,,,,,,,,,,,,,,,,,,,,,,,,,,,,,,,,,,,,,,,,,,,,,,,,,,,,,,,,,,,,,,,,,,,,,,,,,,,,,,,,,,,,,,,,,,,,,,,,,,,,,,,,,,,,,,,,,,,,,,,,,,,,,,,,,,
"Campaign-Search-Feb 8, 2026 06:59 PM",,,,,,,,,,,Enabled,,Ad Group 2,2,Enabled,,licensed adiology - google campaign builder,exact,Enabled,,,,,,,,,,,,,,,,,,,,,,,,adiology.io,,,,,,,,,,,,,,,,,,,,,,,,,,,,,,,,,,,,,,,,,,,,,,,,,,,,,,,,,,,,,,,,,,,,,,,,,,,,,,,,,,,,,,,,,,,,,,,,,,,,,,,,,,,,,,,,,,,,,,,,,,,,,,,,,,,,,,,,,,,,,,,,,
"Campaign-Search-Feb 8, 2026 06:59 PM",,,,,,,,,,,Enabled,,Ad Group 2,2,Enabled,,adiology contact premier,phrase,Enabled,,,,,,,,,,,,,,,,,,,,,,,,adiology.io,,,,,,,,,,,,,,,,,,,,,,,,,,,,,,,,,,,,,,,,,,,,,,,,,,,,,,,,,,,,,,,,,,,,,,,,,,,,,,,,,,,,,,,,,,,,,,,,,,,,,,,,,,,,,,,,,,,,,,,,,,,,,,,,,,,,,,,,,,,,,,,,,
"Campaign-Search-Feb 8, 2026 06:59 PM",,,,,,,,,,,Enabled,,Ad Group 2,2,Enabled,,flexible adiology phone number,broad,Enabled,,,,,,,,,,,,,,,,,,,,,,,,adiology.io,,,,,,,,,,,,,,,,,,,,,,,,,,,,,,,,,,,,,,,,,,,,,,,,,,,,,,,,,,,,,,,,,,,,,,,,,,,,,,,,,,,,,,,,,,,,,,,,,,,,,,,,,,,,,,,,,,,,,,,,,,,,,,,,,,,,,,,,,,,,,,,,,
"Campaign-Search-Feb 8, 2026 06:59 PM",,,,,,,,,,,Enabled,,Ad Group 2,2,Enabled,,exclusive adiology contact,broad,Enabled,,,,,,,,,,,,,,,,,,,,,,,,adiology.io,,,,,,,,,,,,,,,,,,,,,,,,,,,,,,,,,,,,,,,,,,,,,,,,,,,,,,,,,,,,,,,,,,,,,,,,,,,,,,,,,,,,,,,,,,,,,,,,,,,,,,,,,,,,,,,,,,,,,,,,,,,,,,,,,,,,,,,,,,,,,,,,,
"Campaign-Search-Feb 8, 2026 06:59 PM",,,,,,,,,,,Enabled,,Ad Group 2,2,Enabled,,request a adiology phone number,exact,Enabled,,,,,,,,,,,,,,,,,,,,,,,,adiology.io,,,,,,,,,,,,,,,,,,,,,,,,,,,,,,,,,,,,,,,,,,,,,,,,,,,,,,,,,,,,,,,,,,,,,,,,,,,,,,,,,,,,,,,,,,,,,,,,,,,,,,,,,,,,,,,,,,,,,,,,,,,,,,,,,,,,,,,,,,,,,,,,,
"Campaign-Search-Feb 8, 2026 06:59 PM",,,,,,,,,,,Enabled,,Ad Group 2,2,Enabled,,adiology contact certified,broad,Enabled,,,,,,,,,,,,,,,,,,,,,,,,adiology.io,,,,,,,,,,,,,,,,,,,,,,,,,,,,,,,,,,,,,,,,,,,,,,,,,,,,,,,,,,,,,,,,,,,,,,,,,,,,,,,,,,,,,,,,,,,,,,,,,,,,,,,,,,,,,,,,,,,,,,,,,,,,,,,,,,,,,,,,,,,,,,,,,
"Campaign-Search-Feb 8, 2026 06:59 PM",,,,,,,,,,,Enabled,,Ad Group 2,2,Enabled,,adiology phone number family owned,exact,Enabled,,,,,,,,,,,,,,,,,,,,,,,,adiology.io,,,,,,,,,,,,,,,,,,,,,,,,,,,,,,,,,,,,,,,,,,,,,,,,,,,,,,,,,,,,,,,,,,,,,,,,,,,,,,,,,,,,,,,,,,,,,,,,,,,,,,,,,,,,,,,,,,,,,,,,,,,,,,,,,,,,,,,,,,,,,,,,,
"Campaign-Search-Feb 8, 2026 06:59 PM",,,,,,,,,,,Enabled,,Ad Group 2,2,Enabled,,adiology phone number high end,phrase,Enabled,,,,,,,,,,,,,,,,,,,,,,,,adiology.io,,,,,,,,,,,,,,,,,,,,,,,,,,,,,,,,,,,,,,,,,,,,,,,,,,,,,,,,,,,,,,,,,,,,,,,,,,,,,,,,,,,,,,,,,,,,,,,,,,,,,,,,,,,,,,,,,,,,,,,,,,,,,,,,,,,,,,,,,,,,,,,,,
"Campaign-Search-Feb 8, 2026 06:59 PM",,,,,,,,,,,Enabled,,Ad Group 2,2,Enabled,,quality adiology phone number,exact,Enabled,,,,,,,,,,,,,,,,,,,,,,,,adiology.io,,,,,,,,,,,,,,,,,,,,,,,,,,,,,,,,,,,,,,,,,,,,,,,,,,,,,,,,,,,,,,,,,,,,,,,,,,,,,,,,,,,,,,,,,,,,,,,,,,,,,,,,,,,,,,,,,,,,,,,,,,,,,,,,,,,,,,,,,,,,,,,,,
"Campaign-Search-Feb 8, 2026 06:59 PM",,,,,,,,,,,Enabled,,Ad Group 2,2,Enabled,,adiology phone number local,phrase,Enabled,,,,,,,,,,,,,,,,,,,,,,,,adiology.io,,,,,,,,,,,,,,,,,,,,,,,,,,,,,,,,,,,,,,,,,,,,,,,,,,,,,,,,,,,,,,,,,,,,,,,,,,,,,,,,,,,,,,,,,,,,,,,,,,,,,,,,,,,,,,,,,,,,,,,,,,,,,,,,,,,,,,,,,,,,,,,,,
"Campaign-Search-Feb 8, 2026 06:59 PM",,,,,,,,,,,Enabled,,Ad Group 2,2,Enabled,,adiology contact black owned,broad,Enabled,,,,,,,,,,,,,,,,,,,,,,,,adiology.io,,,,,,,,,,,,,,,,,,,,,,,,,,,,,,,,,,,,,,,,,,,,,,,,,,,,,,,,,,,,,,,,,,,,,,,,,,,,,,,,,,,,,,,,,,,,,,,,,,,,,,,,,,,,,,,,,,,,,,,,,,,,,,,,,,,,,,,,,,,,,,,,,
"Campaign-Search-Feb 8, 2026 06:59 PM",,,,,,,,,,,Enabled,,Ad Group 2,2,Enabled,,get adiology - google campaign builder,phrase,Enabled,,,,,,,,,,,,,,,,,,,,,,,,adiology.io,,,,,,,,,,,,,,,,,,,,,,,,,,,,,,,,,,,,,,,,,,,,,,,,,,,,,,,,,,,,,,,,,,,,,,,,,,,,,,,,,,,,,,,,,,,,,,,,,,,,,,,,,,,,,,,,,,,,,,,,,,,,,,,,,,,,,,,,,,,,,,,,,
"Campaign-Search-Feb 8, 2026 06:59 PM",,,,,,,,,,,Enabled,,Ad Group 2,2,Enabled,,adiology contact rapid,broad,Enabled,,,,,,,,,,,,,,,,,,,,,,,,adiology.io,,,,,,,,,,,,,,,,,,,,,,,,,,,,,,,,,,,,,,,,,,,,,,,,,,,,,,,,,,,,,,,,,,,,,,,,,,,,,,,,,,,,,,,,,,,,,,,,,,,,,,,,,,,,,,,,,,,,,,,,,,,,,,,,,,,,,,,,,,,,,,,,,
"Campaign-Search-Feb 8, 2026 06:59 PM",,,,,,,,,,,Enabled,,Ad Group 2,2,Enabled,,honest adiology phone number,broad,Enabled,,,,,,,,,,,,,,,,,,,,,,,,adiology.io,,,,,,,,,,,,,,,,,,,,,,,,,,,,,,,,,,,,,,,,,,,,,,,,,,,,,,,,,,,,,,,,,,,,,,,,,,,,,,,,,,,,,,,,,,,,,,,,,,,,,,,,,,,,,,,,,,,,,,,,,,,,,,,,,,,,,,,,,,,,,,,,,
"Campaign-Search-Feb 8, 2026 06:59 PM",,,,,,,,,,,Enabled,,Ad Group 2,2,Enabled,,trusted adiology phone number near me,exact,Enabled,,,,,,,,,,,,,,,,,,,,,,,,adiology.io,,,,,,,,,,,,,,,,,,,,,,,,,,,,,,,,,,,,,,,,,,,,,,,,,,,,,,,,,,,,,,,,,,,,,,,,,,,,,,,,,,,,,,,,,,,,,,,,,,,,,,,,,,,,,,,,,,,,,,,,,,,,,,,,,,,,,,,,,,,,,,,,,
"Campaign-Search-Feb 8, 2026 06:59 PM",,,,,,,,,,,Enabled,,Ad Group 2,2,Enabled,,immediate adiology - google campaign builder,exact,Enabled,,,,,,,,,,,,,,,,,,,,,,,,adiology.io,,,,,,,,,,,,,,,,,,,,,,,,,,,,,,,,,,,,,,,,,,,,,,,,,,,,,,,,,,,,,,,,,,,,,,,,,,,,,,,,,,,,,,,,,,,,,,,,,,,,,,,,,,,,,,,,,,,,,,,,,,,,,,,,,,,,,,,,,,,,,,,,,
"Campaign-Search-Feb 8, 2026 06:59 PM",,,,,,,,,,,Enabled,,Ad Group 2,2,Enabled,,adiology phone number today,phrase,Enabled,,,,,,,,,,,,,,,,,,,,,,,,adiology.io,,,,,,,,,,,,,,,,,,,,,,,,,,,,,,,,,,,,,,,,,,,,,,,,,,,,,,,,,,,,,,,,,,,,,,,,,,,,,,,,,,,,,,,,,,,,,,,,,,,,,,,,,,,,,,,,,,,,,,,,,,,,,,,,,,,,,,,,,,,,,,,,,
"Campaign-Search-Feb 8, 2026 06:59 PM",,,,,,,,,,,Enabled,,Ad Group 2,2,Enabled,,adiology phone number family owned,phrase,Enabled,,,,,,,,,,,,,,,,,,,,,,,,adiology.io,,,,,,,,,,,,,,,,,,,,,,,,,,,,,,,,,,,,,,,,,,,,,,,,,,,,,,,,,,,,,,,,,,,,,,,,,,,,,,,,,,,,,,,,,,,,,,,,,,,,,,,,,,,,,,,,,,,,,,,,,,,,,,,,,,,,,,,,,,,,,,,,,
"Campaign-Search-Feb 8, 2026 06:59 PM",,,,,,,,,,,Enabled,,Ad Group 2,2,Enabled,,adiology - google campaign builder reliable,broad,Enabled,,,,,,,,,,,,,,,,,,,,,,,,adiology.io,,,,,,,,,,,,,,,,,,,,,,,,,,,,,,,,,,,,,,,,,,,,,,,,,,,,,,,,,,,,,,,,,,,,,,,,,,,,,,,,,,,,,,,,,,,,,,,,,,,,,,,,,,,,,,,,,,,,,,,,,,,,,,,,,,,,,,,,,,,,,,,,,
"Campaign-Search-Feb 8, 2026 06:59 PM",,,,,,,,,,,Enabled,,Ad Group 2,2,Enabled,,adiology - google campaign builder quality,phrase,Enabled,,,,,,,,,,,,,,,,,,,,,,,,adiology.io,,,,,,,,,,,,,,,,,,,,,,,,,,,,,,,,,,,,,,,,,,,,,,,,,,,,,,,,,,,,,,,,,,,,,,,,,,,,,,,,,,,,,,,,,,,,,,,,,,,,,,,,,,,,,,,,,,,,,,,,,,,,,,,,,,,,,,,,,,,,,,,,,
"Campaign-Search-Feb 8, 2026 06:59 PM",,,,,,,,,,,Enabled,,Ad Group 2,2,Enabled,,urgent adiology phone number,phrase,Enabled,,,,,,,,,,,,,,,,,,,,,,,,adiology.io,,,,,,,,,,,,,,,,,,,,,,,,,,,,,,,,,,,,,,,,,,,,,,,,,,,,,,,,,,,,,,,,,,,,,,,,,,,,,,,,,,,,,,,,,,,,,,,,,,,,,,,,,,,,,,,,,,,,,,,,,,,,,,,,,,,,,,,,,,,,,,,,,
"Campaign-Search-Feb 8, 2026 06:59 PM",,,,,,,,,,,Enabled,,Ad Group 2,2,Enabled,,adiology - google campaign builder economical,phrase,Enabled,,,,,,,,,,,,,,,,,,,,,,,,adiology.io,,,,,,,,,,,,,,,,,,,,,,,,,,,,,,,,,,,,,,,,,,,,,,,,,,,,,,,,,,,,,,,,,,,,,,,,,,,,,,,,,,,,,,,,,,,,,,,,,,,,,,,,,,,,,,,,,,,,,,,,,,,,,,,,,,,,,,,,,,,,,,,,,
"Campaign-Search-Feb 8, 2026 06:59 PM",,,,,,,,,,,Enabled,,Ad Group 2,2,Enabled,,select adiology phone number,broad,Enabled,,,,,,,,,,,,,,,,,,,,,,,,adiology.io,,,,,,,,,,,,,,,,,,,,,,,,,,,,,,,,,,,,,,,,,,,,,,,,,,,,,,,,,,,,,,,,,,,,,,,,,,,,,,,,,,,,,,,,,,,,,,,,,,,,,,,,,,,,,,,,,,,,,,,,,,,,,,,,,,,,,,,,,,,,,,,,,
"Campaign-Search-Feb 8, 2026 06:59 PM",,,,,,,,,,,Enabled,,Ad Group 2,2,Enabled,,select adiology - google campaign builder,exact,Enabled,,,,,,,,,,,,,,,,,,,,,,,,adiology.io,,,,,,,,,,,,,,,,,,,,,,,,,,,,,,,,,,,,,,,,,,,,,,,,,,,,,,,,,,,,,,,,,,,,,,,,,,,,,,,,,,,,,,,,,,,,,,,,,,,,,,,,,,,,,,,,,,,,,,,,,,,,,,,,,,,,,,,,,,,,,,,,,
"Campaign-Search-Feb 8, 2026 06:59 PM",,,,,,,,,,,Enabled,,Ad Group 2,2,Enabled,,adiology phone number quick,exact,Enabled,,,,,,,,,,,,,,,,,,,,,,,,adiology.io,,,,,,,,,,,,,,,,,,,,,,,,,,,,,,,,,,,,,,,,,,,,,,,,,,,,,,,,,,,,,,,,,,,,,,,,,,,,,,,,,,,,,,,,,,,,,,,,,,,,,,,,,,,,,,,,,,,,,,,,,,,,,,,,,,,,,,,,,,,,,,,,,
"Campaign-Search-Feb 8, 2026 06:59 PM",,,,,,,,,,,Enabled,,Ad Group 2,2,Enabled,,review a adiology phone number,exact,Enabled,,,,,,,,,,,,,,,,,,,,,,,,adiology.io,,,,,,,,,,,,,,,,,,,,,,,,,,,,,,,,,,,,,,,,,,,,,,,,,,,,,,,,,,,,,,,,,,,,,,,,,,,,,,,,,,,,,,,,,,,,,,,,,,,,,,,,,,,,,,,,,,,,,,,,,,,,,,,,,,,,,,,,,,,,,,,,,
"Campaign-Search-Feb 8, 2026 06:59 PM",,,,,,,,,,,Enabled,,Ad Group 2,2,Enabled,,nearest adiology - google campaign builder,phrase,Enabled,,,,,,,,,,,,,,,,,,,,,,,,adiology.io,,,,,,,,,,,,,,,,,,,,,,,,,,,,,,,,,,,,,,,,,,,,,,,,,,,,,,,,,,,,,,,,,,,,,,,,,,,,,,,,,,,,,,,,,,,,,,,,,,,,,,,,,,,,,,,,,,,,,,,,,,,,,,,,,,,,,,,,,,,,,,,,,
"Campaign-Search-Feb 8, 2026 06:59 PM",,,,,,,,,,,Enabled,,Ad Group 2,2,Enabled,,schedule adiology phone number,broad,Enabled,,,,,,,,,,,,,,,,,,,,,,,,adiology.io,,,,,,,,,,,,,,,,,,,,,,,,,,,,,,,,,,,,,,,,,,,,,,,,,,,,,,,,,,,,,,,,,,,,,,,,,,,,,,,,,,,,,,,,,,,,,,,,,,,,,,,,,,,,,,,,,,,,,,,,,,,,,,,,,,,,,,,,,,,,,,,,,
"Campaign-Search-Feb 8, 2026 06:59 PM",,,,,,,,,,,Enabled,,Ad Group 2,2,Enabled,,premier adiology - google campaign builder,exact,Enabled,,,,,,,,,,,,,,,,,,,,,,,,adiology.io,,,,,,,,,,,,,,,,,,,,,,,,,,,,,,,,,,,,,,,,,,,,,,,,,,,,,,,,,,,,,,,,,,,,,,,,,,,,,,,,,,,,,,,,,,,,,,,,,,,,,,,,,,,,,,,,,,,,,,,,,,,,,,,,,,,,,,,,,,,,,,,,,
"Campaign-Search-Feb 8, 2026 06:59 PM",,,,,,,,,,,Enabled,,Ad Group 2,2,Enabled,,adiology - google campaign builder quick,phrase,Enabled,,,,,,,,,,,,,,,,,,,,,,,,adiology.io,,,,,,,,,,,,,,,,,,,,,,,,,,,,,,,,,,,,,,,,,,,,,,,,,,,,,,,,,,,,,,,,,,,,,,,,,,,,,,,,,,,,,,,,,,,,,,,,,,,,,,,,,,,,,,,,,,,,,,,,,,,,,,,,,,,,,,,,,,,,,,,,,
"Campaign-Search-Feb 8, 2026 06:59 PM",,,,,,,,,,,Enabled,,Ad Group 2,2,Enabled,,when to call adiology phone number,phrase,Enabled,,,,,,,,,,,,,,,,,,,,,,,,adiology.io,,,,,,,,,,,,,,,,,,,,,,,,,,,,,,,,,,,,,,,,,,,,,,,,,,,,,,,,,,,,,,,,,,,,,,,,,,,,,,,,,,,,,,,,,,,,,,,,,,,,,,,,,,,,,,,,,,,,,,,,,,,,,,,,,,,,,,,,,,,,,,,,,
"Campaign-Search-Feb 8, 2026 06:59 PM",,,,,,,,,,,Enabled,,Ad Group 2,2,Enabled,,trustworthy adiology - google campaign builder,broad,Enabled,,,,,,,,,,,,,,,,,,,,,,,,adiology.io,,,,,,,,,,,,,,,,,,,,,,,,,,,,,,,,,,,,,,,,,,,,,,,,,,,,,,,,,,,,,,,,,,,,,,,,,,,,,,,,,,,,,,,,,,,,,,,,,,,,,,,,,,,,,,,,,,,,,,,,,,,,,,,,,,,,,,,,,,,,,,,,,
"Campaign-Search-Feb 8, 2026 06:59 PM",,,,,,,,,,,Enabled,,Ad Group 2,2,Enabled,,transparent adiology - google campaign builder,broad,Enabled,,,,,,,,,,,,,,,,,,,,,,,,adiology.io,,,,,,,,,,,,,,,,,,,,,,,,,,,,,,,,,,,,,,,,,,,,,,,,,,,,,,,,,,,,,,,,,,,,,,,,,,,,,,,,,,,,,,,,,,,,,,,,,,,,,,,,,,,,,,,,,,,,,,,,,,,,,,,,,,,,,,,,,,,,,,,,,
"Campaign-Search-Feb 8, 2026 06:59 PM",,,,,,,,,,,Enabled,,Ad Group 2,2,Enabled,,upfront adiology phone number,broad,Enabled,,,,,,,,,,,,,,,,,,,,,,,,adiology.io,,,,,,,,,,,,,,,,,,,,,,,,,,,,,,,,,,,,,,,,,,,,,,,,,,,,,,,,,,,,,,,,,,,,,,,,,,,,,,,,,,,,,,,,,,,,,,,,,,,,,,,,,,,,,,,,,,,,,,,,,,,,,,,,,,,,,,,,,,,,,,,,,
"Campaign-Search-Feb 8, 2026 06:59 PM",,,,,,,,,,,Enabled,,Ad Group 2,2,Enabled,,family owned adiology phone number,broad,Enabled,,,,,,,,,,,,,,,,,,,,,,,,adiology.io,,,,,,,,,,,,,,,,,,,,,,,,,,,,,,,,,,,,,,,,,,,,,,,,,,,,,,,,,,,,,,,,,,,,,,,,,,,,,,,,,,,,,,,,,,,,,,,,,,,,,,,,,,,,,,,,,,,,,,,,,,,,,,,,,,,,,,,,,,,,,,,,,
"Campaign-Search-Feb 8, 2026 06:59 PM",,,,,,,,,,,Enabled,,Ad Group 2,2,Enabled,,adiology phone number express,phrase,Enabled,,,,,,,,,,,,,,,,,,,,,,,,adiology.io,,,,,,,,,,,,,,,,,,,,,,,,,,,,,,,,,,,,,,,,,,,,,,,,,,,,,,,,,,,,,,,,,,,,,,,,,,,,,,,,,,,,,,,,,,,,,,,,,,,,,,,,,,,,,,,,,,,,,,,,,,,,,,,,,,,,,,,,,,,,,,,,,
"Campaign-Search-Feb 8, 2026 06:59 PM",,,,,,,,,,,Enabled,,Ad Group 2,2,Enabled,,buy adiology - google campaign builder,broad,Enabled,,,,,,,,,,,,,,,,,,,,,,,,adiology.io,,,,,,,,,,,,,,,,,,,,,,,,,,,,,,,,,,,,,,,,,,,,,,,,,,,,,,,,,,,,,,,,,,,,,,,,,,,,,,,,,,,,,,,,,,,,,,,,,,,,,,,,,,,,,,,,,,,,,,,,,,,,,,,,,,,,,,,,,,,,,,,,,
"Campaign-Search-Feb 8, 2026 06:59 PM",,,,,,,,,,,Enabled,,Ad Group 2,2,Enabled,,close adiology phone number,exact,Enabled,,,,,,,,,,,,,,,,,,,,,,,,adiology.io,,,,,,,,,,,,,,,,,,,,,,,,,,,,,,,,,,,,,,,,,,,,,,,,,,,,,,,,,,,,,,,,,,,,,,,,,,,,,,,,,,,,,,,,,,,,,,,,,,,,,,,,,,,,,,,,,,,,,,,,,,,,,,,,,,,,,,,,,,,,,,,,,
"Campaign-Search-Feb 8, 2026 06:59 PM",,,,,,,,,,,Enabled,,Ad Group 2,2,Enabled,,adiology phone number for home nearby,broad,Enabled,,,,,,,,,,,,,,,,,,,,,,,,adiology.io,,,,,,,,,,,,,,,,,,,,,,,,,,,,,,,,,,,,,,,,,,,,,,,,,,,,,,,,,,,,,,,,,,,,,,,,,,,,,,,,,,,,,,,,,,,,,,,,,,,,,,,,,,,,,,,,,,,,,,,,,,,,,,,,,,,,,,,,,,,,,,,,,
"Campaign-Search-Feb 8, 2026 06:59 PM",,,,,,,,,,,Enabled,,Ad Group 2,2,Enabled,,adiology contact help,exact,Enabled,,,,,,,,,,,,,,,,,,,,,,,,adiology.io,,,,,,,,,,,,,,,,,,,,,,,,,,,,,,,,,,,,,,,,,,,,,,,,,,,,,,,,,,,,,,,,,,,,,,,,,,,,,,,,,,,,,,,,,,,,,,,,,,,,,,,,,,,,,,,,,,,,,,,,,,,,,,,,,,,,,,,,,,,,,,,,,
"Campaign-Search-Feb 8, 2026 06:59 PM",,,,,,,,,,,Enabled,,Ad Group 2,2,Enabled,,veteran owned adiology phone number,phrase,Enabled,,,,,,,,,,,,,,,,,,,,,,,,adiology.io,,,,,,,,,,,,,,,,,,,,,,,,,,,,,,,,,,,,,,,,,,,,,,,,,,,,,,,,,,,,,,,,,,,,,,,,,,,,,,,,,,,,,,,,,,,,,,,,,,,,,,,,,,,,,,,,,,,,,,,,,,,,,,,,,,,,,,,,,,,,,,,,,
"Campaign-Search-Feb 8, 2026 06:59 PM",,,,,,,,,,,Enabled,,Ad Group 2,2,Enabled,,adiology phone number local business,exact,Enabled,,,,,,,,,,,,,,,,,,,,,,,,adiology.io,,,,,,,,,,,,,,,,,,,,,,,,,,,,,,,,,,,,,,,,,,,,,,,,,,,,,,,,,,,,,,,,,,,,,,,,,,,,,,,,,,,,,,,,,,,,,,,,,,,,,,,,,,,,,,,,,,,,,,,,,,,,,,,,,,,,,,,,,,,,,,,,,
"Campaign-Search-Feb 8, 2026 06:59 PM",,,,,,,,,,,Enabled,,Ad Group 2,2,Enabled,,now adiology phone number,phrase,Enabled,,,,,,,,,,,,,,,,,,,,,,,,adiology.io,,,,,,,,,,,,,,,,,,,,,,,,,,,,,,,,,,,,,,,,,,,,,,,,,,,,,,,,,,,,,,,,,,,,,,,,,,,,,,,,,,,,,,,,,,,,,,,,,,,,,,,,,,,,,,,,,,,,,,,,,,,,,,,,,,,,,,,,,,,,,,,,,
"Campaign-Search-Feb 8, 2026 06:59 PM",,,,,,,,,,,Enabled,,Ad Group 2,2,Enabled,,adiology contact online,broad,Enabled,,,,,,,,,,,,,,,,,,,,,,,,adiology.io,,,,,,,,,,,,,,,,,,,,,,,,,,,,,,,,,,,,,,,,,,,,,,,,,,,,,,,,,,,,,,,,,,,,,,,,,,,,,,,,,,,,,,,,,,,,,,,,,,,,,,,,,,,,,,,,,,,,,,,,,,,,,,,,,,,,,,,,,,,,,,,,,
"Campaign-Search-Feb 8, 2026 06:59 PM",,,,,,,,,,,Enabled,,Ad Group 2,2,Enabled,,adiology contact veteran owned,phrase,Enabled,,,,,,,,,,,,,,,,,,,,,,,,adiology.io,,,,,,,,,,,,,,,,,,,,,,,,,,,,,,,,,,,,,,,,,,,,,,,,,,,,,,,,,,,,,,,,,,,,,,,,,,,,,,,,,,,,,,,,,,,,,,,,,,,,,,,,,,,,,,,,,,,,,,,,,,,,,,,,,,,,,,,,,,,,,,,,,
"Campaign-Search-Feb 8, 2026 06:59 PM",,,,,,,,,,,Enabled,,Ad Group 2,2,Enabled,,buy adiology - google campaign builder,phrase,Enabled,,,,,,,,,,,,,,,,,,,,,,,,adiology.io,,,,,,,,,,,,,,,,,,,,,,,,,,,,,,,,,,,,,,,,,,,,,,,,,,,,,,,,,,,,,,,,,,,,,,,,,,,,,,,,,,,,,,,,,,,,,,,,,,,,,,,,,,,,,,,,,,,,,,,,,,,,,,,,,,,,,,,,,,,,,,,,,
"Campaign-Search-Feb 8, 2026 06:59 PM",,,,,,,,,,,Enabled,,Ad Group 2,2,Enabled,,adiology phone number services,exact,Enabled,,,,,,,,,,,,,,,,,,,,,,,,adiology.io,,,,,,,,,,,,,,,,,,,,,,,,,,,,,,,,,,,,,,,,,,,,,,,,,,,,,,,,,,,,,,,,,,,,,,,,,,,,,,,,,,,,,,,,,,,,,,,,,,,,,,,,,,,,,,,,,,,,,,,,,,,,,,,,,,,,,,,,,,,,,,,,,
"Campaign-Search-Feb 8, 2026 06:59 PM",,,,,,,,,,,Enabled,,Ad Group 2,2,Enabled,,adiology - google campaign builders,broad,Enabled,,,,,,,,,,,,,,,,,,,,,,,,adiology.io,,,,,,,,,,,,,,,,,,,,,,,,,,,,,,,,,,,,,,,,,,,,,,,,,,,,,,,,,,,,,,,,,,,,,,,,,,,,,,,,,,,,,,,,,,,,,,,,,,,,,,,,,,,,,,,,,,,,,,,,,,,,,,,,,,,,,,,,,,,,,,,,,
"Campaign-Search-Feb 8, 2026 06:59 PM",,,,,,,,,,,Enabled,,Ad Group 2,2,Enabled,,adiology phone number top,broad,Enabled,,,,,,,,,,,,,,,,,,,,,,,,adiology.io,,,,,,,,,,,,,,,,,,,,,,,,,,,,,,,,,,,,,,,,,,,,,,,,,,,,,,,,,,,,,,,,,,,,,,,,,,,,,,,,,,,,,,,,,,,,,,,,,,,,,,,,,,,,,,,,,,,,,,,,,,,,,,,,,,,,,,,,,,,,,,,,,
"Campaign-Search-Feb 8, 2026 06:59 PM",,,,,,,,,,,Enabled,,Ad Group 2,2,Enabled,,skilled adiology phone number,phrase,Enabled,,,,,,,,,,,,,,,,,,,,,,,,adiology.io,,,,,,,,,,,,,,,,,,,,,,,,,,,,,,,,,,,,,,,,,,,,,,,,,,,,,,,,,,,,,,,,,,,,,,,,,,,,,,,,,,,,,,,,,,,,,,,,,,,,,,,,,,,,,,,,,,,,,,,,,,,,,,,,,,,,,,,,,,,,,,,,,
"Campaign-Search-Feb 8, 2026 06:59 PM",,,,,,,,,,,Enabled,,Ad Group 2,2,Enabled,,emergency adiology - google campaign builder,broad,Enabled,,,,,,,,,,,,,,,,,,,,,,,,adiology.io,,,,,,,,,,,,,,,,,,,,,,,,,,,,,,,,,,,,,,,,,,,,,,,,,,,,,,,,,,,,,,,,,,,,,,,,,,,,,,,,,,,,,,,,,,,,,,,,,,,,,,,,,,,,,,,,,,,,,,,,,,,,,,,,,,,,,,,,,,,,,,,,,
"Campaign-Search-Feb 8, 2026 06:59 PM",,,,,,,,,,,Enabled,,Ad Group 2,2,Enabled,,adiology phone number night,broad,Enabled,,,,,,,,,,,,,,,,,,,,,,,,adiology.io,,,,,,,,,,,,,,,,,,,,,,,,,,,,,,,,,,,,,,,,,,,,,,,,,,,,,,,,,,,,,,,,,,,,,,,,,,,,,,,,,,,,,,,,,,,,,,,,,,,,,,,,,,,,,,,,,,,,,,,,,,,,,,,,,,,,,,,,,,,,,,,,,
"Campaign-Search-Feb 8, 2026 06:59 PM",,,,,,,,,,,Enabled,,Ad Group 2,2,Enabled,,adiology - google campaign builder suburban,phrase,Enabled,,,,,,,,,,,,,,,,,,,,,,,,adiology.io,,,,,,,,,,,,,,,,,,,,,,,,,,,,,,,,,,,,,,,,,,,,,,,,,,,,,,,,,,,,,,,,,,,,,,,,,,,,,,,,,,,,,,,,,,,,,,,,,,,,,,,,,,,,,,,,,,,,,,,,,,,,,,,,,,,,,,,,,,,,,,,,,
"Campaign-Search-Feb 8, 2026 06:59 PM",,,,,,,,,,,Enabled,,Ad Group 2,2,Enabled,,high end adiology phone number,broad,Enabled,,,,,,,,,,,,,,,,,,,,,,,,adiology.io,,,,,,,,,,,,,,,,,,,,,,,,,,,,,,,,,,,,,,,,,,,,,,,,,,,,,,,,,,,,,,,,,,,,,,,,,,,,,,,,,,,,,,,,,,,,,,,,,,,,,,,,,,,,,,,,,,,,,,,,,,,,,,,,,,,,,,,,,,,,,,,,,
"Campaign-Search-Feb 8, 2026 06:59 PM",,,,,,,,,,,Enabled,,Ad Group 2,2,Enabled,,experienced adiology phone number nearby,exact,Enabled,,,,,,,,,,,,,,,,,,,,,,,,adiology.io,,,,,,,,,,,,,,,,,,,,,,,,,,,,,,,,,,,,,,,,,,,,,,,,,,,,,,,,,,,,,,,,,,,,,,,,,,,,,,,,,,,,,,,,,,,,,,,,,,,,,,,,,,,,,,,,,,,,,,,,,,,,,,,,,,,,,,,,,,,,,,,,,
"Campaign-Search-Feb 8, 2026 06:59 PM",,,,,,,,,,,Enabled,,Ad Group 2,2,Enabled,,adiology phone number with me,broad,Enabled,,,,,,,,,,,,,,,,,,,,,,,,adiology.io,,,,,,,,,,,,,,,,,,,,,,,,,,,,,,,,,,,,,,,,,,,,,,,,,,,,,,,,,,,,,,,,,,,,,,,,,,,,,,,,,,,,,,,,,,,,,,,,,,,,,,,,,,,,,,,,,,,,,,,,,,,,,,,,,,,,,,,,,,,,,,,,,
"Campaign-Search-Feb 8, 2026 06:59 PM",,,,,,,,,,,Enabled,,Ad Group 2,2,Enabled,,adiology phone number in my area,exact,Enabled,,,,,,,,,,,,,,,,,,,,,,,,adiology.io,,,,,,,,,,,,,,,,,,,,,,,,,,,,,,,,,,,,,,,,,,,,,,,,,,,,,,,,,,,,,,,,,,,,,,,,,,,,,,,,,,,,,,,,,,,,,,,,,,,,,,,,,,,,,,,,,,,,,,,,,,,,,,,,,,,,,,,,,,,,,,,,,
"Campaign-Search-Feb 8, 2026 06:59 PM",,,,,,,,,,,Enabled,,Ad Group 2,2,Enabled,,find adiology phone number,exact,Enabled,,,,,,,,,,,,,,,,,,,,,,,,adiology.io,,,,,,,,,,,,,,,,,,,,,,,,,,,,,,,,,,,,,,,,,,,,,,,,,,,,,,,,,,,,,,,,,,,,,,,,,,,,,,,,,,,,,,,,,,,,,,,,,,,,,,,,,,,,,,,,,,,,,,,,,,,,,,,,,,,,,,,,,,,,,,,,,
"Campaign-Search-Feb 8, 2026 06:59 PM",,,,,,,,,,,Enabled,,Ad Group 2,2,Enabled,,get adiology - google campaign builder,broad,Enabled,,,,,,,,,,,,,,,,,,,,,,,,adiology.io,,,,,,,,,,,,,,,,,,,,,,,,,,,,,,,,,,,,,,,,,,,,,,,,,,,,,,,,,,,,,,,,,,,,,,,,,,,,,,,,,,,,,,,,,,,,,,,,,,,,,,,,,,,,,,,,,,,,,,,,,,,,,,,,,,,,,,,,,,,,,,,,,
"Campaign-Search-Feb 8, 2026 06:59 PM",,,,,,,,,,,Enabled,,Ad Group 2,2,Enabled,,woman owned adiology phone number,exact,Enabled,,,,,,,,,,,,,,,,,,,,,,,,adiology.io,,,,,,,,,,,,,,,,,,,,,,,,,,,,,,,,,,,,,,,,,,,,,,,,,,,,,,,,,,,,,,,,,,,,,,,,,,,,,,,,,,,,,,,,,,,,,,,,,,,,,,,,,,,,,,,,,,,,,,,,,,,,,,,,,,,,,,,,,,,,,,,,,
"Campaign-Search-Feb 8, 2026 06:59 PM",,,,,,,,,,,Enabled,,Ad Group 2,2,Enabled,,adiology phone number urgent,exact,Enabled,,,,,,,,,,,,,,,,,,,,,,,,adiology.io,,,,,,,,,,,,,,,,,,,,,,,,,,,,,,,,,,,,,,,,,,,,,,,,,,,,,,,,,,,,,,,,,,,,,,,,,,,,,,,,,,,,,,,,,,,,,,,,,,,,,,,,,,,,,,,,,,,,,,,,,,,,,,,,,,,,,,,,,,,,,,,,,
"Campaign-Search-Feb 8, 2026 06:59 PM",,,,,,,,,,,Enabled,,Ad Group 2,2,Enabled,,adiology phone number try,exact,Enabled,,,,,,,,,,,,,,,,,,,,,,,,adiology.io,,,,,,,,,,,,,,,,,,,,,,,,,,,,,,,,,,,,,,,,,,,,,,,,,,,,,,,,,,,,,,,,,,,,,,,,,,,,,,,,,,,,,,,,,,,,,,,,,,,,,,,,,,,,,,,,,,,,,,,,,,,,,,,,,,,,,,,,,,,,,,,,,
"Campaign-Search-Feb 8, 2026 06:59 PM",,,,,,,,,,,Enabled,,Ad Group 2,2,Enabled,,adiology phone number with guarantee,phrase,Enabled,,,,,,,,,,,,,,,,,,,,,,,,adiology.io,,,,,,,,,,,,,,,,,,,,,,,,,,,,,,,,,,,,,,,,,,,,,,,,,,,,,,,,,,,,,,,,,,,,,,,,,,,,,,,,,,,,,,,,,,,,,,,,,,,,,,,,,,,,,,,,,,,,,,,,,,,,,,,,,,,,,,,,,,,,,,,,,
"Campaign-Search-Feb 8, 2026 06:59 PM",,,,,,,,,,,Enabled,,Ad Group 2,2,Enabled,,adiology - google campaign builder reputable,phrase,Enabled,,,,,,,,,,,,,,,,,,,,,,,,adiology.io,,,,,,,,,,,,,,,,,,,,,,,,,,,,,,,,,,,,,,,,,,,,,,,,,,,,,,,,,,,,,,,,,,,,,,,,,,,,,,,,,,,,,,,,,,,,,,,,,,,,,,,,,,,,,,,,,,,,,,,,,,,,,,,,,,,,,,,,,,,,,,,,,
"Campaign-Search-Feb 8, 2026 06:59 PM",,,,,,,,,,,Enabled,,Ad Group 2,2,Enabled,,adiology phone number top,phrase,Enabled,,,,,,,,,,,,,,,,,,,,,,,,adiology.io,,,,,,,,,,,,,,,,,,,,,,,,,,,,,,,,,,,,,,,,,,,,,,,,,,,,,,,,,,,,,,,,,,,,,,,,,,,,,,,,,,,,,,,,,,,,,,,,,,,,,,,,,,,,,,,,,,,,,,,,,,,,,,,,,,,,,,,,,,,,,,,,,
"Campaign-Search-Feb 8, 2026 06:59 PM",,,,,,,,,,,Enabled,,Ad Group 2,2,Enabled,,adiology phone number highest rated,exact,Enabled,,,,,,,,,,,,,,,,,,,,,,,,adiology.io,,,,,,,,,,,,,,,,,,,,,,,,,,,,,,,,,,,,,,,,,,,,,,,,,,,,,,,,,,,,,,,,,,,,,,,,,,,,,,,,,,,,,,,,,,,,,,,,,,,,,,,,,,,,,,,,,,,,,,,,,,,,,,,,,,,,,,,,,,,,,,,,,
"Campaign-Search-Feb 8, 2026 06:59 PM",,,,,,,,,,,Enabled,,Ad Group 2,2,Enabled,,adiology contact exclusive,broad,Enabled,,,,,,,,,,,,,,,,,,,,,,,,adiology.io,,,,,,,,,,,,,,,,,,,,,,,,,,,,,,,,,,,,,,,,,,,,,,,,,,,,,,,,,,,,,,,,,,,,,,,,,,,,,,,,,,,,,,,,,,,,,,,,,,,,,,,,,,,,,,,,,,,,,,,,,,,,,,,,,,,,,,,,,,,,,,,,,
"Campaign-Search-Feb 8, 2026 06:59 PM",,,,,,,,,,,Enabled,,Ad Group 2,2,Enabled,,flexible adiology - google campaign builder,exact,Enabled,,,,,,,,,,,,,,,,,,,,,,,,adiology.io,,,,,,,,,,,,,,,,,,,,,,,,,,,,,,,,,,,,,,,,,,,,,,,,,,,,,,,,,,,,,,,,,,,,,,,,,,,,,,,,,,,,,,,,,,,,,,,,,,,,,,,,,,,,,,,,,,,,,,,,,,,,,,,,,,,,,,,,,,,,,,,,,
"Campaign-Search-Feb 8, 2026 06:59 PM",,,,,,,,,,,Enabled,,Ad Group 3,2,Enabled,,emergency adiology contact,exact,Enabled,,,,,,,,,,,,,,,,,,,,,,,,adiology.io,,,,,,,,,,,,,,,,,,,,,,,,,,,,,,,,,,,,,,,,,,,,,,,,,,,,,,,,,,,,,,,,,,,,,,,,,,,,,,,,,,,,,,,,,,,,,,,,,,,,,,,,,,,,,,,,,,,,,,,,,,,,,,,,,,,,,,,,,,,,,,,,,
"Campaign-Search-Feb 8, 2026 06:59 PM",,,,,,,,,,,Enabled,,Ad Group 3,2,Enabled,,adiology - google campaign builder try,broad,Enabled,,,,,,,,,,,,,,,,,,,,,,,,adiology.io,,,,,,,,,,,,,,,,,,,,,,,,,,,,,,,,,,,,,,,,,,,,,,,,,,,,,,,,,,,,,,,,,,,,,,,,,,,,,,,,,,,,,,,,,,,,,,,,,,,,,,,,,,,,,,,,,,,,,,,,,,,,,,,,,,,,,,,,,,,,,,,,,
"Campaign-Search-Feb 8, 2026 06:59 PM",,,,,,,,,,,Enabled,,Ad Group 3,2,Enabled,,adiology - google campaign builder today,phrase,Enabled,,,,,,,,,,,,,,,,,,,,,,,,adiology.io,,,,,,,,,,,,,,,,,,,,,,,,,,,,,,,,,,,,,,,,,,,,,,,,,,,,,,,,,,,,,,,,,,,,,,,,,,,,,,,,,,,,,,,,,,,,,,,,,,,,,,,,,,,,,,,,,,,,,,,,,,,,,,,,,,,,,,,,,,,,,,,,,
"Campaign-Search-Feb 8, 2026 06:59 PM",,,,,,,,,,,Enabled,,Ad Group 3,2,Enabled,,looking for a adiology phone number,phrase,Enabled,,,,,,,,,,,,,,,,,,,,,,,,adiology.io,,,,,,,,,,,,,,,,,,,,,,,,,,,,,,,,,,,,,,,,,,,,,,,,,,,,,,,,,,,,,,,,,,,,,,,,,,,,,,,,,,,,,,,,,,,,,,,,,,,,,,,,,,,,,,,,,,,,,,,,,,,,,,,,,,,,,,,,,,,,,,,,,
"Campaign-Search-Feb 8, 2026 06:59 PM",,,,,,,,,,,Enabled,,Ad Group 3,2,Enabled,,certified adiology phone number,broad,Enabled,,,,,,,,,,,,,,,,,,,,,,,,adiology.io,,,,,,,,,,,,,,,,,,,,,,,,,,,,,,,,,,,,,,,,,,,,,,,,,,,,,,,,,,,,,,,,,,,,,,,,,,,,,,,,,,,,,,,,,,,,,,,,,,,,,,,,,,,,,,,,,,,,,,,,,,,,,,,,,,,,,,,,,,,,,,,,,
"Campaign-Search-Feb 8, 2026 06:59 PM",,,,,,,,,,,Enabled,,Ad Group 3,2,Enabled,,adiology contact online,exact,Enabled,,,,,,,,,,,,,,,,,,,,,,,,adiology.io,,,,,,,,,,,,,,,,,,,,,,,,,,,,,,,,,,,,,,,,,,,,,,,,,,,,,,,,,,,,,,,,,,,,,,,,,,,,,,,,,,,,,,,,,,,,,,,,,,,,,,,,,,,,,,,,,,,,,,,,,,,,,,,,,,,,,,,,,,,,,,,,,
"Campaign-Search-Feb 8, 2026 06:59 PM",,,,,,,,,,,Enabled,,Ad Group 3,2,Enabled,,adiology phone number recommended,exact,Enabled,,,,,,,,,,,,,,,,,,,,,,,,adiology.io,,,,,,,,,,,,,,,,,,,,,,,,,,,,,,,,,,,,,,,,,,,,,,,,,,,,,,,,,,,,,,,,,,,,,,,,,,,,,,,,,,,,,,,,,,,,,,,,,,,,,,,,,,,,,,,,,,,,,,,,,,,,,,,,,,,,,,,,,,,,,,,,,
"Campaign-Search-Feb 8, 2026 06:59 PM",,,,,,,,,,,Enabled,,Ad Group 3,2,Enabled,,adiology phone number night,phrase,Enabled,,,,,,,,,,,,,,,,,,,,,,,,adiology.io,,,,,,,,,,,,,,,,,,,,,,,,,,,,,,,,,,,,,,,,,,,,,,,,,,,,,,,,,,,,,,,,,,,,,,,,,,,,,,,,,,,,,,,,,,,,,,,,,,,,,,,,,,,,,,,,,,,,,,,,,,,,,,,,,,,,,,,,,,,,,,,,,
"Campaign-Search-Feb 8, 2026 06:59 PM",,,,,,,,,,,Enabled,,Ad Group 3,2,Enabled,,adiology contact today,phrase,Enabled,,,,,,,,,,,,,,,,,,,,,,,,adiology.io,,,,,,,,,,,,,,,,,,,,,,,,,,,,,,,,,,,,,,,,,,,,,,,,,,,,,,,,,,,,,,,,,,,,,,,,,,,,,,,,,,,,,,,,,,,,,,,,,,,,,,,,,,,,,,,,,,,,,,,,,,,,,,,,,,,,,,,,,,,,,,,,,
"Campaign-Search-Feb 8, 2026 06:59 PM",,,,,,,,,,,Enabled,,Ad Group 3,2,Enabled,,adiology phone number 24/7,exact,Enabled,,,,,,,,,,,,,,,,,,,,,,,,adiology.io,,,,,,,,,,,,,,,,,,,,,,,,,,,,,,,,,,,,,,,,,,,,,,,,,,,,,,,,,,,,,,,,,,,,,,,,,,,,,,,,,,,,,,,,,,,,,,,,,,,,,,,,,,,,,,,,,,,,,,,,,,,,,,,,,,,,,,,,,,,,,,,,,
"Campaign-Search-Feb 8, 2026 06:59 PM",,,,,,,,,,,Enabled,,Ad Group 3,2,Enabled,,where to get adiology phone number,phrase,Enabled,,,,,,,,,,,,,,,,,,,,,,,,adiology.io,,,,,,,,,,,,,,,,,,,,,,,,,,,,,,,,,,,,,,,,,,,,,,,,,,,,,,,,,,,,,,,,,,,,,,,,,,,,,,,,,,,,,,,,,,,,,,,,,,,,,,,,,,,,,,,,,,,,,,,,,,,,,,,,,,,,,,,,,,,,,,,,,
"Campaign-Search-Feb 8, 2026 06:59 PM",,,,,,,,,,,Enabled,,Ad Group 3,2,Enabled,,adiology - google campaign builder start,exact,Enabled,,,,,,,,,,,,,,,,,,,,,,,,adiology.io,,,,,,,,,,,,,,,,,,,,,,,,,,,,,,,,,,,,,,,,,,,,,,,,,,,,,,,,,,,,,,,,,,,,,,,,,,,,,,,,,,,,,,,,,,,,,,,,,,,,,,,,,,,,,,,,,,,,,,,,,,,,,,,,,,,,,,,,,,,,,,,,,
"Campaign-Search-Feb 8, 2026 06:59 PM",,,,,,,,,,,Enabled,,Ad Group 3,2,Enabled,,adiology phone number price,broad,Enabled,,,,,,,,,,,,,,,,,,,,,,,,adiology.io,,,,,,,,,,,,,,,,,,,,,,,,,,,,,,,,,,,,,,,,,,,,,,,,,,,,,,,,,,,,,,,,,,,,,,,,,,,,,,,,,,,,,,,,,,,,,,,,,,,,,,,,,,,,,,,,,,,,,,,,,,,,,,,,,,,,,,,,,,,,,,,,,
"Campaign-Search-Feb 8, 2026 06:59 PM",,,,,,,,,,,Enabled,,Ad Group 3,2,Enabled,,value adiology phone number,exact,Enabled,,,,,,,,,,,,,,,,,,,,,,,,adiology.io,,,,,,,,,,,,,,,,,,,,,,,,,,,,,,,,,,,,,,,,,,,,,,,,,,,,,,,,,,,,,,,,,,,,,,,,,,,,,,,,,,,,,,,,,,,,,,,,,,,,,,,,,,,,,,,,,,,,,,,,,,,,,,,,,,,,,,,,,,,,,,,,,
"Campaign-Search-Feb 8, 2026 06:59 PM",,,,,,,,,,,Enabled,,Ad Group 3,2,Enabled,,adiology phone number companies,broad,Enabled,,,,,,,,,,,,,,,,,,,,,,,,adiology.io,,,,,,,,,,,,,,,,,,,,,,,,,,,,,,,,,,,,,,,,,,,,,,,,,,,,,,,,,,,,,,,,,,,,,,,,,,,,,,,,,,,,,,,,,,,,,,,,,,,,,,,,,,,,,,,,,,,,,,,,,,,,,,,,,,,,,,,,,,,,,,,,,
"Campaign-Search-Feb 8, 2026 06:59 PM",,,,,,,,,,,Enabled,,Ad Group 3,2,Enabled,,professional adiology phone number local,exact,Enabled,,,,,,,,,,,,,,,,,,,,,,,,adiology.io,,,,,,,,,,,,,,,,,,,,,,,,,,,,,,,,,,,,,,,,,,,,,,,,,,,,,,,,,,,,,,,,,,,,,,,,,,,,,,,,,,,,,,,,,,,,,,,,,,,,,,,,,,,,,,,,,,,,,,,,,,,,,,,,,,,,,,,,,,,,,,,,,
"Campaign-Search-Feb 8, 2026 06:59 PM",,,,,,,,,,,Enabled,,Ad Group 3,2,Enabled,,adiology contact quality,broad,Enabled,,,,,,,,,,,,,,,,,,,,,,,,adiology.io,,,,,,,,,,,,,,,,,,,,,,,,,,,,,,,,,,,,,,,,,,,,,,,,,,,,,,,,,,,,,,,,,,,,,,,,,,,,,,,,,,,,,,,,,,,,,,,,,,,,,,,,,,,,,,,,,,,,,,,,,,,,,,,,,,,,,,,,,,,,,,,,,
"Campaign-Search-Feb 8, 2026 06:59 PM",,,,,,,,,,,Enabled,,Ad Group 3,2,Enabled,,adiology phone number in me,phrase,Enabled,,,,,,,,,,,,,,,,,,,,,,,,adiology.io,,,,,,,,,,,,,,,,,,,,,,,,,,,,,,,,,,,,,,,,,,,,,,,,,,,,,,,,,,,,,,,,,,,,,,,,,,,,,,,,,,,,,,,,,,,,,,,,,,,,,,,,,,,,,,,,,,,,,,,,,,,,,,,,,,,,,,,,,,,,,,,,,
"Campaign-Search-Feb 8, 2026 06:59 PM",,,,,,,,,,,Enabled,,Ad Group 3,2,Enabled,,book adiology - google campaign builder,phrase,Enabled,,,,,,,,,,,,,,,,,,,,,,,,adiology.io,,,,,,,,,,,,,,,,,,,,,,,,,,,,,,,,,,,,,,,,,,,,,,,,,,,,,,,,,,,,,,,,,,,,,,,,,,,,,,,,,,,,,,,,,,,,,,,,,,,,,,,,,,,,,,,,,,,,,,,,,,,,,,,,,,,,,,,,,,,,,,,,,
"Campaign-Search-Feb 8, 2026 06:59 PM",,,,,,,,,,,Enabled,,Ad Group 3,2,Enabled,,adiology phone number licensed,broad,Enabled,,,,,,,,,,,,,,,,,,,,,,,,adiology.io,,,,,,,,,,,,,,,,,,,,,,,,,,,,,,,,,,,,,,,,,,,,,,,,,,,,,,,,,,,,,,,,,,,,,,,,,,,,,,,,,,,,,,,,,,,,,,,,,,,,,,,,,,,,,,,,,,,,,,,,,,,,,,,,,,,,,,,,,,,,,,,,,
"Campaign-Search-Feb 8, 2026 06:59 PM",,,,,,,,,,,Enabled,,Ad Group 3,2,Enabled,,adiology phone number woman owned,exact,Enabled,,,,,,,,,,,,,,,,,,,,,,,,adiology.io,,,,,,,,,,,,,,,,,,,,,,,,,,,,,,,,,,,,,,,,,,,,,,,,,,,,,,,,,,,,,,,,,,,,,,,,,,,,,,,,,,,,,,,,,,,,,,,,,,,,,,,,,,,,,,,,,,,,,,,,,,,,,,,,,,,,,,,,,,,,,,,,,
"Campaign-Search-Feb 8, 2026 06:59 PM",,,,,,,,,,,Enabled,,Ad Group 3,2,Enabled,,efficient adiology phone number,exact,Enabled,,,,,,,,,,,,,,,,,,,,,,,,adiology.io,,,,,,,,,,,,,,,,,,,,,,,,,,,,,,,,,,,,,,,,,,,,,,,,,,,,,,,,,,,,,,,,,,,,,,,,,,,,,,,,,,,,,,,,,,,,,,,,,,,,,,,,,,,,,,,,,,,,,,,,,,,,,,,,,,,,,,,,,,,,,,,,,
"Campaign-Search-Feb 8, 2026 06:59 PM",,,,,,,,,,,Enabled,,Ad Group 3,2,Enabled,,trustworthy adiology - google campaign builder,exact,Enabled,,,,,,,,,,,,,,,,,,,,,,,,adiology.io,,,,,,,,,,,,,,,,,,,,,,,,,,,,,,,,,,,,,,,,,,,,,,,,,,,,,,,,,,,,,,,,,,,,,,,,,,,,,,,,,,,,,,,,,,,,,,,,,,,,,,,,,,,,,,,,,,,,,,,,,,,,,,,,,,,,,,,,,,,,,,,,,
"Campaign-Search-Feb 8, 2026 06:59 PM",,,,,,,,,,,Enabled,,Ad Group 3,2,Enabled,,adiology - google campaign builder service,broad,Enabled,,,,,,,,,,,,,,,,,,,,,,,,adiology.io,,,,,,,,,,,,,,,,,,,,,,,,,,,,,,,,,,,,,,,,,,,,,,,,,,,,,,,,,,,,,,,,,,,,,,,,,,,,,,,,,,,,,,,,,,,,,,,,,,,,,,,,,,,,,,,,,,,,,,,,,,,,,,,,,,,,,,,,,,,,,,,,,
"Campaign-Search-Feb 8, 2026 06:59 PM",,,,,,,,,,,Enabled,,Ad Group 3,2,Enabled,,adiology contact family owned,broad,Enabled,,,,,,,,,,,,,,,,,,,,,,,,adiology.io,,,,,,,,,,,,,,,,,,,,,,,,,,,,,,,,,,,,,,,,,,,,,,,,,,,,,,,,,,,,,,,,,,,,,,,,,,,,,,,,,,,,,,,,,,,,,,,,,,,,,,,,,,,,,,,,,,,,,,,,,,,,,,,,,,,,,,,,,,,,,,,,,
"Campaign-Search-Feb 8, 2026 06:59 PM",,,,,,,,,,,Enabled,,Ad Group 3,2,Enabled,,trusted adiology - google campaign builder,exact,Enabled,,,,,,,,,,,,,,,,,,,,,,,,adiology.io,,,,,,,,,,,,,,,,,,,,,,,,,,,,,,,,,,,,,,,,,,,,,,,,,,,,,,,,,,,,,,,,,,,,,,,,,,,,,,,,,,,,,,,,,,,,,,,,,,,,,,,,,,,,,,,,,,,,,,,,,,,,,,,,,,,,,,,,,,,,,,,,,
"Campaign-Search-Feb 8, 2026 06:59 PM",,,,,,,,,,,Enabled,,Ad Group 3,2,Enabled,,reasonable adiology - google campaign builder,phrase,Enabled,,,,,,,,,,,,,,,,,,,,,,,,adiology.io,,,,,,,,,,,,,,,,,,,,,,,,,,,,,,,,,,,,,,,,,,,,,,,,,,,,,,,,,,,,,,,,,,,,,,,,,,,,,,,,,,,,,,,,,,,,,,,,,,,,,,,,,,,,,,,,,,,,,,,,,,,,,,,,,,,,,,,,,,,,,,,,,
"Campaign-Search-Feb 8, 2026 06:59 PM",,,,,,,,,,,Enabled,,Ad Group 3,2,Enabled,,close adiology - google campaign builder,exact,Enabled,,,,,,,,,,,,,,,,,,,,,,,,adiology.io,,,,,,,,,,,,,,,,,,,,,,,,,,,,,,,,,,,,,,,,,,,,,,,,,,,,,,,,,,,,,,,,,,,,,,,,,,,,,,,,,,,,,,,,,,,,,,,,,,,,,,,,,,,,,,,,,,,,,,,,,,,,,,,,,,,,,,,,,,,,,,,,,
"Campaign-Search-Feb 8, 2026 06:59 PM",,,,,,,,,,,Enabled,,Ad Group 3,2,Enabled,,family owned adiology contact,exact,Enabled,,,,,,,,,,,,,,,,,,,,,,,,adiology.io,,,,,,,,,,,,,,,,,,,,,,,,,,,,,,,,,,,,,,,,,,,,,,,,,,,,,,,,,,,,,,,,,,,,,,,,,,,,,,,,,,,,,,,,,,,,,,,,,,,,,,,,,,,,,,,,,,,,,,,,,,,,,,,,,,,,,,,,,,,,,,,,,
"Campaign-Search-Feb 8, 2026 06:59 PM",,,,,,,,,,,Enabled,,Ad Group 3,2,Enabled,,exclusive adiology contact,phrase,Enabled,,,,,,,,,,,,,,,,,,,,,,,,adiology.io,,,,,,,,,,,,,,,,,,,,,,,,,,,,,,,,,,,,,,,,,,,,,,,,,,,,,,,,,,,,,,,,,,,,,,,,,,,,,,,,,,,,,,,,,,,,,,,,,,,,,,,,,,,,,,,,,,,,,,,,,,,,,,,,,,,,,,,,,,,,,,,,,
"Campaign-Search-Feb 8, 2026 06:59 PM",,,,,,,,,,,Enabled,,Ad Group 3,2,Enabled,,adiology phone number start,phrase,Enabled,,,,,,,,,,,,,,,,,,,,,,,,adiology.io,,,,,,,,,,,,,,,,,,,,,,,,,,,,,,,,,,,,,,,,,,,,,,,,,,,,,,,,,,,,,,,,,,,,,,,,,,,,,,,,,,,,,,,,,,,,,,,,,,,,,,,,,,,,,,,,,,,,,,,,,,,,,,,,,,,,,,,,,,,,,,,,,
"Campaign-Search-Feb 8, 2026 06:59 PM",,,,,,,,,,,Enabled,,Ad Group 3,2,Enabled,,adiology phone number with warranty local,phrase,Enabled,,,,,,,,,,,,,,,,,,,,,,,,adiology.io,,,,,,,,,,,,,,,,,,,,,,,,,,,,,,,,,,,,,,,,,,,,,,,,,,,,,,,,,,,,,,,,,,,,,,,,,,,,,,,,,,,,,,,,,,,,,,,,,,,,,,,,,,,,,,,,,,,,,,,,,,,,,,,,,,,,,,,,,,,,,,,,,
"Campaign-Search-Feb 8, 2026 06:59 PM",,,,,,,,,,,Enabled,,Ad Group 3,2,Enabled,,adiology contact near me,phrase,Enabled,,,,,,,,,,,,,,,,,,,,,,,,adiology.io,,,,,,,,,,,,,,,,,,,,,,,,,,,,,,,,,,,,,,,,,,,,,,,,,,,,,,,,,,,,,,,,,,,,,,,,,,,,,,,,,,,,,,,,,,,,,,,,,,,,,,,,,,,,,,,,,,,,,,,,,,,,,,,,,,,,,,,,,,,,,,,,,
"Campaign-Search-Feb 8, 2026 06:59 PM",,,,,,,,,,,Enabled,,Ad Group 3,2,Enabled,,nearest adiology phone number,phrase,Enabled,,,,,,,,,,,,,,,,,,,,,,,,adiology.io,,,,,,,,,,,,,,,,,,,,,,,,,,,,,,,,,,,,,,,,,,,,,,,,,,,,,,,,,,,,,,,,,,,,,,,,,,,,,,,,,,,,,,,,,,,,,,,,,,,,,,,,,,,,,,,,,,,,,,,,,,,,,,,,,,,,,,,,,,,,,,,,,
"Campaign-Search-Feb 8, 2026 06:59 PM",,,,,,,,,,,Enabled,,Ad Group 3,2,Enabled,,adiology - google campaign builder economical,exact,Enabled,,,,,,,,,,,,,,,,,,,,,,,,adiology.io,,,,,,,,,,,,,,,,,,,,,,,,,,,,,,,,,,,,,,,,,,,,,,,,,,,,,,,,,,,,,,,,,,,,,,,,,,,,,,,,,,,,,,,,,,,,,,,,,,,,,,,,,,,,,,,,,,,,,,,,,,,,,,,,,,,,,,,,,,,,,,,,,
"Campaign-Search-Feb 8, 2026 06:59 PM",,,,,,,,,,,Enabled,,Ad Group 3,2,Enabled,,leading adiology - google campaign builder,exact,Enabled,,,,,,,,,,,,,,,,,,,,,,,,adiology.io,,,,,,,,,,,,,,,,,,,,,,,,,,,,,,,,,,,,,,,,,,,,,,,,,,,,,,,,,,,,,,,,,,,,,,,,,,,,,,,,,,,,,,,,,,,,,,,,,,,,,,,,,,,,,,,,,,,,,,,,,,,,,,,,,,,,,,,,,,,,,,,,,
"Campaign-Search-Feb 8, 2026 06:59 PM",,,,,,,,,,,Enabled,,Ad Group 3,2,Enabled,,weekend adiology - google campaign builder,broad,Enabled,,,,,,,,,,,,,,,,,,,,,,,,adiology.io,,,,,,,,,,,,,,,,,,,,,,,,,,,,,,,,,,,,,,,,,,,,,,,,,,,,,,,,,,,,,,,,,,,,,,,,,,,,,,,,,,,,,,,,,,,,,,,,,,,,,,,,,,,,,,,,,,,,,,,,,,,,,,,,,,,,,,,,,,,,,,,,,
"Campaign-Search-Feb 8, 2026 06:59 PM",,,,,,,,,,,Enabled,,Ad Group 3,2,Enabled,,adiology phone number emergency,exact,Enabled,,,,,,,,,,,,,,,,,,,,,,,,adiology.io,,,,,,,,,,,,,,,,,,,,,,,,,,,,,,,,,,,,,,,,,,,,,,,,,,,,,,,,,,,,,,,,,,,,,,,,,,,,,,,,,,,,,,,,,,,,,,,,,,,,,,,,,,,,,,,,,,,,,,,,,,,,,,,,,,,,,,,,,,,,,,,,,
"Campaign-Search-Feb 8, 2026 06:59 PM",,,,,,,,,,,Enabled,,Ad Group 3,2,Enabled,,morning adiology contact,exact,Enabled,,,,,,,,,,,,,,,,,,,,,,,,adiology.io,,,,,,,,,,,,,,,,,,,,,,,,,,,,,,,,,,,,,,,,,,,,,,,,,,,,,,,,,,,,,,,,,,,,,,,,,,,,,,,,,,,,,,,,,,,,,,,,,,,,,,,,,,,,,,,,,,,,,,,,,,,,,,,,,,,,,,,,,,,,,,,,,
"Campaign-Search-Feb 8, 2026 06:59 PM",,,,,,,,,,,Enabled,,Ad Group 3,2,Enabled,,adiology - google campaign builder help,phrase,Enabled,,,,,,,,,,,,,,,,,,,,,,,,adiology.io,,,,,,,,,,,,,,,,,,,,,,,,,,,,,,,,,,,,,,,,,,,,,,,,,,,,,,,,,,,,,,,,,,,,,,,,,,,,,,,,,,,,,,,,,,,,,,,,,,,,,,,,,,,,,,,,,,,,,,,,,,,,,,,,,,,,,,,,,,,,,,,,,
"Campaign-Search-Feb 8, 2026 06:59 PM",,,,,,,,,,,Enabled,,Ad Group 3,2,Enabled,,small business adiology phone number,exact,Enabled,,,,,,,,,,,,,,,,,,,,,,,,adiology.io,,,,,,,,,,,,,,,,,,,,,,,,,,,,,,,,,,,,,,,,,,,,,,,,,,,,,,,,,,,,,,,,,,,,,,,,,,,,,,,,,,,,,,,,,,,,,,,,,,,,,,,,,,,,,,,,,,,,,,,,,,,,,,,,,,,,,,,,,,,,,,,,,
"Campaign-Search-Feb 8, 2026 06:59 PM",,,,,,,,,,,Enabled,,Ad Group 3,2,Enabled,,nearest adiology contact,exact,Enabled,,,,,,,,,,,,,,,,,,,,,,,,adiology.io,,,,,,,,,,,,,,,,,,,,,,,,,,,,,,,,,,,,,,,,,,,,,,,,,,,,,,,,,,,,,,,,,,,,,,,,,,,,,,,,,,,,,,,,,,,,,,,,,,,,,,,,,,,,,,,,,,,,,,,,,,,,,,,,,,,,,,,,,,,,,,,,,
"Campaign-Search-Feb 8, 2026 06:59 PM",,,,,,,,,,,Enabled,,Ad Group 3,2,Enabled,,efficient adiology - google campaign builder,exact,Enabled,,,,,,,,,,,,,,,,,,,,,,,,adiology.io,,,,,,,,,,,,,,,,,,,,,,,,,,,,,,,,,,,,,,,,,,,,,,,,,,,,,,,,,,,,,,,,,,,,,,,,,,,,,,,,,,,,,,,,,,,,,,,,,,,,,,,,,,,,,,,,,,,,,,,,,,,,,,,,,,,,,,,,,,,,,,,,,
"Campaign-Search-Feb 8, 2026 06:59 PM",,,,,,,,,,,Enabled,,Ad Group 3,2,Enabled,,insured adiology phone number,phrase,Enabled,,,,,,,,,,,,,,,,,,,,,,,,adiology.io,,,,,,,,,,,,,,,,,,,,,,,,,,,,,,,,,,,,,,,,,,,,,,,,,,,,,,,,,,,,,,,,,,,,,,,,,,,,,,,,,,,,,,,,,,,,,,,,,,,,,,,,,,,,,,,,,,,,,,,,,,,,,,,,,,,,,,,,,,,,,,,,,
"Campaign-Search-Feb 8, 2026 06:59 PM",,,,,,,,,,,Enabled,,Ad Group 3,2,Enabled,,recommended adiology phone number,exact,Enabled,,,,,,,,,,,,,,,,,,,,,,,,adiology.io,,,,,,,,,,,,,,,,,,,,,,,,,,,,,,,,,,,,,,,,,,,,,,,,,,,,,,,,,,,,,,,,,,,,,,,,,,,,,,,,,,,,,,,,,,,,,,,,,,,,,,,,,,,,,,,,,,,,,,,,,,,,,,,,,,,,,,,,,,,,,,,,,
"Campaign-Search-Feb 8, 2026 06:59 PM",,,,,,,,,,,Enabled,,Ad Group 3,2,Enabled,,trustworthy adiology phone number,phrase,Enabled,,,,,,,,,,,,,,,,,,,,,,,,adiology.io,,,,,,,,,,,,,,,,,,,,,,,,,,,,,,,,,,,,,,,,,,,,,,,,,,,,,,,,,,,,,,,,,,,,,,,,,,,,,,,,,,,,,,,,,,,,,,,,,,,,,,,,,,,,,,,,,,,,,,,,,,,,,,,,,,,,,,,,,,,,,,,,,
"Campaign-Search-Feb 8, 2026 06:59 PM",,,,,,,,,,,Enabled,,Ad Group 3,2,Enabled,,responsive adiology - google campaign builder,exact,Enabled,,,,,,,,,,,,,,,,,,,,,,,,adiology.io,,,,,,,,,,,,,,,,,,,,,,,,,,,,,,,,,,,,,,,,,,,,,,,,,,,,,,,,,,,,,,,,,,,,,,,,,,,,,,,,,,,,,,,,,,,,,,,,,,,,,,,,,,,,,,,,,,,,,,,,,,,,,,,,,,,,,,,,,,,,,,,,,
"Campaign-Search-Feb 8, 2026 06:59 PM",,,,,,,,,,,Enabled,,Ad Group 3,2,Enabled,,adiology - google campaign builder today,broad,Enabled,,,,,,,,,,,,,,,,,,,,,,,,adiology.io,,,,,,,,,,,,,,,,,,,,,,,,,,,,,,,,,,,,,,,,,,,,,,,,,,,,,,,,,,,,,,,,,,,,,,,,,,,,,,,,,,,,,,,,,,,,,,,,,,,,,,,,,,,,,,,,,,,,,,,,,,,,,,,,,,,,,,,,,,,,,,,,,
"Campaign-Search-Feb 8, 2026 06:59 PM",,,,,,,,,,,Enabled,,Ad Group 3,2,Enabled,,adiology - google campaign builder price,phrase,Enabled,,,,,,,,,,,,,,,,,,,,,,,,adiology.io,,,,,,,,,,,,,,,,,,,,,,,,,,,,,,,,,,,,,,,,,,,,,,,,,,,,,,,,,,,,,,,,,,,,,,,,,,,,,,,,,,,,,,,,,,,,,,,,,,,,,,,,,,,,,,,,,,,,,,,,,,,,,,,,,,,,,,,,,,,,,,,,,
"Campaign-Search-Feb 8, 2026 06:59 PM",,,,,,,,,,,Enabled,,Ad Group 3,2,Enabled,,call adiology - google campaign builder,phrase,Enabled,,,,,,,,,,,,,,,,,,,,,,,,adiology.io,,,,,,,,,,,,,,,,,,,,,,,,,,,,,,,,,,,,,,,,,,,,,,,,,,,,,,,,,,,,,,,,,,,,,,,,,,,,,,,,,,,,,,,,,,,,,,,,,,,,,,,,,,,,,,,,,,,,,,,,,,,,,,,,,,,,,,,,,,,,,,,,,
"Campaign-Search-Feb 8, 2026 06:59 PM",,,,,,,,,,,Enabled,,Ad Group 3,2,Enabled,,adiology phone number city area,exact,Enabled,,,,,,,,,,,,,,,,,,,,,,,,adiology.io,,,,,,,,,,,,,,,,,,,,,,,,,,,,,,,,,,,,,,,,,,,,,,,,,,,,,,,,,,,,,,,,,,,,,,,,,,,,,,,,,,,,,,,,,,,,,,,,,,,,,,,,,,,,,,,,,,,,,,,,,,,,,,,,,,,,,,,,,,,,,,,,,
"Campaign-Search-Feb 8, 2026 06:59 PM",,,,,,,,,,,Enabled,,Ad Group 3,2,Enabled,,night adiology - google campaign builder,broad,Enabled,,,,,,,,,,,,,,,,,,,,,,,,adiology.io,,,,,,,,,,,,,,,,,,,,,,,,,,,,,,,,,,,,,,,,,,,,,,,,,,,,,,,,,,,,,,,,,,,,,,,,,,,,,,,,,,,,,,,,,,,,,,,,,,,,,,,,,,,,,,,,,,,,,,,,,,,,,,,,,,,,,,,,,,,,,,,,,
"Campaign-Search-Feb 8, 2026 06:59 PM",,,,,,,,,,,Enabled,,Ad Group 3,2,Enabled,,adiology - google campaign builder top,phrase,Enabled,,,,,,,,,,,,,,,,,,,,,,,,adiology.io,,,,,,,,,,,,,,,,,,,,,,,,,,,,,,,,,,,,,,,,,,,,,,,,,,,,,,,,,,,,,,,,,,,,,,,,,,,,,,,,,,,,,,,,,,,,,,,,,,,,,,,,,,,,,,,,,,,,,,,,,,,,,,,,,,,,,,,,,,,,,,,,,
"Campaign-Search-Feb 8, 2026 06:59 PM",,,,,,,,,,,Enabled,,Ad Group 3,2,Enabled,,nearest adiology phone number,broad,Enabled,,,,,,,,,,,,,,,,,,,,,,,,adiology.io,,,,,,,,,,,,,,,,,,,,,,,,,,,,,,,,,,,,,,,,,,,,,,,,,,,,,,,,,,,,,,,,,,,,,,,,,,,,,,,,,,,,,,,,,,,,,,,,,,,,,,,,,,,,,,,,,,,,,,,,,,,,,,,,,,,,,,,,,,,,,,,,,
"Campaign-Search-Feb 8, 2026 06:59 PM",,,,,,,,,,,Enabled,,Ad Group 3,2,Enabled,,contact a adiology phone number,exact,Enabled,,,,,,,,,,,,,,,,,,,,,,,,adiology.io,,,,,,,,,,,,,,,,,,,,,,,,,,,,,,,,,,,,,,,,,,,,,,,,,,,,,,,,,,,,,,,,,,,,,,,,,,,,,,,,,,,,,,,,,,,,,,,,,,,,,,,,,,,,,,,,,,,,,,,,,,,,,,,,,,,,,,,,,,,,,,,,,
"Campaign-Search-Feb 8, 2026 06:59 PM",,,,,,,,,,,Enabled,,Ad Group 3,2,Enabled,,adiology phone number city area,phrase,Enabled,,,,,,,,,,,,,,,,,,,,,,,,adiology.io,,,,,,,,,,,,,,,,,,,,,,,,,,,,,,,,,,,,,,,,,,,,,,,,,,,,,,,,,,,,,,,,,,,,,,,,,,,,,,,,,,,,,,,,,,,,,,,,,,,,,,,,,,,,,,,,,,,,,,,,,,,,,,,,,,,,,,,,,,,,,,,,,
"Campaign-Search-Feb 8, 2026 06:59 PM",,,,,,,,,,,Enabled,,Ad Group 3,2,Enabled,,request adiology phone number,broad,Enabled,,,,,,,,,,,,,,,,,,,,,,,,adiology.io,,,,,,,,,,,,,,,,,,,,,,,,,,,,,,,,,,,,,,,,,,,,,,,,,,,,,,,,,,,,,,,,,,,,,,,,,,,,,,,,,,,,,,,,,,,,,,,,,,,,,,,,,,,,,,,,,,,,,,,,,,,,,,,,,,,,,,,,,,,,,,,,,
"Campaign-Search-Feb 8, 2026 06:59 PM",,,,,,,,,,,Enabled,,Ad Group 3,2,Enabled,,request adiology - google campaign builder,exact,Enabled,,,,,,,,,,,,,,,,,,,,,,,,adiology.io,,,,,,,,,,,,,,,,,,,,,,,,,,,,,,,,,,,,,,,,,,,,,,,,,,,,,,,,,,,,,,,,,,,,,,,,,,,,,,,,,,,,,,,,,,,,,,,,,,,,,,,,,,,,,,,,,,,,,,,,,,,,,,,,,,,,,,,,,,,,,,,,,
"Campaign-Search-Feb 8, 2026 06:59 PM",,,,,,,,,,,Enabled,,Ad Group 3,2,Enabled,,fast adiology - google campaign builder,exact,Enabled,,,,,,,,,,,,,,,,,,,,,,,,adiology.io,,,,,,,,,,,,,,,,,,,,,,,,,,,,,,,,,,,,,,,,,,,,,,,,,,,,,,,,,,,,,,,,,,,,,,,,,,,,,,,,,,,,,,,,,,,,,,,,,,,,,,,,,,,,,,,,,,,,,,,,,,,,,,,,,,,,,,,,,,,,,,,,,
"Campaign-Search-Feb 8, 2026 06:59 PM",,,,,,,,,,,Enabled,,Ad Group 3,2,Enabled,,adiology contact certified,phrase,Enabled,,,,,,,,,,,,,,,,,,,,,,,,adiology.io,,,,,,,,,,,,,,,,,,,,,,,,,,,,,,,,,,,,,,,,,,,,,,,,,,,,,,,,,,,,,,,,,,,,,,,,,,,,,,,,,,,,,,,,,,,,,,,,,,,,,,,,,,,,,,,,,,,,,,,,,,,,,,,,,,,,,,,,,,,,,,,,,
"Campaign-Search-Feb 8, 2026 06:59 PM",,,,,,,,,,,Enabled,,Ad Group 3,2,Enabled,,adiology phone number in area,broad,Enabled,,,,,,,,,,,,,,,,,,,,,,,,adiology.io,,,,,,,,,,,,,,,,,,,,,,,,,,,,,,,,,,,,,,,,,,,,,,,,,,,,,,,,,,,,,,,,,,,,,,,,,,,,,,,,,,,,,,,,,,,,,,,,,,,,,,,,,,,,,,,,,,,,,,,,,,,,,,,,,,,,,,,,,,,,,,,,,
"Campaign-Search-Feb 8, 2026 06:59 PM",,,,,,,,,,,Enabled,,Ad Group 3,2,Enabled,,adiology - google campaign builder top,broad,Enabled,,,,,,,,,,,,,,,,,,,,,,,,adiology.io,,,,,,,,,,,,,,,,,,,,,,,,,,,,,,,,,,,,,,,,,,,,,,,,,,,,,,,,,,,,,,,,,,,,,,,,,,,,,,,,,,,,,,,,,,,,,,,,,,,,,,,,,,,,,,,,,,,,,,,,,,,,,,,,,,,,,,,,,,,,,,,,,
"Campaign-Search-Feb 8, 2026 06:59 PM",,,,,,,,,,,Enabled,,Ad Group 3,2,Enabled,,certified adiology contact,exact,Enabled,,,,,,,,,,,,,,,,,,,,,,,,adiology.io,,,,,,,,,,,,,,,,,,,,,,,,,,,,,,,,,,,,,,,,,,,,,,,,,,,,,,,,,,,,,,,,,,,,,,,,,,,,,,,,,,,,,,,,,,,,,,,,,,,,,,,,,,,,,,,,,,,,,,,,,,,,,,,,,,,,,,,,,,,,,,,,,
"Campaign-Search-Feb 8, 2026 06:59 PM",,,,,,,,,,,Enabled,,Ad Group 3,2,Enabled,,adiology - google campaign builder inexpensive,broad,Enabled,,,,,,,,,,,,,,,,,,,,,,,,adiology.io,,,,,,,,,,,,,,,,,,,,,,,,,,,,,,,,,,,,,,,,,,,,,,,,,,,,,,,,,,,,,,,,,,,,,,,,,,,,,,,,,,,,,,,,,,,,,,,,,,,,,,,,,,,,,,,,,,,,,,,,,,,,,,,,,,,,,,,,,,,,,,,,,
"Campaign-Search-Feb 8, 2026 06:59 PM",,,,,,,,,,,Enabled,,Ad Group 3,2,Enabled,,emergency adiology phone number nearby,broad,Enabled,,,,,,,,,,,,,,,,,,,,,,,,adiology.io,,,,,,,,,,,,,,,,,,,,,,,,,,,,,,,,,,,,,,,,,,,,,,,,,,,,,,,,,,,,,,,,,,,,,,,,,,,,,,,,,,,,,,,,,,,,,,,,,,,,,,,,,,,,,,,,,,,,,,,,,,,,,,,,,,,,,,,,,,,,,,,,,
"Campaign-Search-Feb 8, 2026 06:59 PM",,,,,,,,,,,Enabled,,Ad Group 3,2,Enabled,,adiology phone number immediate,exact,Enabled,,,,,,,,,,,,,,,,,,,,,,,,adiology.io,,,,,,,,,,,,,,,,,,,,,,,,,,,,,,,,,,,,,,,,,,,,,,,,,,,,,,,,,,,,,,,,,,,,,,,,,,,,,,,,,,,,,,,,,,,,,,,,,,,,,,,,,,,,,,,,,,,,,,,,,,,,,,,,,,,,,,,,,,,,,,,,,
"Campaign-Search-Feb 8, 2026 06:59 PM",,,,,,,,,,,Enabled,,Ad Group 3,2,Enabled,,family owned adiology contact,phrase,Enabled,,,,,,,,,,,,,,,,,,,,,,,,adiology.io,,,,,,,,,,,,,,,,,,,,,,,,,,,,,,,,,,,,,,,,,,,,,,,,,,,,,,,,,,,,,,,,,,,,,,,,,,,,,,,,,,,,,,,,,,,,,,,,,,,,,,,,,,,,,,,,,,,,,,,,,,,,,,,,,,,,,,,,,,,,,,,,,
"Campaign-Search-Feb 8, 2026 06:59 PM",,,,,,,,,,,Enabled,,Ad Group 3,2,Enabled,,adiology - google campaign builder close,broad,Enabled,,,,,,,,,,,,,,,,,,,,,,,,adiology.io,,,,,,,,,,,,,,,,,,,,,,,,,,,,,,,,,,,,,,,,,,,,,,,,,,,,,,,,,,,,,,,,,,,,,,,,,,,,,,,,,,,,,,,,,,,,,,,,,,,,,,,,,,,,,,,,,,,,,,,,,,,,,,,,,,,,,,,,,,,,,,,,,
"Campaign-Search-Feb 8, 2026 06:59 PM",,,,,,,,,,,Enabled,,Ad Group 3,2,Enabled,,adiology phone number for home,exact,Enabled,,,,,,,,,,,,,,,,,,,,,,,,adiology.io,,,,,,,,,,,,,,,,,,,,,,,,,,,,,,,,,,,,,,,,,,,,,,,,,,,,,,,,,,,,,,,,,,,,,,,,,,,,,,,,,,,,,,,,,,,,,,,,,,,,,,,,,,,,,,,,,,,,,,,,,,,,,,,,,,,,,,,,,,,,,,,,,
"Campaign-Search-Feb 8, 2026 06:59 PM",,,,,,,,,,,Enabled,,Ad Group 3,2,Enabled,,adiology - google campaign builder independent,phrase,Enabled,,,,,,,,,,,,,,,,,,,,,,,,adiology.io,,,,,,,,,,,,,,,,,,,,,,,,,,,,,,,,,,,,,,,,,,,,,,,,,,,,,,,,,,,,,,,,,,,,,,,,,,,,,,,,,,,,,,,,,,,,,,,,,,,,,,,,,,,,,,,,,,,,,,,,,,,,,,,,,,,,,,,,,,,,,,,,,
"Campaign-Search-Feb 8, 2026 06:59 PM",,,,,,,,,,,Enabled,,Ad Group 3,2,Enabled,,friendly adiology - google campaign builder,exact,Enabled,,,,,,,,,,,,,,,,,,,,,,,,adiology.io,,,,,,,,,,,,,,,,,,,,,,,,,,,,,,,,,,,,,,,,,,,,,,,,,,,,,,,,,,,,,,,,,,,,,,,,,,,,,,,,,,,,,,,,,,,,,,,,,,,,,,,,,,,,,,,,,,,,,,,,,,,,,,,,,,,,,,,,,,,,,,,,,
"Campaign-Search-Feb 8, 2026 06:59 PM",,,,,,,,,,,Enabled,,Ad Group 3,2,Enabled,,fair adiology - google campaign builder,exact,Enabled,,,,,,,,,,,,,,,,,,,,,,,,adiology.io,,,,,,,,,,,,,,,,,,,,,,,,,,,,,,,,,,,,,,,,,,,,,,,,,,,,,,,,,,,,,,,,,,,,,,,,,,,,,,,,,,,,,,,,,,,,,,,,,,,,,,,,,,,,,,,,,,,,,,,,,,,,,,,,,,,,,,,,,,,,,,,,,
"Campaign-Search-Feb 8, 2026 06:59 PM",,,,,,,,,,,Enabled,,Ad Group 3,2,Enabled,,adiology phone number premium,phrase,Enabled,,,,,,,,,,,,,,,,,,,,,,,,adiology.io,,,,,,,,,,,,,,,,,,,,,,,,,,,,,,,,,,,,,,,,,,,,,,,,,,,,,,,,,,,,,,,,,,,,,,,,,,,,,,,,,,,,,,,,,,,,,,,,,,,,,,,,,,,,,,,,,,,,,,,,,,,,,,,,,,,,,,,,,,,,,,,,,
"Campaign-Search-Feb 8, 2026 06:59 PM",,,,,,,,,,,Enabled,,Ad Group 3,2,Enabled,,qualified adiology phone number,broad,Enabled,,,,,,,,,,,,,,,,,,,,,,,,adiology.io,,,,,,,,,,,,,,,,,,,,,,,,,,,,,,,,,,,,,,,,,,,,,,,,,,,,,,,,,,,,,,,,,,,,,,,,,,,,,,,,,,,,,,,,,,,,,,,,,,,,,,,,,,,,,,,,,,,,,,,,,,,,,,,,,,,,,,,,,,,,,,,,,
"Campaign-Search-Feb 8, 2026 06:59 PM",,,,,,,,,,,Enabled,,Ad Group 3,2,Enabled,,adiology phone number reputable,exact,Enabled,,,,,,,,,,,,,,,,,,,,,,,,adiology.io,,,,,,,,,,,,,,,,,,,,,,,,,,,,,,,,,,,,,,,,,,,,,,,,,,,,,,,,,,,,,,,,,,,,,,,,,,,,,,,,,,,,,,,,,,,,,,,,,,,,,,,,,,,,,,,,,,,,,,,,,,,,,,,,,,,,,,,,,,,,,,,,,
"Campaign-Search-Feb 8, 2026 06:59 PM",,,,,,,,,,,Enabled,,Ad Group 3,2,Enabled,,adiology - google campaign builder start,phrase,Enabled,,,,,,,,,,,,,,,,,,,,,,,,adiology.io,,,,,,,,,,,,,,,,,,,,,,,,,,,,,,,,,,,,,,,,,,,,,,,,,,,,,,,,,,,,,,,,,,,,,,,,,,,,,,,,,,,,,,,,,,,,,,,,,,,,,,,,,,,,,,,,,,,,,,,,,,,,,,,,,,,,,,,,,,,,,,,,,
"Campaign-Search-Feb 8, 2026 06:59 PM",,,,,,,,,,,Enabled,,Ad Group 3,2,Enabled,,available adiology phone number,broad,Enabled,,,,,,,,,,,,,,,,,,,,,,,,adiology.io,,,,,,,,,,,,,,,,,,,,,,,,,,,,,,,,,,,,,,,,,,,,,,,,,,,,,,,,,,,,,,,,,,,,,,,,,,,,,,,,,,,,,,,,,,,,,,,,,,,,,,,,,,,,,,,,,,,,,,,,,,,,,,,,,,,,,,,,,,,,,,,,,
"Campaign-Search-Feb 8, 2026 06:59 PM",,,,,,,,,,,Enabled,,Ad Group 3,2,Enabled,,adiology - google campaign builder night,phrase,Enabled,,,,,,,,,,,,,,,,,,,,,,,,adiology.io,,,,,,,,,,,,,,,,,,,,,,,,,,,,,,,,,,,,,,,,,,,,,,,,,,,,,,,,,,,,,,,,,,,,,,,,,,,,,,,,,,,,,,,,,,,,,,,,,,,,,,,,,,,,,,,,,,,,,,,,,,,,,,,,,,,,,,,,,,,,,,,,,
"Campaign-Search-Feb 8, 2026 06:59 PM",,,,,,,,,,,Enabled,,Ad Group 3,2,Enabled,,experienced adiology - google campaign builder,phrase,Enabled,,,,,,,,,,,,,,,,,,,,,,,,adiology.io,,,,,,,,,,,,,,,,,,,,,,,,,,,,,,,,,,,,,,,,,,,,,,,,,,,,,,,,,,,,,,,,,,,,,,,,,,,,,,,,,,,,,,,,,,,,,,,,,,,,,,,,,,,,,,,,,,,,,,,,,,,,,,,,,,,,,,,,,,,,,,,,,
"Campaign-Search-Feb 8, 2026 06:59 PM",,,,,,,,,,,Enabled,,Ad Group 3,2,Enabled,,adiology - google campaign builder residential,exact,Enabled,,,,,,,,,,,,,,,,,,,,,,,,adiology.io,,,,,,,,,,,,,,,,,,,,,,,,,,,,,,,,,,,,,,,,,,,,,,,,,,,,,,,,,,,,,,,,,,,,,,,,,,,,,,,,,,,,,,,,,,,,,,,,,,,,,,,,,,,,,,,,,,,,,,,,,,,,,,,,,,,,,,,,,,,,,,,,,
"Campaign-Search-Feb 8, 2026 06:59 PM",,,,,,,,,,,Enabled,,Ad Group 3,2,Enabled,,buy adiology - google campaign builder,exact,Enabled,,,,,,,,,,,,,,,,,,,,,,,,adiology.io,,,,,,,,,,,,,,,,,,,,,,,,,,,,,,,,,,,,,,,,,,,,,,,,,,,,,,,,,,,,,,,,,,,,,,,,,,,,,,,,,,,,,,,,,,,,,,,,,,,,,,,,,,,,,,,,,,,,,,,,,,,,,,,,,,,,,,,,,,,,,,,,,
"Campaign-Search-Feb 8, 2026 06:59 PM",,,,,,,,,,,Enabled,,Ad Group 3,2,Enabled,,adiology - google campaign builder,exact,Enabled,,,,,,,,,,,,,,,,,,,,,,,,adiology.io,,,,,,,,,,,,,,,,,,,,,,,,,,,,,,,,,,,,,,,,,,,,,,,,,,,,,,,,,,,,,,,,,,,,,,,,,,,,,,,,,,,,,,,,,,,,,,,,,,,,,,,,,,,,,,,,,,,,,,,,,,,,,,,,,,,,,,,,,,,,,,,,,
"Campaign-Search-Feb 8, 2026 06:59 PM",,,,,,,,,,,Enabled,,Ad Group 3,2,Enabled,,expert adiology - google campaign builder,exact,Enabled,,,,,,,,,,,,,,,,,,,,,,,,adiology.io,,,,,,,,,,,,,,,,,,,,,,,,,,,,,,,,,,,,,,,,,,,,,,,,,,,,,,,,,,,,,,,,,,,,,,,,,,,,,,,,,,,,,,,,,,,,,,,,,,,,,,,,,,,,,,,,,,,,,,,,,,,,,,,,,,,,,,,,,,,,,,,,,
"Campaign-Search-Feb 8, 2026 06:59 PM",,,,,,,,,,,Enabled,,Ad Group 3,2,Enabled,,adiology phone number emergency,broad,Enabled,,,,,,,,,,,,,,,,,,,,,,,,adiology.io,,,,,,,,,,,,,,,,,,,,,,,,,,,,,,,,,,,,,,,,,,,,,,,,,,,,,,,,,,,,,,,,,,,,,,,,,,,,,,,,,,,,,,,,,,,,,,,,,,,,,,,,,,,,,,,,,,,,,,,,,,,,,,,,,,,,,,,,,,,,,,,,,
"Campaign-Search-Feb 8, 2026 06:59 PM",,,,,,,,,,,Enabled,,Ad Group 3,2,Enabled,,responsive adiology - google campaign builder,phrase,Enabled,,,,,,,,,,,,,,,,,,,,,,,,adiology.io,,,,,,,,,,,,,,,,,,,,,,,,,,,,,,,,,,,,,,,,,,,,,,,,,,,,,,,,,,,,,,,,,,,,,,,,,,,,,,,,,,,,,,,,,,,,,,,,,,,,,,,,,,,,,,,,,,,,,,,,,,,,,,,,,,,,,,,,,,,,,,,,,
"Campaign-Search-Feb 8, 2026 06:59 PM",,,,,,,,,,,Enabled,,Ad Group 3,2,Enabled,,adiology phone number help,phrase,Enabled,,,,,,,,,,,,,,,,,,,,,,,,adiology.io,,,,,,,,,,,,,,,,,,,,,,,,,,,,,,,,,,,,,,,,,,,,,,,,,,,,,,,,,,,,,,,,,,,,,,,,,,,,,,,,,,,,,,,,,,,,,,,,,,,,,,,,,,,,,,,,,,,,,,,,,,,,,,,,,,,,,,,,,,,,,,,,,
"Campaign-Search-Feb 8, 2026 06:59 PM",,,,,,,,,,,Enabled,,Ad Group 3,2,Enabled,,adiology - google campaign builder fast,exact,Enabled,,,,,,,,,,,,,,,,,,,,,,,,adiology.io,,,,,,,,,,,,,,,,,,,,,,,,,,,,,,,,,,,,,,,,,,,,,,,,,,,,,,,,,,,,,,,,,,,,,,,,,,,,,,,,,,,,,,,,,,,,,,,,,,,,,,,,,,,,,,,,,,,,,,,,,,,,,,,,,,,,,,,,,,,,,,,,,
"Campaign-Search-Feb 8, 2026 06:59 PM",,,,,,,,,,,Enabled,,Ad Group 3,2,Enabled,,book a adiology phone number,phrase,Enabled,,,,,,,,,,,,,,,,,,,,,,,,adiology.io,,,,,,,,,,,,,,,,,,,,,,,,,,,,,,,,,,,,,,,,,,,,,,,,,,,,,,,,,,,,,,,,,,,,,,,,,,,,,,,,,,,,,,,,,,,,,,,,,,,,,,,,,,,,,,,,,,,,,,,,,,,,,,,,,,,,,,,,,,,,,,,,,
"Campaign-Search-Feb 8, 2026 06:59 PM",,,,,,,,,,,Enabled,,Ad Group 3,2,Enabled,,leading adiology phone number,phrase,Enabled,,,,,,,,,,,,,,,,,,,,,,,,adiology.io,,,,,,,,,,,,,,,,,,,,,,,,,,,,,,,,,,,,,,,,,,,,,,,,,,,,,,,,,,,,,,,,,,,,,,,,,,,,,,,,,,,,,,,,,,,,,,,,,,,,,,,,,,,,,,,,,,,,,,,,,,,,,,,,,,,,,,,,,,,,,,,,,
"Campaign-Search-Feb 8, 2026 06:59 PM",,,,,,,,,,,Enabled,,Ad Group 3,2,Enabled,,immediate adiology phone number,exact,Enabled,,,,,,,,,,,,,,,,,,,,,,,,adiology.io,,,,,,,,,,,,,,,,,,,,,,,,,,,,,,,,,,,,,,,,,,,,,,,,,,,,,,,,,,,,,,,,,,,,,,,,,,,,,,,,,,,,,,,,,,,,,,,,,,,,,,,,,,,,,,,,,,,,,,,,,,,,,,,,,,,,,,,,,,,,,,,,,
"Campaign-Search-Feb 8, 2026 06:59 PM",,,,,,,,,,,Enabled,,Ad Group 3,2,Enabled,,emergency adiology phone number near me,broad,Enabled,,,,,,,,,,,,,,,,,,,,,,,,adiology.io,,,,,,,,,,,,,,,,,,,,,,,,,,,,,,,,,,,,,,,,,,,,,,,,,,,,,,,,,,,,,,,,,,,,,,,,,,,,,,,,,,,,,,,,,,,,,,,,,,,,,,,,,,,,,,,,,,,,,,,,,,,,,,,,,,,,,,,,,,,,,,,,,
"Campaign-Search-Feb 8, 2026 06:59 PM",,,,,,,,,,,Enabled,,Ad Group 3,2,Enabled,,professional adiology phone number for business,exact,Enabled,,,,,,,,,,,,,,,,,,,,,,,,adiology.io,,,,,,,,,,,,,,,,,,,,,,,,,,,,,,,,,,,,,,,,,,,,,,,,,,,,,,,,,,,,,,,,,,,,,,,,,,,,,,,,,,,,,,,,,,,,,,,,,,,,,,,,,,,,,,,,,,,,,,,,,,,,,,,,,,,,,,,,,,,,,,,,,
"Campaign-Search-Feb 8, 2026 06:59 PM",,,,,,,,,,,Enabled,,Ad Group 3,2,Enabled,,professional adiology phone number for home,broad,Enabled,,,,,,,,,,,,,,,,,,,,,,,,adiology.io,,,,,,,,,,,,,,,,,,,,,,,,,,,,,,,,,,,,,,,,,,,,,,,,,,,,,,,,,,,,,,,,,,,,,,,,,,,,,,,,,,,,,,,,,,,,,,,,,,,,,,,,,,,,,,,,,,,,,,,,,,,,,,,,,,,,,,,,,,,,,,,,,
"Campaign-Search-Feb 8, 2026 06:59 PM",,,,,,,,,,,Enabled,,Ad Group 3,2,Enabled,,trustworthy adiology phone number,broad,Enabled,,,,,,,,,,,,,,,,,,,,,,,,adiology.io,,,,,,,,,,,,,,,,,,,,,,,,,,,,,,,,,,,,,,,,,,,,,,,,,,,,,,,,,,,,,,,,,,,,,,,,,,,,,,,,,,,,,,,,,,,,,,,,,,,,,,,,,,,,,,,,,,,,,,,,,,,,,,,,,,,,,,,,,,,,,,,,,
"Campaign-Search-Feb 8, 2026 06:59 PM",,,,,,,,,,,Enabled,,Ad Group 3,2,Enabled,,adiology - google campaign builder premier,phrase,Enabled,,,,,,,,,,,,,,,,,,,,,,,,adiology.io,,,,,,,,,,,,,,,,,,,,,,,,,,,,,,,,,,,,,,,,,,,,,,,,,,,,,,,,,,,,,,,,,,,,,,,,,,,,,,,,,,,,,,,,,,,,,,,,,,,,,,,,,,,,,,,,,,,,,,,,,,,,,,,,,,,,,,,,,,,,,,,,,
"Campaign-Search-Feb 8, 2026 06:59 PM",,,,,,,,,,,Enabled,,Ad Group 3,2,Enabled,,24/7 adiology phone number,exact,Enabled,,,,,,,,,,,,,,,,,,,,,,,,adiology.io,,,,,,,,,,,,,,,,,,,,,,,,,,,,,,,,,,,,,,,,,,,,,,,,,,,,,,,,,,,,,,,,,,,,,,,,,,,,,,,,,,,,,,,,,,,,,,,,,,,,,,,,,,,,,,,,,,,,,,,,,,,,,,,,,,,,,,,,,,,,,,,,,
"Campaign-Search-Feb 8, 2026 06:59 PM",,,,,,,,,,,Enabled,,Ad Group 3,2,Enabled,,adiology - google campaign builder get,broad,Enabled,,,,,,,,,,,,,,,,,,,,,,,,adiology.io,,,,,,,,,,,,,,,,,,,,,,,,,,,,,,,,,,,,,,,,,,,,,,,,,,,,,,,,,,,,,,,,,,,,,,,,,,,,,,,,,,,,,,,,,,,,,,,,,,,,,,,,,,,,,,,,,,,,,,,,,,,,,,,,,,,,,,,,,,,,,,,,,
"Campaign-Search-Feb 8, 2026 06:59 PM",,,,,,,,,,,Enabled,,Ad Group 3,2,Enabled,,immediate adiology contact,exact,Enabled,,,,,,,,,,,,,,,,,,,,,,,,adiology.io,,,,,,,,,,,,,,,,,,,,,,,,,,,,,,,,,,,,,,,,,,,,,,,,,,,,,,,,,,,,,,,,,,,,,,,,,,,,,,,,,,,,,,,,,,,,,,,,,,,,,,,,,,,,,,,,,,,,,,,,,,,,,,,,,,,,,,,,,,,,,,,,,
"Campaign-Search-Feb 8, 2026 06:59 PM",,,,,,,,,,,Enabled,,Ad Group 3,2,Enabled,,weekend adiology - google campaign builder,phrase,Enabled,,,,,,,,,,,,,,,,,,,,,,,,adiology.io,,,,,,,,,,,,,,,,,,,,,,,,,,,,,,,,,,,,,,,,,,,,,,,,,,,,,,,,,,,,,,,,,,,,,,,,,,,,,,,,,,,,,,,,,,,,,,,,,,,,,,,,,,,,,,,,,,,,,,,,,,,,,,,,,,,,,,,,,,,,,,,,,
"Campaign-Search-Feb 8, 2026 06:59 PM",,,,,,,,,,,Enabled,,Ad Group 3,2,Enabled,,adiology phone number for business,phrase,Enabled,,,,,,,,,,,,,,,,,,,,,,,,adiology.io,,,,,,,,,,,,,,,,,,,,,,,,,,,,,,,,,,,,,,,,,,,,,,,,,,,,,,,,,,,,,,,,,,,,,,,,,,,,,,,,,,,,,,,,,,,,,,,,,,,,,,,,,,,,,,,,,,,,,,,,,,,,,,,,,,,,,,,,,,,,,,,,,
"Campaign-Search-Feb 8, 2026 06:59 PM",,,,,,,,,,,Enabled,,Ad Group 3,2,Enabled,,adiology - google campaign builder services,phrase,Enabled,,,,,,,,,,,,,,,,,,,,,,,,adiology.io,,,,,,,,,,,,,,,,,,,,,,,,,,,,,,,,,,,,,,,,,,,,,,,,,,,,,,,,,,,,,,,,,,,,,,,,,,,,,,,,,,,,,,,,,,,,,,,,,,,,,,,,,,,,,,,,,,,,,,,,,,,,,,,,,,,,,,,,,,,,,,,,,
"Campaign-Search-Feb 8, 2026 06:59 PM",,,,,,,,,,,Enabled,,Ad Group 3,2,Enabled,,adiology phone number for home,phrase,Enabled,,,,,,,,,,,,,,,,,,,,,,,,adiology.io,,,,,,,,,,,,,,,,,,,,,,,,,,,,,,,,,,,,,,,,,,,,,,,,,,,,,,,,,,,,,,,,,,,,,,,,,,,,,,,,,,,,,,,,,,,,,,,,,,,,,,,,,,,,,,,,,,,,,,,,,,,,,,,,,,,,,,,,,,,,,,,,,
"Campaign-Search-Feb 8, 2026 06:59 PM",,,,,,,,,,,Enabled,,Ad Group 3,2,Enabled,,value adiology - google campaign builder,phrase,Enabled,,,,,,,,,,,,,,,,,,,,,,,,adiology.io,,,,,,,,,,,,,,,,,,,,,,,,,,,,,,,,,,,,,,,,,,,,,,,,,,,,,,,,,,,,,,,,,,,,,,,,,,,,,,,,,,,,,,,,,,,,,,,,,,,,,,,,,,,,,,,,,,,,,,,,,,,,,,,,,,,,,,,,,,,,,,,,,
"Campaign-Search-Feb 8, 2026 06:59 PM",,,,,,,,,,,Enabled,,Ad Group 3,2,Enabled,,adiology phone number 24/7,broad,Enabled,,,,,,,,,,,,,,,,,,,,,,,,adiology.io,,,,,,,,,,,,,,,,,,,,,,,,,,,,,,,,,,,,,,,,,,,,,,,,,,,,,,,,,,,,,,,,,,,,,,,,,,,,,,,,,,,,,,,,,,,,,,,,,,,,,,,,,,,,,,,,,,,,,,,,,,,,,,,,,,,,,,,,,,,,,,,,,
"Campaign-Search-Feb 8, 2026 06:59 PM",,,,,,,,,,,Enabled,,Ad Group 3,2,Enabled,,adiology phone number inexpensive,phrase,Enabled,,,,,,,,,,,,,,,,,,,,,,,,adiology.io,,,,,,,,,,,,,,,,,,,,,,,,,,,,,,,,,,,,,,,,,,,,,,,,,,,,,,,,,,,,,,,,,,,,,,,,,,,,,,,,,,,,,,,,,,,,,,,,,,,,,,,,,,,,,,,,,,,,,,,,,,,,,,,,,,,,,,,,,,,,,,,,,
"Campaign-Search-Feb 8, 2026 06:59 PM",,,,,,,,,,,Enabled,,Ad Group 3,2,Enabled,,check adiology - google campaign builder,phrase,Enabled,,,,,,,,,,,,,,,,,,,,,,,,adiology.io,,,,,,,,,,,,,,,,,,,,,,,,,,,,,,,,,,,,,,,,,,,,,,,,,,,,,,,,,,,,,,,,,,,,,,,,,,,,,,,,,,,,,,,,,,,,,,,,,,,,,,,,,,,,,,,,,,,,,,,,,,,,,,,,,,,,,,,,,,,,,,,,,
"Campaign-Search-Feb 8, 2026 06:59 PM",,,,,,,,,,,Enabled,,Ad Group 3,2,Enabled,,check adiology phone number,exact,Enabled,,,,,,,,,,,,,,,,,,,,,,,,adiology.io,,,,,,,,,,,,,,,,,,,,,,,,,,,,,,,,,,,,,,,,,,,,,,,,,,,,,,,,,,,,,,,,,,,,,,,,,,,,,,,,,,,,,,,,,,,,,,,,,,,,,,,,,,,,,,,,,,,,,,,,,,,,,,,,,,,,,,,,,,,,,,,,,
"Campaign-Search-Feb 8, 2026 06:59 PM",,,,,,,,,,,Enabled,,Ad Group 3,2,Enabled,,trusted adiology phone number,phrase,Enabled,,,,,,,,,,,,,,,,,,,,,,,,adiology.io,,,,,,,,,,,,,,,,,,,,,,,,,,,,,,,,,,,,,,,,,,,,,,,,,,,,,,,,,,,,,,,,,,,,,,,,,,,,,,,,,,,,,,,,,,,,,,,,,,,,,,,,,,,,,,,,,,,,,,,,,,,,,,,,,,,,,,,,,,,,,,,,,
"Campaign-Search-Feb 8, 2026 06:59 PM",,,,,,,,,,,Enabled,,Ad Group 3,2,Enabled,,professional adiology contact,broad,Enabled,,,,,,,,,,,,,,,,,,,,,,,,adiology.io,,,,,,,,,,,,,,,,,,,,,,,,,,,,,,,,,,,,,,,,,,,,,,,,,,,,,,,,,,,,,,,,,,,,,,,,,,,,,,,,,,,,,,,,,,,,,,,,,,,,,,,,,,,,,,,,,,,,,,,,,,,,,,,,,,,,,,,,,,,,,,,,,
"Campaign-Search-Feb 8, 2026 06:59 PM",,,,,,,,,,,Enabled,,Ad Group 3,2,Enabled,,find adiology phone number,phrase,Enabled,,,,,,,,,,,,,,,,,,,,,,,,adiology.io,,,,,,,,,,,,,,,,,,,,,,,,,,,,,,,,,,,,,,,,,,,,,,,,,,,,,,,,,,,,,,,,,,,,,,,,,,,,,,,,,,,,,,,,,,,,,,,,,,,,,,,,,,,,,,,,,,,,,,,,,,,,,,,,,,,,,,,,,,,,,,,,,
"Campaign-Search-Feb 8, 2026 06:59 PM",,,,,,,,,,,Enabled,,Ad Group 3,2,Enabled,,adiology phone number with warranty local,exact,Enabled,,,,,,,,,,,,,,,,,,,,,,,,adiology.io,,,,,,,,,,,,,,,,,,,,,,,,,,,,,,,,,,,,,,,,,,,,,,,,,,,,,,,,,,,,,,,,,,,,,,,,,,,,,,,,,,,,,,,,,,,,,,,,,,,,,,,,,,,,,,,,,,,,,,,,,,,,,,,,,,,,,,,,,,,,,,,,,
"Campaign-Search-Feb 8, 2026 06:59 PM",,,,,,,,,,,Enabled,,Ad Group 3,2,Enabled,,adiology - google campaign builder today,exact,Enabled,,,,,,,,,,,,,,,,,,,,,,,,adiology.io,,,,,,,,,,,,,,,,,,,,,,,,,,,,,,,,,,,,,,,,,,,,,,,,,,,,,,,,,,,,,,,,,,,,,,,,,,,,,,,,,,,,,,,,,,,,,,,,,,,,,,,,,,,,,,,,,,,,,,,,,,,,,,,,,,,,,,,,,,,,,,,,,
"Campaign-Search-Feb 8, 2026 06:59 PM",,,,,,,,,,,Enabled,,Ad Group 3,2,Enabled,,adiology contact 24 hour,exact,Enabled,,,,,,,,,,,,,,,,,,,,,,,,adiology.io,,,,,,,,,,,,,,,,,,,,,,,,,,,,,,,,,,,,,,,,,,,,,,,,,,,,,,,,,,,,,,,,,,,,,,,,,,,,,,,,,,,,,,,,,,,,,,,,,,,,,,,,,,,,,,,,,,,,,,,,,,,,,,,,,,,,,,,,,,,,,,,,,
"Campaign-Search-Feb 8, 2026 06:59 PM",,,,,,,,,,,Enabled,,Ad Group 3,2,Enabled,,adiology - google campaign builder closest,phrase,Enabled,,,,,,,,,,,,,,,,,,,,,,,,adiology.io,,,,,,,,,,,,,,,,,,,,,,,,,,,,,,,,,,,,,,,,,,,,,,,,,,,,,,,,,,,,,,,,,,,,,,,,,,,,,,,,,,,,,,,,,,,,,,,,,,,,,,,,,,,,,,,,,,,,,,,,,,,,,,,,,,,,,,,,,,,,,,,,,
"Campaign-Search-Feb 8, 2026 06:59 PM",,,,,,,,,,,Enabled,,Ad Group 3,2,Enabled,,adiology phone number for home nearby,phrase,Enabled,,,,,,,,,,,,,,,,,,,,,,,,adiology.io,,,,,,,,,,,,,,,,,,,,,,,,,,,,,,,,,,,,,,,,,,,,,,,,,,,,,,,,,,,,,,,,,,,,,,,,,,,,,,,,,,,,,,,,,,,,,,,,,,,,,,,,,,,,,,,,,,,,,,,,,,,,,,,,,,,,,,,,,,,,,,,,,
"Campaign-Search-Feb 8, 2026 06:59 PM",,,,,,,,,,,Enabled,,Ad Group 3,2,Enabled,,recommend adiology - google campaign builder,phrase,Enabled,,,,,,,,,,,,,,,,,,,,,,,,adiology.io,,,,,,,,,,,,,,,,,,,,,,,,,,,,,,,,,,,,,,,,,,,,,,,,,,,,,,,,,,,,,,,,,,,,,,,,,,,,,,,,,,,,,,,,,,,,,,,,,,,,,,,,,,,,,,,,,,,,,,,,,,,,,,,,,,,,,,,,,,,,,,,,,
"Campaign-Search-Feb 8, 2026 06:59 PM",,,,,,,,,,,Enabled,,Ad Group 3,2,Enabled,,adiology phone number to me,broad,Enabled,,,,,,,,,,,,,,,,,,,,,,,,adiology.io,,,,,,,,,,,,,,,,,,,,,,,,,,,,,,,,,,,,,,,,,,,,,,,,,,,,,,,,,,,,,,,,,,,,,,,,,,,,,,,,,,,,,,,,,,,,,,,,,,,,,,,,,,,,,,,,,,,,,,,,,,,,,,,,,,,,,,,,,,,,,,,,,
"Campaign-Search-Feb 8, 2026 06:59 PM",,,,,,,,,,,Enabled,,Ad Group 3,2,Enabled,,night adiology phone number,phrase,Enabled,,,,,,,,,,,,,,,,,,,,,,,,adiology.io,,,,,,,,,,,,,,,,,,,,,,,,,,,,,,,,,,,,,,,,,,,,,,,,,,,,,,,,,,,,,,,,,,,,,,,,,,,,,,,,,,,,,,,,,,,,,,,,,,,,,,,,,,,,,,,,,,,,,,,,,,,,,,,,,,,,,,,,,,,,,,,,,
"Campaign-Search-Feb 8, 2026 06:59 PM",,,,,,,,,,,Enabled,,Ad Group 3,2,Enabled,,luxury adiology - google campaign builder,broad,Enabled,,,,,,,,,,,,,,,,,,,,,,,,adiology.io,,,,,,,,,,,,,,,,,,,,,,,,,,,,,,,,,,,,,,,,,,,,,,,,,,,,,,,,,,,,,,,,,,,,,,,,,,,,,,,,,,,,,,,,,,,,,,,,,,,,,,,,,,,,,,,,,,,,,,,,,,,,,,,,,,,,,,,,,,,,,,,,,
"Campaign-Search-Feb 8, 2026 06:59 PM",,,,,,,,,,,Enabled,,Ad Group 3,2,Enabled,,trusted adiology phone number near me,phrase,Enabled,,,,,,,,,,,,,,,,,,,,,,,,adiology.io,,,,,,,,,,,,,,,,,,,,,,,,,,,,,,,,,,,,,,,,,,,,,,,,,,,,,,,,,,,,,,,,,,,,,,,,,,,,,,,,,,,,,,,,,,,,,,,,,,,,,,,,,,,,,,,,,,,,,,,,,,,,,,,,,,,,,,,,,,,,,,,,,
"Campaign-Search-Feb 8, 2026 06:59 PM",,,,,,,,,,,Enabled,,Ad Group 3,2,Enabled,,urgent adiology - google campaign builder,phrase,Enabled,,,,,,,,,,,,,,,,,,,,,,,,adiology.io,,,,,,,,,,,,,,,,,,,,,,,,,,,,,,,,,,,,,,,,,,,,,,,,,,,,,,,,,,,,,,,,,,,,,,,,,,,,,,,,,,,,,,,,,,,,,,,,,,,,,,,,,,,,,,,,,,,,,,,,,,,,,,,,,,,,,,,,,,,,,,,,,
"Campaign-Search-Feb 8, 2026 06:59 PM",,,,,,,,,,,Enabled,,Ad Group 3,2,Enabled,,adiology services quality,exact,Enabled,,,,,,,,,,,,,,,,,,,,,,,,adiology.io,,,,,,,,,,,,,,,,,,,,,,,,,,,,,,,,,,,,,,,,,,,,,,,,,,,,,,,,,,,,,,,,,,,,,,,,,,,,,,,,,,,,,,,,,,,,,,,,,,,,,,,,,,,,,,,,,,,,,,,,,,,,,,,,,,,,,,,,,,,,,,,,,
"Campaign-Search-Feb 8, 2026 06:59 PM",,,,,,,,,,,Enabled,,Ad Group 3,2,Enabled,,veteran owned adiology contact,phrase,Enabled,,,,,,,,,,,,,,,,,,,,,,,,adiology.io,,,,,,,,,,,,,,,,,,,,,,,,,,,,,,,,,,,,,,,,,,,,,,,,,,,,,,,,,,,,,,,,,,,,,,,,,,,,,,,,,,,,,,,,,,,,,,,,,,,,,,,,,,,,,,,,,,,,,,,,,,,,,,,,,,,,,,,,,,,,,,,,,
"Campaign-Search-Feb 8, 2026 06:59 PM",,,,,,,,,,,Enabled,,Ad Group 3,2,Enabled,,24/7 adiology - google campaign builder,exact,Enabled,,,,,,,,,,,,,,,,,,,,,,,,adiology.io,,,,,,,,,,,,,,,,,,,,,,,,,,,,,,,,,,,,,,,,,,,,,,,,,,,,,,,,,,,,,,,,,,,,,,,,,,,,,,,,,,,,,,,,,,,,,,,,,,,,,,,,,,,,,,,,,,,,,,,,,,,,,,,,,,,,,,,,,,,,,,,,,
"Campaign-Search-Feb 8, 2026 06:59 PM",,,,,,,,,,,Enabled,,Ad Group 3,2,Enabled,,adiology services now,exact,Enabled,,,,,,,,,,,,,,,,,,,,,,,,adiology.io,,,,,,,,,,,,,,,,,,,,,,,,,,,,,,,,,,,,,,,,,,,,,,,,,,,,,,,,,,,,,,,,,,,,,,,,,,,,,,,,,,,,,,,,,,,,,,,,,,,,,,,,,,,,,,,,,,,,,,,,,,,,,,,,,,,,,,,,,,,,,,,,,
"Campaign-Search-Feb 8, 2026 06:59 PM",,,,,,,,,,,Enabled,,Ad Group 3,2,Enabled,,adiology phone number help,exact,Enabled,,,,,,,,,,,,,,,,,,,,,,,,adiology.io,,,,,,,,,,,,,,,,,,,,,,,,,,,,,,,,,,,,,,,,,,,,,,,,,,,,,,,,,,,,,,,,,,,,,,,,,,,,,,,,,,,,,,,,,,,,,,,,,,,,,,,,,,,,,,,,,,,,,,,,,,,,,,,,,,,,,,,,,,,,,,,,,
"Campaign-Search-Feb 8, 2026 06:59 PM",,,,,,,,,,,Enabled,,Ad Group 3,2,Enabled,,transparent adiology - google campaign builder,exact,Enabled,,,,,,,,,,,,,,,,,,,,,,,,adiology.io,,,,,,,,,,,,,,,,,,,,,,,,,,,,,,,,,,,,,,,,,,,,,,,,,,,,,,,,,,,,,,,,,,,,,,,,,,,,,,,,,,,,,,,,,,,,,,,,,,,,,,,,,,,,,,,,,,,,,,,,,,,,,,,,,,,,,,,,,,,,,,,,,
"Campaign-Search-Feb 8, 2026 06:59 PM",,,,,,,,,,,Enabled,,Ad Group 3,2,Enabled,,budget adiology phone number,phrase,Enabled,,,,,,,,,,,,,,,,,,,,,,,,adiology.io,,,,,,,,,,,,,,,,,,,,,,,,,,,,,,,,,,,,,,,,,,,,,,,,,,,,,,,,,,,,,,,,,,,,,,,,,,,,,,,,,,,,,,,,,,,,,,,,,,,,,,,,,,,,,,,,,,,,,,,,,,,,,,,,,,,,,,,,,,,,,,,,,
"Campaign-Search-Feb 8, 2026 06:59 PM",,,,,,,,,,,Enabled,,Ad Group 3,2,Enabled,,thorough adiology - google campaign builder,broad,Enabled,,,,,,,,,,,,,,,,,,,,,,,,adiology.io,,,,,,,,,,,,,,,,,,,,,,,,,,,,,,,,,,,,,,,,,,,,,,,,,,,,,,,,,,,,,,,,,,,,,,,,,,,,,,,,,,,,,,,,,,,,,,,,,,,,,,,,,,,,,,,,,,,,,,,,,,,,,,,,,,,,,,,,,,,,,,,,,
"Campaign-Search-Feb 8, 2026 06:59 PM",,,,,,,,,,,Enabled,,Ad Group 3,2,Enabled,,adiology phone number recommended,broad,Enabled,,,,,,,,,,,,,,,,,,,,,,,,adiology.io,,,,,,,,,,,,,,,,,,,,,,,,,,,,,,,,,,,,,,,,,,,,,,,,,,,,,,,,,,,,,,,,,,,,,,,,,,,,,,,,,,,,,,,,,,,,,,,,,,,,,,,,,,,,,,,,,,,,,,,,,,,,,,,,,,,,,,,,,,,,,,,,,
"Campaign-Search-Feb 8, 2026 06:59 PM",,,,,,,,,,,Enabled,,Ad Group 3,2,Enabled,,adiology contact start,broad,Enabled,,,,,,,,,,,,,,,,,,,,,,,,adiology.io,,,,,,,,,,,,,,,,,,,,,,,,,,,,,,,,,,,,,,,,,,,,,,,,,,,,,,,,,,,,,,,,,,,,,,,,,,,,,,,,,,,,,,,,,,,,,,,,,,,,,,,,,,,,,,,,,,,,,,,,,,,,,,,,,,,,,,,,,,,,,,,,,
"Campaign-Search-Feb 8, 2026 06:59 PM",,,,,,,,,,,Enabled,,Ad Group 3,2,Enabled,,family owned adiology contact,broad,Enabled,,,,,,,,,,,,,,,,,,,,,,,,adiology.io,,,,,,,,,,,,,,,,,,,,,,,,,,,,,,,,,,,,,,,,,,,,,,,,,,,,,,,,,,,,,,,,,,,,,,,,,,,,,,,,,,,,,,,,,,,,,,,,,,,,,,,,,,,,,,,,,,,,,,,,,,,,,,,,,,,,,,,,,,,,,,,,,
"Campaign-Search-Feb 8, 2026 06:59 PM",,,,,,,,,,,Enabled,,Ad Group 3,2,Enabled,,buy adiology contact,phrase,Enabled,,,,,,,,,,,,,,,,,,,,,,,,adiology.io,,,,,,,,,,,,,,,,,,,,,,,,,,,,,,,,,,,,,,,,,,,,,,,,,,,,,,,,,,,,,,,,,,,,,,,,,,,,,,,,,,,,,,,,,,,,,,,,,,,,,,,,,,,,,,,,,,,,,,,,,,,,,,,,,,,,,,,,,,,,,,,,,
"Campaign-Search-Feb 8, 2026 06:59 PM",,,,,,,,,,,Enabled,,Ad Group 3,2,Enabled,,adiology contact rapid,exact,Enabled,,,,,,,,,,,,,,,,,,,,,,,,adiology.io,,,,,,,,,,,,,,,,,,,,,,,,,,,,,,,,,,,,,,,,,,,,,,,,,,,,,,,,,,,,,,,,,,,,,,,,,,,,,,,,,,,,,,,,,,,,,,,,,,,,,,,,,,,,,,,,,,,,,,,,,,,,,,,,,,,,,,,,,,,,,,,,,
"Campaign-Search-Feb 8, 2026 06:59 PM",,,,,,,,,,,Enabled,,Ad Group 3,2,Enabled,,detailed adiology phone number,phrase,Enabled,,,,,,,,,,,,,,,,,,,,,,,,adiology.io,,,,,,,,,,,,,,,,,,,,,,,,,,,,,,,,,,,,,,,,,,,,,,,,,,,,,,,,,,,,,,,,,,,,,,,,,,,,,,,,,,,,,,,,,,,,,,,,,,,,,,,,,,,,,,,,,,,,,,,,,,,,,,,,,,,,,,,,,,,,,,,,,
"Campaign-Search-Feb 8, 2026 06:59 PM",,,,,,,,,,,Enabled,,Ad Group 3,2,Enabled,,local adiology phone number for business,exact,Enabled,,,,,,,,,,,,,,,,,,,,,,,,adiology.io,,,,,,,,,,,,,,,,,,,,,,,,,,,,,,,,,,,,,,,,,,,,,,,,,,,,,,,,,,,,,,,,,,,,,,,,,,,,,,,,,,,,,,,,,,,,,,,,,,,,,,,,,,,,,,,,,,,,,,,,,,,,,,,,,,,,,,,,,,,,,,,,,
"Campaign-Search-Feb 8, 2026 06:59 PM",,,,,,,,,,,Enabled,,Ad Group 3,2,Enabled,,purchase a adiology phone number,broad,Enabled,,,,,,,,,,,,,,,,,,,,,,,,adiology.io,,,,,,,,,,,,,,,,,,,,,,,,,,,,,,,,,,,,,,,,,,,,,,,,,,,,,,,,,,,,,,,,,,,,,,,,,,,,,,,,,,,,,,,,,,,,,,,,,,,,,,,,,,,,,,,,,,,,,,,,,,,,,,,,,,,,,,,,,,,,,,,,,
"Campaign-Search-Feb 8, 2026 06:59 PM",,,,,,,,,,,Enabled,,Ad Group 3,2,Enabled,,rapid adiology contact,phrase,Enabled,,,,,,,,,,,,,,,,,,,,,,,,adiology.io,,,,,,,,,,,,,,,,,,,,,,,,,,,,,,,,,,,,,,,,,,,,,,,,,,,,,,,,,,,,,,,,,,,,,,,,,,,,,,,,,,,,,,,,,,,,,,,,,,,,,,,,,,,,,,,,,,,,,,,,,,,,,,,,,,,,,,,,,,,,,,,,,
"Campaign-Search-Feb 8, 2026 06:59 PM",,,,,,,,,,,Enabled,,Ad Group 3,2,Enabled,,adiology - google campaign builder independent,exact,Enabled,,,,,,,,,,,,,,,,,,,,,,,,adiology.io,,,,,,,,,,,,,,,,,,,,,,,,,,,,,,,,,,,,,,,,,,,,,,,,,,,,,,,,,,,,,,,,,,,,,,,,,,,,,,,,,,,,,,,,,,,,,,,,,,,,,,,,,,,,,,,,,,,,,,,,,,,,,,,,,,,,,,,,,,,,,,,,,
"Campaign-Search-Feb 8, 2026 06:59 PM",,,,,,,,,,,Enabled,,Ad Group 3,2,Enabled,,trained adiology - google campaign builder,phrase,Enabled,,,,,,,,,,,,,,,,,,,,,,,,adiology.io,,,,,,,,,,,,,,,,,,,,,,,,,,,,,,,,,,,,,,,,,,,,,,,,,,,,,,,,,,,,,,,,,,,,,,,,,,,,,,,,,,,,,,,,,,,,,,,,,,,,,,,,,,,,,,,,,,,,,,,,,,,,,,,,,,,,,,,,,,,,,,,,,
"Campaign-Search-Feb 8, 2026 06:59 PM",,,,,,,,,,,Enabled,,Ad Group 3,2,Enabled,,adiology services local,broad,Enabled,,,,,,,,,,,,,,,,,,,,,,,,adiology.io,,,,,,,,,,,,,,,,,,,,,,,,,,,,,,,,,,,,,,,,,,,,,,,,,,,,,,,,,,,,,,,,,,,,,,,,,,,,,,,,,,,,,,,,,,,,,,,,,,,,,,,,,,,,,,,,,,,,,,,,,,,,,,,,,,,,,,,,,,,,,,,,,
"Campaign-Search-Feb 8, 2026 06:59 PM",,,,,,,,,,,Enabled,,Ad Group 3,2,Enabled,,is adiology phone number worth it,phrase,Enabled,,,,,,,,,,,,,,,,,,,,,,,,adiology.io,,,,,,,,,,,,,,,,,,,,,,,,,,,,,,,,,,,,,,,,,,,,,,,,,,,,,,,,,,,,,,,,,,,,,,,,,,,,,,,,,,,,,,,,,,,,,,,,,,,,,,,,,,,,,,,,,,,,,,,,,,,,,,,,,,,,,,,,,,,,,,,,,
"Campaign-Search-Feb 8, 2026 06:59 PM",,,,,,,,,,,Enabled,,Ad Group 3,2,Enabled,,adiology services top,phrase,Enabled,,,,,,,,,,,,,,,,,,,,,,,,adiology.io,,,,,,,,,,,,,,,,,,,,,,,,,,,,,,,,,,,,,,,,,,,,,,,,,,,,,,,,,,,,,,,,,,,,,,,,,,,,,,,,,,,,,,,,,,,,,,,,,,,,,,,,,,,,,,,,,,,,,,,,,,,,,,,,,,,,,,,,,,,,,,,,,
"Campaign-Search-Feb 8, 2026 06:59 PM",,,,,,,,,,,Enabled,,Ad Group 3,2,Enabled,,need a adiology phone number,exact,Enabled,,,,,,,,,,,,,,,,,,,,,,,,adiology.io,,,,,,,,,,,,,,,,,,,,,,,,,,,,,,,,,,,,,,,,,,,,,,,,,,,,,,,,,,,,,,,,,,,,,,,,,,,,,,,,,,,,,,,,,,,,,,,,,,,,,,,,,,,,,,,,,,,,,,,,,,,,,,,,,,,,,,,,,,,,,,,,,
"Campaign-Search-Feb 8, 2026 06:59 PM",,,,,,,,,,,Enabled,,Ad Group 3,2,Enabled,,adiology services local,exact,Enabled,,,,,,,,,,,,,,,,,,,,,,,,adiology.io,,,,,,,,,,,,,,,,,,,,,,,,,,,,,,,,,,,,,,,,,,,,,,,,,,,,,,,,,,,,,,,,,,,,,,,,,,,,,,,,,,,,,,,,,,,,,,,,,,,,,,,,,,,,,,,,,,,,,,,,,,,,,,,,,,,,,,,,,,,,,,,,,
"Campaign-Search-Feb 8, 2026 06:59 PM",,,,,,,,,,,Enabled,,Ad Group 3,2,Enabled,,buy adiology contact,broad,Enabled,,,,,,,,,,,,,,,,,,,,,,,,adiology.io,,,,,,,,,,,,,,,,,,,,,,,,,,,,,,,,,,,,,,,,,,,,,,,,,,,,,,,,,,,,,,,,,,,,,,,,,,,,,,,,,,,,,,,,,,,,,,,,,,,,,,,,,,,,,,,,,,,,,,,,,,,,,,,,,,,,,,,,,,,,,,,,,
"Campaign-Search-Feb 8, 2026 06:59 PM",,,,,,,,,,,Enabled,,Ad Group 3,2,Enabled,,economical adiology phone number,phrase,Enabled,,,,,,,,,,,,,,,,,,,,,,,,adiology.io,,,,,,,,,,,,,,,,,,,,,,,,,,,,,,,,,,,,,,,,,,,,,,,,,,,,,,,,,,,,,,,,,,,,,,,,,,,,,,,,,,,,,,,,,,,,,,,,,,,,,,,,,,,,,,,,,,,,,,,,,,,,,,,,,,,,,,,,,,,,,,,,,
"Campaign-Search-Feb 8, 2026 06:59 PM",,,,,,,,,,,Enabled,,Ad Group 3,2,Enabled,,instant adiology - google campaign builder,broad,Enabled,,,,,,,,,,,,,,,,,,,,,,,,adiology.io,,,,,,,,,,,,,,,,,,,,,,,,,,,,,,,,,,,,,,,,,,,,,,,,,,,,,,,,,,,,,,,,,,,,,,,,,,,,,,,,,,,,,,,,,,,,,,,,,,,,,,,,,,,,,,,,,,,,,,,,,,,,,,,,,,,,,,,,,,,,,,,,,
"Campaign-Search-Feb 8, 2026 06:59 PM",,,,,,,,,,,Enabled,,Ad Group 3,2,Enabled,,adiology - google campaign builder nearest,broad,Enabled,,,,,,,,,,,,,,,,,,,,,,,,adiology.io,,,,,,,,,,,,,,,,,,,,,,,,,,,,,,,,,,,,,,,,,,,,,,,,,,,,,,,,,,,,,,,,,,,,,,,,,,,,,,,,,,,,,,,,,,,,,,,,,,,,,,,,,,,,,,,,,,,,,,,,,,,,,,,,,,,,,,,,,,,,,,,,,
"Campaign-Search-Feb 8, 2026 06:59 PM",,,,,,,,,,,Enabled,,Ad Group 3,2,Enabled,,adiology - google campaign builder local,exact,Enabled,,,,,,,,,,,,,,,,,,,,,,,,adiology.io,,,,,,,,,,,,,,,,,,,,,,,,,,,,,,,,,,,,,,,,,,,,,,,,,,,,,,,,,,,,,,,,,,,,,,,,,,,,,,,,,,,,,,,,,,,,,,,,,,,,,,,,,,,,,,,,,,,,,,,,,,,,,,,,,,,,,,,,,,,,,,,,,
"Campaign-Search-Feb 8, 2026 06:59 PM",,,,,,,,,,,Enabled,,Ad Group 3,2,Enabled,,trusted adiology - google campaign builder,broad,Enabled,,,,,,,,,,,,,,,,,,,,,,,,adiology.io,,,,,,,,,,,,,,,,,,,,,,,,,,,,,,,,,,,,,,,,,,,,,,,,,,,,,,,,,,,,,,,,,,,,,,,,,,,,,,,,,,,,,,,,,,,,,,,,,,,,,,,,,,,,,,,,,,,,,,,,,,,,,,,,,,,,,,,,,,,,,,,,,
"Campaign-Search-Feb 8, 2026 06:59 PM",,,,,,,,,,,Enabled,,Ad Group 3,2,Enabled,,hire adiology phone number,broad,Enabled,,,,,,,,,,,,,,,,,,,,,,,,adiology.io,,,,,,,,,,,,,,,,,,,,,,,,,,,,,,,,,,,,,,,,,,,,,,,,,,,,,,,,,,,,,,,,,,,,,,,,,,,,,,,,,,,,,,,,,,,,,,,,,,,,,,,,,,,,,,,,,,,,,,,,,,,,,,,,,,,,,,,,,,,,,,,,,
"Campaign-Search-Feb 8, 2026 06:59 PM",,,,,,,,,,,Enabled,,Ad Group 3,2,Enabled,,bonded adiology phone number,phrase,Enabled,,,,,,,,,,,,,,,,,,,,,,,,adiology.io,,,,,,,,,,,,,,,,,,,,,,,,,,,,,,,,,,,,,,,,,,,,,,,,,,,,,,,,,,,,,,,,,,,,,,,,,,,,,,,,,,,,,,,,,,,,,,,,,,,,,,,,,,,,,,,,,,,,,,,,,,,,,,,,,,,,,,,,,,,,,,,,,
"Campaign-Search-Feb 8, 2026 06:59 PM",,,,,,,,,,,Enabled,,Ad Group 3,2,Enabled,,adiology phone number for apartment,broad,Enabled,,,,,,,,,,,,,,,,,,,,,,,,adiology.io,,,,,,,,,,,,,,,,,,,,,,,,,,,,,,,,,,,,,,,,,,,,,,,,,,,,,,,,,,,,,,,,,,,,,,,,,,,,,,,,,,,,,,,,,,,,,,,,,,,,,,,,,,,,,,,,,,,,,,,,,,,,,,,,,,,,,,,,,,,,,,,,,
"Campaign-Search-Feb 8, 2026 06:59 PM",,,,,,,,,,,Enabled,,Ad Group 3,2,Enabled,,adiology phone number online,exact,Enabled,,,,,,,,,,,,,,,,,,,,,,,,adiology.io,,,,,,,,,,,,,,,,,,,,,,,,,,,,,,,,,,,,,,,,,,,,,,,,,,,,,,,,,,,,,,,,,,,,,,,,,,,,,,,,,,,,,,,,,,,,,,,,,,,,,,,,,,,,,,,,,,,,,,,,,,,,,,,,,,,,,,,,,,,,,,,,,
"Campaign-Search-Feb 8, 2026 06:59 PM",,,,,,,,,,,Enabled,,Ad Group 3,2,Enabled,,affordable adiology phone number local,broad,Enabled,,,,,,,,,,,,,,,,,,,,,,,,adiology.io,,,,,,,,,,,,,,,,,,,,,,,,,,,,,,,,,,,,,,,,,,,,,,,,,,,,,,,,,,,,,,,,,,,,,,,,,,,,,,,,,,,,,,,,,,,,,,,,,,,,,,,,,,,,,,,,,,,,,,,,,,,,,,,,,,,,,,,,,,,,,,,,,
"Campaign-Search-Feb 8, 2026 06:59 PM",,,,,,,,,,,Enabled,,Ad Group 3,2,Enabled,,adiology - google campaign builder,phrase,Enabled,,,,,,,,,,,,,,,,,,,,,,,,adiology.io,,,,,,,,,,,,,,,,,,,,,,,,,,,,,,,,,,,,,,,,,,,,,,,,,,,,,,,,,,,,,,,,,,,,,,,,,,,,,,,,,,,,,,,,,,,,,,,,,,,,,,,,,,,,,,,,,,,,,,,,,,,,,,,,,,,,,,,,,,,,,,,,,
"Campaign-Search-Feb 8, 2026 06:59 PM",,,,,,,,,,,Enabled,,Ad Group 3,2,Enabled,,adiology - google campaign builder affordable,exact,Enabled,,,,,,,,,,,,,,,,,,,,,,,,adiology.io,,,,,,,,,,,,,,,,,,,,,,,,,,,,,,,,,,,,,,,,,,,,,,,,,,,,,,,,,,,,,,,,,,,,,,,,,,,,,,,,,,,,,,,,,,,,,,,,,,,,,,,,,,,,,,,,,,,,,,,,,,,,,,,,,,,,,,,,,,,,,,,,,
"Campaign-Search-Feb 8, 2026 06:59 PM",,,,,,,,,,,Enabled,,Ad Group 3,2,Enabled,,hire adiology phone number,phrase,Enabled,,,,,,,,,,,,,,,,,,,,,,,,adiology.io,,,,,,,,,,,,,,,,,,,,,,,,,,,,,,,,,,,,,,,,,,,,,,,,,,,,,,,,,,,,,,,,,,,,,,,,,,,,,,,,,,,,,,,,,,,,,,,,,,,,,,,,,,,,,,,,,,,,,,,,,,,,,,,,,,,,,,,,,,,,,,,,,
"Campaign-Search-Feb 8, 2026 06:59 PM",,,,,,,,,,,Enabled,,Ad Group 3,2,Enabled,,certified adiology contact,broad,Enabled,,,,,,,,,,,,,,,,,,,,,,,,adiology.io,,,,,,,,,,,,,,,,,,,,,,,,,,,,,,,,,,,,,,,,,,,,,,,,,,,,,,,,,,,,,,,,,,,,,,,,,,,,,,,,,,,,,,,,,,,,,,,,,,,,,,,,,,,,,,,,,,,,,,,,,,,,,,,,,,,,,,,,,,,,,,,,,
"Campaign-Search-Feb 8, 2026 06:59 PM",,,,,,,,,,,Enabled,,Ad Group 3,2,Enabled,,schedule adiology - google campaign builder,broad,Enabled,,,,,,,,,,,,,,,,,,,,,,,,adiology.io,,,,,,,,,,,,,,,,,,,,,,,,,,,,,,,,,,,,,,,,,,,,,,,,,,,,,,,,,,,,,,,,,,,,,,,,,,,,,,,,,,,,,,,,,,,,,,,,,,,,,,,,,,,,,,,,,,,,,,,,,,,,,,,,,,,,,,,,,,,,,,,,,
"Campaign-Search-Feb 8, 2026 06:59 PM",,,,,,,,,,,Enabled,,Ad Group 3,2,Enabled,,family owned adiology phone number,exact,Enabled,,,,,,,,,,,,,,,,,,,,,,,,adiology.io,,,,,,,,,,,,,,,,,,,,,,,,,,,,,,,,,,,,,,,,,,,,,,,,,,,,,,,,,,,,,,,,,,,,,,,,,,,,,,,,,,,,,,,,,,,,,,,,,,,,,,,,,,,,,,,,,,,,,,,,,,,,,,,,,,,,,,,,,,,,,,,,,
"Campaign-Search-Feb 8, 2026 06:59 PM",,,,,,,,,,,Enabled,,Ad Group 3,2,Enabled,,premier adiology phone number,exact,Enabled,,,,,,,,,,,,,,,,,,,,,,,,adiology.io,,,,,,,,,,,,,,,,,,,,,,,,,,,,,,,,,,,,,,,,,,,,,,,,,,,,,,,,,,,,,,,,,,,,,,,,,,,,,,,,,,,,,,,,,,,,,,,,,,,,,,,,,,,,,,,,,,,,,,,,,,,,,,,,,,,,,,,,,,,,,,,,,
"Campaign-Search-Feb 8, 2026 06:59 PM",,,,,,,,,,,Enabled,,Ad Group 3,2,Enabled,,certified adiology contact,phrase,Enabled,,,,,,,,,,,,,,,,,,,,,,,,adiology.io,,,,,,,,,,,,,,,,,,,,,,,,,,,,,,,,,,,,,,,,,,,,,,,,,,,,,,,,,,,,,,,,,,,,,,,,,,,,,,,,,,,,,,,,,,,,,,,,,,,,,,,,,,,,,,,,,,,,,,,,,,,,,,,,,,,,,,,,,,,,,,,,,
"Campaign-Search-Feb 8, 2026 06:59 PM",,,,,,,,,,,Enabled,,Ad Group 3,2,Enabled,,need adiology - google campaign builder,broad,Enabled,,,,,,,,,,,,,,,,,,,,,,,,adiology.io,,,,,,,,,,,,,,,,,,,,,,,,,,,,,,,,,,,,,,,,,,,,,,,,,,,,,,,,,,,,,,,,,,,,,,,,,,,,,,,,,,,,,,,,,,,,,,,,,,,,,,,,,,,,,,,,,,,,,,,,,,,,,,,,,,,,,,,,,,,,,,,,,
"Campaign-Search-Feb 8, 2026 06:59 PM",,,,,,,,,,,Enabled,,Ad Group 3,2,Enabled,,thorough adiology - google campaign builder,exact,Enabled,,,,,,,,,,,,,,,,,,,,,,,,adiology.io,,,,,,,,,,,,,,,,,,,,,,,,,,,,,,,,,,,,,,,,,,,,,,,,,,,,,,,,,,,,,,,,,,,,,,,,,,,,,,,,,,,,,,,,,,,,,,,,,,,,,,,,,,,,,,,,,,,,,,,,,,,,,,,,,,,,,,,,,,,,,,,,,
"Campaign-Search-Feb 8, 2026 06:59 PM",,,,,,,,,,,Enabled,,Ad Group 3,2,Enabled,,emergency adiology phone number near me,exact,Enabled,,,,,,,,,,,,,,,,,,,,,,,,adiology.io,,,,,,,,,,,,,,,,,,,,,,,,,,,,,,,,,,,,,,,,,,,,,,,,,,,,,,,,,,,,,,,,,,,,,,,,,,,,,,,,,,,,,,,,,,,,,,,,,,,,,,,,,,,,,,,,,,,,,,,,,,,,,,,,,,,,,,,,,,,,,,,,,
"Campaign-Search-Feb 8, 2026 06:59 PM",,,,,,,,,,,Enabled,,Ad Group 3,2,Enabled,,adiology phone number affordable,phrase,Enabled,,,,,,,,,,,,,,,,,,,,,,,,adiology.io,,,,,,,,,,,,,,,,,,,,,,,,,,,,,,,,,,,,,,,,,,,,,,,,,,,,,,,,,,,,,,,,,,,,,,,,,,,,,,,,,,,,,,,,,,,,,,,,,,,,,,,,,,,,,,,,,,,,,,,,,,,,,,,,,,,,,,,,,,,,,,,,,
"Campaign-Search-Feb 8, 2026 06:59 PM",,,,,,,,,,,Enabled,,Ad Group 3,2,Enabled,,dependable adiology - google campaign builder,phrase,Enabled,,,,,,,,,,,,,,,,,,,,,,,,adiology.io,,,,,,,,,,,,,,,,,,,,,,,,,,,,,,,,,,,,,,,,,,,,,,,,,,,,,,,,,,,,,,,,,,,,,,,,,,,,,,,,,,,,,,,,,,,,,,,,,,,,,,,,,,,,,,,,,,,,,,,,,,,,,,,,,,,,,,,,,,,,,,,,,
"Campaign-Search-Feb 8, 2026 06:59 PM",,,,,,,,,,,Enabled,,Ad Group 3,2,Enabled,,adiology services top,broad,Enabled,,,,,,,,,,,,,,,,,,,,,,,,adiology.io,,,,,,,,,,,,,,,,,,,,,,,,,,,,,,,,,,,,,,,,,,,,,,,,,,,,,,,,,,,,,,,,,,,,,,,,,,,,,,,,,,,,,,,,,,,,,,,,,,,,,,,,,,,,,,,,,,,,,,,,,,,,,,,,,,,,,,,,,,,,,,,,,
"Campaign-Search-Feb 8, 2026 06:59 PM",,,,,,,,,,,Enabled,,Ad Group 3,2,Enabled,,what does adiology phone number do,phrase,Enabled,,,,,,,,,,,,,,,,,,,,,,,,adiology.io,,,,,,,,,,,,,,,,,,,,,,,,,,,,,,,,,,,,,,,,,,,,,,,,,,,,,,,,,,,,,,,,,,,,,,,,,,,,,,,,,,,,,,,,,,,,,,,,,,,,,,,,,,,,,,,,,,,,,,,,,,,,,,,,,,,,,,,,,,,,,,,,,
"Campaign-Search-Feb 8, 2026 06:59 PM",,,,,,,,,,,Enabled,,Ad Group 3,2,Enabled,,how much is adiology phone number,broad,Enabled,,,,,,,,,,,,,,,,,,,,,,,,adiology.io,,,,,,,,,,,,,,,,,,,,,,,,,,,,,,,,,,,,,,,,,,,,,,,,,,,,,,,,,,,,,,,,,,,,,,,,,,,,,,,,,,,,,,,,,,,,,,,,,,,,,,,,,,,,,,,,,,,,,,,,,,,,,,,,,,,,,,,,,,,,,,,,,
"Campaign-Search-Feb 8, 2026 06:59 PM",,,,,,,,,,,Enabled,,Ad Group 3,2,Enabled,,adiology phone number value,broad,Enabled,,,,,,,,,,,,,,,,,,,,,,,,adiology.io,,,,,,,,,,,,,,,,,,,,,,,,,,,,,,,,,,,,,,,,,,,,,,,,,,,,,,,,,,,,,,,,,,,,,,,,,,,,,,,,,,,,,,,,,,,,,,,,,,,,,,,,,,,,,,,,,,,,,,,,,,,,,,,,,,,,,,,,,,,,,,,,,
"Campaign-Search-Feb 8, 2026 06:59 PM",,,,,,,,,,,Enabled,,Ad Group 3,2,Enabled,,can adiology phone number help,phrase,Enabled,,,,,,,,,,,,,,,,,,,,,,,,adiology.io,,,,,,,,,,,,,,,,,,,,,,,,,,,,,,,,,,,,,,,,,,,,,,,,,,,,,,,,,,,,,,,,,,,,,,,,,,,,,,,,,,,,,,,,,,,,,,,,,,,,,,,,,,,,,,,,,,,,,,,,,,,,,,,,,,,,,,,,,,,,,,,,,
"Campaign-Search-Feb 8, 2026 06:59 PM",,,,,,,,,,,Enabled,,Ad Group 4,2,Enabled,,certified adiology - google campaign builder,phrase,Enabled,,,,,,,,,,,,,,,,,,,,,,,,adiology.io,,,,,,,,,,,,,,,,,,,,,,,,,,,,,,,,,,,,,,,,,,,,,,,,,,,,,,,,,,,,,,,,,,,,,,,,,,,,,,,,,,,,,,,,,,,,,,,,,,,,,,,,,,,,,,,,,,,,,,,,,,,,,,,,,,,,,,,,,,,,,,,,,
"Campaign-Search-Feb 8, 2026 06:59 PM",,,,,,,,,,,Enabled,,Ad Group 4,2,Enabled,,highest rated adiology contact,phrase,Enabled,,,,,,,,,,,,,,,,,,,,,,,,adiology.io,,,,,,,,,,,,,,,,,,,,,,,,,,,,,,,,,,,,,,,,,,,,,,,,,,,,,,,,,,,,,,,,,,,,,,,,,,,,,,,,,,,,,,,,,,,,,,,,,,,,,,,,,,,,,,,,,,,,,,,,,,,,,,,,,,,,,,,,,,,,,,,,,
"Campaign-Search-Feb 8, 2026 06:59 PM",,,,,,,,,,,Enabled,,Ad Group 4,2,Enabled,,highest rated adiology contact,exact,Enabled,,,,,,,,,,,,,,,,,,,,,,,,adiology.io,,,,,,,,,,,,,,,,,,,,,,,,,,,,,,,,,,,,,,,,,,,,,,,,,,,,,,,,,,,,,,,,,,,,,,,,,,,,,,,,,,,,,,,,,,,,,,,,,,,,,,,,,,,,,,,,,,,,,,,,,,,,,,,,,,,,,,,,,,,,,,,,,
"Campaign-Search-Feb 8, 2026 06:59 PM",,,,,,,,,,,Enabled,,Ad Group 4,2,Enabled,,adiology - google campaign builder suburban,broad,Enabled,,,,,,,,,,,,,,,,,,,,,,,,adiology.io,,,,,,,,,,,,,,,,,,,,,,,,,,,,,,,,,,,,,,,,,,,,,,,,,,,,,,,,,,,,,,,,,,,,,,,,,,,,,,,,,,,,,,,,,,,,,,,,,,,,,,,,,,,,,,,,,,,,,,,,,,,,,,,,,,,,,,,,,,,,,,,,,
"Campaign-Search-Feb 8, 2026 06:59 PM",,,,,,,,,,,Enabled,,Ad Group 4,2,Enabled,,upfront adiology phone number,phrase,Enabled,,,,,,,,,,,,,,,,,,,,,,,,adiology.io,,,,,,,,,,,,,,,,,,,,,,,,,,,,,,,,,,,,,,,,,,,,,,,,,,,,,,,,,,,,,,,,,,,,,,,,,,,,,,,,,,,,,,,,,,,,,,,,,,,,,,,,,,,,,,,,,,,,,,,,,,,,,,,,,,,,,,,,,,,,,,,,,
"Campaign-Search-Feb 8, 2026 06:59 PM",,,,,,,,,,,Enabled,,Ad Group 4,2,Enabled,,adiology phone number instant,phrase,Enabled,,,,,,,,,,,,,,,,,,,,,,,,adiology.io,,,,,,,,,,,,,,,,,,,,,,,,,,,,,,,,,,,,,,,,,,,,,,,,,,,,,,,,,,,,,,,,,,,,,,,,,,,,,,,,,,,,,,,,,,,,,,,,,,,,,,,,,,,,,,,,,,,,,,,,,,,,,,,,,,,,,,,,,,,,,,,,,
"Campaign-Search-Feb 8, 2026 06:59 PM",,,,,,,,,,,Enabled,,Ad Group 4,2,Enabled,,adiology phone number close,broad,Enabled,,,,,,,,,,,,,,,,,,,,,,,,adiology.io,,,,,,,,,,,,,,,,,,,,,,,,,,,,,,,,,,,,,,,,,,,,,,,,,,,,,,,,,,,,,,,,,,,,,,,,,,,,,,,,,,,,,,,,,,,,,,,,,,,,,,,,,,,,,,,,,,,,,,,,,,,,,,,,,,,,,,,,,,,,,,,,,
"Campaign-Search-Feb 8, 2026 06:59 PM",,,,,,,,,,,Enabled,,Ad Group 4,2,Enabled,,adiology phone number for business,exact,Enabled,,,,,,,,,,,,,,,,,,,,,,,,adiology.io,,,,,,,,,,,,,,,,,,,,,,,,,,,,,,,,,,,,,,,,,,,,,,,,,,,,,,,,,,,,,,,,,,,,,,,,,,,,,,,,,,,,,,,,,,,,,,,,,,,,,,,,,,,,,,,,,,,,,,,,,,,,,,,,,,,,,,,,,,,,,,,,,
"Campaign-Search-Feb 8, 2026 06:59 PM",,,,,,,,,,,Enabled,,Ad Group 4,2,Enabled,,experienced adiology phone number near me,phrase,Enabled,,,,,,,,,,,,,,,,,,,,,,,,adiology.io,,,,,,,,,,,,,,,,,,,,,,,,,,,,,,,,,,,,,,,,,,,,,,,,,,,,,,,,,,,,,,,,,,,,,,,,,,,,,,,,,,,,,,,,,,,,,,,,,,,,,,,,,,,,,,,,,,,,,,,,,,,,,,,,,,,,,,,,,,,,,,,,,
"Campaign-Search-Feb 8, 2026 06:59 PM",,,,,,,,,,,Enabled,,Ad Group 4,2,Enabled,,purchase a adiology phone number,phrase,Enabled,,,,,,,,,,,,,,,,,,,,,,,,adiology.io,,,,,,,,,,,,,,,,,,,,,,,,,,,,,,,,,,,,,,,,,,,,,,,,,,,,,,,,,,,,,,,,,,,,,,,,,,,,,,,,,,,,,,,,,,,,,,,,,,,,,,,,,,,,,,,,,,,,,,,,,,,,,,,,,,,,,,,,,,,,,,,,,
"Campaign-Search-Feb 8, 2026 06:59 PM",,,,,,,,,,,Enabled,,Ad Group 4,2,Enabled,,adiology - google campaign builder luxury,phrase,Enabled,,,,,,,,,,,,,,,,,,,,,,,,adiology.io,,,,,,,,,,,,,,,,,,,,,,,,,,,,,,,,,,,,,,,,,,,,,,,,,,,,,,,,,,,,,,,,,,,,,,,,,,,,,,,,,,,,,,,,,,,,,,,,,,,,,,,,,,,,,,,,,,,,,,,,,,,,,,,,,,,,,,,,,,,,,,,,,
"Campaign-Search-Feb 8, 2026 06:59 PM",,,,,,,,,,,Enabled,,Ad Group 4,2,Enabled,,adiology services,exact,Enabled,,,,,,,,,,,,,,,,,,,,,,,,adiology.io,,,,,,,,,,,,,,,,,,,,,,,,,,,,,,,,,,,,,,,,,,,,,,,,,,,,,,,,,,,,,,,,,,,,,,,,,,,,,,,,,,,,,,,,,,,,,,,,,,,,,,,,,,,,,,,,,,,,,,,,,,,,,,,,,,,,,,,,,,,,,,,,,
"Campaign-Search-Feb 8, 2026 06:59 PM",,,,,,,,,,,Enabled,,Ad Group 4,2,Enabled,,contact adiology - google campaign builder,broad,Enabled,,,,,,,,,,,,,,,,,,,,,,,,adiology.io,,,,,,,,,,,,,,,,,,,,,,,,,,,,,,,,,,,,,,,,,,,,,,,,,,,,,,,,,,,,,,,,,,,,,,,,,,,,,,,,,,,,,,,,,,,,,,,,,,,,,,,,,,,,,,,,,,,,,,,,,,,,,,,,,,,,,,,,,,,,,,,,,
"Campaign-Search-Feb 8, 2026 06:59 PM",,,,,,,,,,,Enabled,,Ad Group 4,2,Enabled,,compare adiology phone number,exact,Enabled,,,,,,,,,,,,,,,,,,,,,,,,adiology.io,,,,,,,,,,,,,,,,,,,,,,,,,,,,,,,,,,,,,,,,,,,,,,,,,,,,,,,,,,,,,,,,,,,,,,,,,,,,,,,,,,,,,,,,,,,,,,,,,,,,,,,,,,,,,,,,,,,,,,,,,,,,,,,,,,,,,,,,,,,,,,,,,
"Campaign-Search-Feb 8, 2026 06:59 PM",,,,,,,,,,,Enabled,,Ad Group 4,2,Enabled,,skilled adiology - google campaign builder,exact,Enabled,,,,,,,,,,,,,,,,,,,,,,,,adiology.io,,,,,,,,,,,,,,,,,,,,,,,,,,,,,,,,,,,,,,,,,,,,,,,,,,,,,,,,,,,,,,,,,,,,,,,,,,,,,,,,,,,,,,,,,,,,,,,,,,,,,,,,,,,,,,,,,,,,,,,,,,,,,,,,,,,,,,,,,,,,,,,,,
"Campaign-Search-Feb 8, 2026 06:59 PM",,,,,,,,,,,Enabled,,Ad Group 4,2,Enabled,,highest rated adiology phone number,exact,Enabled,,,,,,,,,,,,,,,,,,,,,,,,adiology.io,,,,,,,,,,,,,,,,,,,,,,,,,,,,,,,,,,,,,,,,,,,,,,,,,,,,,,,,,,,,,,,,,,,,,,,,,,,,,,,,,,,,,,,,,,,,,,,,,,,,,,,,,,,,,,,,,,,,,,,,,,,,,,,,,,,,,,,,,,,,,,,,,
"Campaign-Search-Feb 8, 2026 06:59 PM",,,,,,,,,,,Enabled,,Ad Group 4,2,Enabled,,affordable adiology phone number for business,phrase,Enabled,,,,,,,,,,,,,,,,,,,,,,,,adiology.io,,,,,,,,,,,,,,,,,,,,,,,,,,,,,,,,,,,,,,,,,,,,,,,,,,,,,,,,,,,,,,,,,,,,,,,,,,,,,,,,,,,,,,,,,,,,,,,,,,,,,,,,,,,,,,,,,,,,,,,,,,,,,,,,,,,,,,,,,,,,,,,,,
"Campaign-Search-Feb 8, 2026 06:59 PM",,,,,,,,,,,Enabled,,Ad Group 4,2,Enabled,,adiology contact veteran owned,exact,Enabled,,,,,,,,,,,,,,,,,,,,,,,,adiology.io,,,,,,,,,,,,,,,,,,,,,,,,,,,,,,,,,,,,,,,,,,,,,,,,,,,,,,,,,,,,,,,,,,,,,,,,,,,,,,,,,,,,,,,,,,,,,,,,,,,,,,,,,,,,,,,,,,,,,,,,,,,,,,,,,,,,,,,,,,,,,,,,,
"Campaign-Search-Feb 8, 2026 06:59 PM",,,,,,,,,,,Enabled,,Ad Group 4,2,Enabled,,contact adiology - google campaign builder,phrase,Enabled,,,,,,,,,,,,,,,,,,,,,,,,adiology.io,,,,,,,,,,,,,,,,,,,,,,,,,,,,,,,,,,,,,,,,,,,,,,,,,,,,,,,,,,,,,,,,,,,,,,,,,,,,,,,,,,,,,,,,,,,,,,,,,,,,,,,,,,,,,,,,,,,,,,,,,,,,,,,,,,,,,,,,,,,,,,,,,
"Campaign-Search-Feb 8, 2026 06:59 PM",,,,,,,,,,,Enabled,,Ad Group 4,2,Enabled,,licensed adiology phone number,broad,Enabled,,,,,,,,,,,,,,,,,,,,,,,,adiology.io,,,,,,,,,,,,,,,,,,,,,,,,,,,,,,,,,,,,,,,,,,,,,,,,,,,,,,,,,,,,,,,,,,,,,,,,,,,,,,,,,,,,,,,,,,,,,,,,,,,,,,,,,,,,,,,,,,,,,,,,,,,,,,,,,,,,,,,,,,,,,,,,,
"Campaign-Search-Feb 8, 2026 06:59 PM",,,,,,,,,,,Enabled,,Ad Group 4,2,Enabled,,adiology phone number for business,broad,Enabled,,,,,,,,,,,,,,,,,,,,,,,,adiology.io,,,,,,,,,,,,,,,,,,,,,,,,,,,,,,,,,,,,,,,,,,,,,,,,,,,,,,,,,,,,,,,,,,,,,,,,,,,,,,,,,,,,,,,,,,,,,,,,,,,,,,,,,,,,,,,,,,,,,,,,,,,,,,,,,,,,,,,,,,,,,,,,,
"Campaign-Search-Feb 8, 2026 06:59 PM",,,,,,,,,,,Enabled,,Ad Group 4,2,Enabled,,bonded adiology - google campaign builder,phrase,Enabled,,,,,,,,,,,,,,,,,,,,,,,,adiology.io,,,,,,,,,,,,,,,,,,,,,,,,,,,,,,,,,,,,,,,,,,,,,,,,,,,,,,,,,,,,,,,,,,,,,,,,,,,,,,,,,,,,,,,,,,,,,,,,,,,,,,,,,,,,,,,,,,,,,,,,,,,,,,,,,,,,,,,,,,,,,,,,,
"Campaign-Search-Feb 8, 2026 06:59 PM",,,,,,,,,,,Enabled,,Ad Group 4,2,Enabled,,adiology contact local,exact,Enabled,,,,,,,,,,,,,,,,,,,,,,,,adiology.io,,,,,,,,,,,,,,,,,,,,,,,,,,,,,,,,,,,,,,,,,,,,,,,,,,,,,,,,,,,,,,,,,,,,,,,,,,,,,,,,,,,,,,,,,,,,,,,,,,,,,,,,,,,,,,,,,,,,,,,,,,,,,,,,,,,,,,,,,,,,,,,,,
"Campaign-Search-Feb 8, 2026 06:59 PM",,,,,,,,,,,Enabled,,Ad Group 4,2,Enabled,,call adiology - google campaign builder,broad,Enabled,,,,,,,,,,,,,,,,,,,,,,,,adiology.io,,,,,,,,,,,,,,,,,,,,,,,,,,,,,,,,,,,,,,,,,,,,,,,,,,,,,,,,,,,,,,,,,,,,,,,,,,,,,,,,,,,,,,,,,,,,,,,,,,,,,,,,,,,,,,,,,,,,,,,,,,,,,,,,,,,,,,,,,,,,,,,,,
"Campaign-Search-Feb 8, 2026 06:59 PM",,,,,,,,,,,Enabled,,Ad Group 4,2,Enabled,,review adiology - google campaign builder,exact,Enabled,,,,,,,,,,,,,,,,,,,,,,,,adiology.io,,,,,,,,,,,,,,,,,,,,,,,,,,,,,,,,,,,,,,,,,,,,,,,,,,,,,,,,,,,,,,,,,,,,,,,,,,,,,,,,,,,,,,,,,,,,,,,,,,,,,,,,,,,,,,,,,,,,,,,,,,,,,,,,,,,,,,,,,,,,,,,,,
"Campaign-Search-Feb 8, 2026 06:59 PM",,,,,,,,,,,Enabled,,Ad Group 4,2,Enabled,,what does adiology phone number do,exact,Enabled,,,,,,,,,,,,,,,,,,,,,,,,adiology.io,,,,,,,,,,,,,,,,,,,,,,,,,,,,,,,,,,,,,,,,,,,,,,,,,,,,,,,,,,,,,,,,,,,,,,,,,,,,,,,,,,,,,,,,,,,,,,,,,,,,,,,,,,,,,,,,,,,,,,,,,,,,,,,,,,,,,,,,,,,,,,,,,
"Campaign-Search-Feb 8, 2026 06:59 PM",,,,,,,,,,,Enabled,,Ad Group 4,2,Enabled,,transparent adiology phone number,exact,Enabled,,,,,,,,,,,,,,,,,,,,,,,,adiology.io,,,,,,,,,,,,,,,,,,,,,,,,,,,,,,,,,,,,,,,,,,,,,,,,,,,,,,,,,,,,,,,,,,,,,,,,,,,,,,,,,,,,,,,,,,,,,,,,,,,,,,,,,,,,,,,,,,,,,,,,,,,,,,,,,,,,,,,,,,,,,,,,,
"Campaign-Search-Feb 8, 2026 06:59 PM",,,,,,,,,,,Enabled,,Ad Group 4,2,Enabled,,hire adiology - google campaign builder,broad,Enabled,,,,,,,,,,,,,,,,,,,,,,,,adiology.io,,,,,,,,,,,,,,,,,,,,,,,,,,,,,,,,,,,,,,,,,,,,,,,,,,,,,,,,,,,,,,,,,,,,,,,,,,,,,,,,,,,,,,,,,,,,,,,,,,,,,,,,,,,,,,,,,,,,,,,,,,,,,,,,,,,,,,,,,,,,,,,,,
"Campaign-Search-Feb 8, 2026 06:59 PM",,,,,,,,,,,Enabled,,Ad Group 4,2,Enabled,,professional adiology phone number for home,phrase,Enabled,,,,,,,,,,,,,,,,,,,,,,,,adiology.io,,,,,,,,,,,,,,,,,,,,,,,,,,,,,,,,,,,,,,,,,,,,,,,,,,,,,,,,,,,,,,,,,,,,,,,,,,,,,,,,,,,,,,,,,,,,,,,,,,,,,,,,,,,,,,,,,,,,,,,,,,,,,,,,,,,,,,,,,,,,,,,,,
"Campaign-Search-Feb 8, 2026 06:59 PM",,,,,,,,,,,Enabled,,Ad Group 4,2,Enabled,,local adiology phone number near me,exact,Enabled,,,,,,,,,,,,,,,,,,,,,,,,adiology.io,,,,,,,,,,,,,,,,,,,,,,,,,,,,,,,,,,,,,,,,,,,,,,,,,,,,,,,,,,,,,,,,,,,,,,,,,,,,,,,,,,,,,,,,,,,,,,,,,,,,,,,,,,,,,,,,,,,,,,,,,,,,,,,,,,,,,,,,,,,,,,,,,
"Campaign-Search-Feb 8, 2026 06:59 PM",,,,,,,,,,,Enabled,,Ad Group 4,2,Enabled,,adiology phone number for apartment,phrase,Enabled,,,,,,,,,,,,,,,,,,,,,,,,adiology.io,,,,,,,,,,,,,,,,,,,,,,,,,,,,,,,,,,,,,,,,,,,,,,,,,,,,,,,,,,,,,,,,,,,,,,,,,,,,,,,,,,,,,,,,,,,,,,,,,,,,,,,,,,,,,,,,,,,,,,,,,,,,,,,,,,,,,,,,,,,,,,,,,
"Campaign-Search-Feb 8, 2026 06:59 PM",,,,,,,,,,,Enabled,,Ad Group 4,2,Enabled,,adiology phone number with warranty nearby,phrase,Enabled,,,,,,,,,,,,,,,,,,,,,,,,adiology.io,,,,,,,,,,,,,,,,,,,,,,,,,,,,,,,,,,,,,,,,,,,,,,,,,,,,,,,,,,,,,,,,,,,,,,,,,,,,,,,,,,,,,,,,,,,,,,,,,,,,,,,,,,,,,,,,,,,,,,,,,,,,,,,,,,,,,,,,,,,,,,,,,
"Campaign-Search-Feb 8, 2026 06:59 PM",,,,,,,,,,,Enabled,,Ad Group 4,2,Enabled,,adiology - google campaign builders,exact,Enabled,,,,,,,,,,,,,,,,,,,,,,,,adiology.io,,,,,,,,,,,,,,,,,,,,,,,,,,,,,,,,,,,,,,,,,,,,,,,,,,,,,,,,,,,,,,,,,,,,,,,,,,,,,,,,,,,,,,,,,,,,,,,,,,,,,,,,,,,,,,,,,,,,,,,,,,,,,,,,,,,,,,,,,,,,,,,,,
"Campaign-Search-Feb 8, 2026 06:59 PM",,,,,,,,,,,Enabled,,Ad Group 4,2,Enabled,,nearest adiology - google campaign builder,exact,Enabled,,,,,,,,,,,,,,,,,,,,,,,,adiology.io,,,,,,,,,,,,,,,,,,,,,,,,,,,,,,,,,,,,,,,,,,,,,,,,,,,,,,,,,,,,,,,,,,,,,,,,,,,,,,,,,,,,,,,,,,,,,,,,,,,,,,,,,,,,,,,,,,,,,,,,,,,,,,,,,,,,,,,,,,,,,,,,,
"Campaign-Search-Feb 8, 2026 06:59 PM",,,,,,,,,,,Enabled,,Ad Group 4,2,Enabled,,adiology contact economical,phrase,Enabled,,,,,,,,,,,,,,,,,,,,,,,,adiology.io,,,,,,,,,,,,,,,,,,,,,,,,,,,,,,,,,,,,,,,,,,,,,,,,,,,,,,,,,,,,,,,,,,,,,,,,,,,,,,,,,,,,,,,,,,,,,,,,,,,,,,,,,,,,,,,,,,,,,,,,,,,,,,,,,,,,,,,,,,,,,,,,,
"Campaign-Search-Feb 8, 2026 06:59 PM",,,,,,,,,,,Enabled,,Ad Group 4,2,Enabled,,adiology contact nearest,phrase,Enabled,,,,,,,,,,,,,,,,,,,,,,,,adiology.io,,,,,,,,,,,,,,,,,,,,,,,,,,,,,,,,,,,,,,,,,,,,,,,,,,,,,,,,,,,,,,,,,,,,,,,,,,,,,,,,,,,,,,,,,,,,,,,,,,,,,,,,,,,,,,,,,,,,,,,,,,,,,,,,,,,,,,,,,,,,,,,,,
"Campaign-Search-Feb 8, 2026 06:59 PM",,,,,,,,,,,Enabled,,Ad Group 4,2,Enabled,,rapid adiology contact,broad,Enabled,,,,,,,,,,,,,,,,,,,,,,,,adiology.io,,,,,,,,,,,,,,,,,,,,,,,,,,,,,,,,,,,,,,,,,,,,,,,,,,,,,,,,,,,,,,,,,,,,,,,,,,,,,,,,,,,,,,,,,,,,,,,,,,,,,,,,,,,,,,,,,,,,,,,,,,,,,,,,,,,,,,,,,,,,,,,,,
"Campaign-Search-Feb 8, 2026 06:59 PM",,,,,,,,,,,Enabled,,Ad Group 4,2,Enabled,,adiology phone number fast,broad,Enabled,,,,,,,,,,,,,,,,,,,,,,,,adiology.io,,,,,,,,,,,,,,,,,,,,,,,,,,,,,,,,,,,,,,,,,,,,,,,,,,,,,,,,,,,,,,,,,,,,,,,,,,,,,,,,,,,,,,,,,,,,,,,,,,,,,,,,,,,,,,,,,,,,,,,,,,,,,,,,,,,,,,,,,,,,,,,,,
"Campaign-Search-Feb 8, 2026 06:59 PM",,,,,,,,,,,Enabled,,Ad Group 4,2,Enabled,,do I need adiology phone number,broad,Enabled,,,,,,,,,,,,,,,,,,,,,,,,adiology.io,,,,,,,,,,,,,,,,,,,,,,,,,,,,,,,,,,,,,,,,,,,,,,,,,,,,,,,,,,,,,,,,,,,,,,,,,,,,,,,,,,,,,,,,,,,,,,,,,,,,,,,,,,,,,,,,,,,,,,,,,,,,,,,,,,,,,,,,,,,,,,,,,
"Campaign-Search-Feb 8, 2026 06:59 PM",,,,,,,,,,,Enabled,,Ad Group 4,2,Enabled,,trusted adiology phone number local,phrase,Enabled,,,,,,,,,,,,,,,,,,,,,,,,adiology.io,,,,,,,,,,,,,,,,,,,,,,,,,,,,,,,,,,,,,,,,,,,,,,,,,,,,,,,,,,,,,,,,,,,,,,,,,,,,,,,,,,,,,,,,,,,,,,,,,,,,,,,,,,,,,,,,,,,,,,,,,,,,,,,,,,,,,,,,,,,,,,,,,
"Campaign-Search-Feb 8, 2026 06:59 PM",,,,,,,,,,,Enabled,,Ad Group 4,2,Enabled,,adiology phone number premier,exact,Enabled,,,,,,,,,,,,,,,,,,,,,,,,adiology.io,,,,,,,,,,,,,,,,,,,,,,,,,,,,,,,,,,,,,,,,,,,,,,,,,,,,,,,,,,,,,,,,,,,,,,,,,,,,,,,,,,,,,,,,,,,,,,,,,,,,,,,,,,,,,,,,,,,,,,,,,,,,,,,,,,,,,,,,,,,,,,,,,
"Campaign-Search-Feb 8, 2026 06:59 PM",,,,,,,,,,,Enabled,,Ad Group 4,2,Enabled,,competitive adiology - google campaign builder,broad,Enabled,,,,,,,,,,,,,,,,,,,,,,,,adiology.io,,,,,,,,,,,,,,,,,,,,,,,,,,,,,,,,,,,,,,,,,,,,,,,,,,,,,,,,,,,,,,,,,,,,,,,,,,,,,,,,,,,,,,,,,,,,,,,,,,,,,,,,,,,,,,,,,,,,,,,,,,,,,,,,,,,,,,,,,,,,,,,,,
"Campaign-Search-Feb 8, 2026 06:59 PM",,,,,,,,,,,Enabled,,Ad Group 4,2,Enabled,,adiology phone number get,phrase,Enabled,,,,,,,,,,,,,,,,,,,,,,,,adiology.io,,,,,,,,,,,,,,,,,,,,,,,,,,,,,,,,,,,,,,,,,,,,,,,,,,,,,,,,,,,,,,,,,,,,,,,,,,,,,,,,,,,,,,,,,,,,,,,,,,,,,,,,,,,,,,,,,,,,,,,,,,,,,,,,,,,,,,,,,,,,,,,,,
"Campaign-Search-Feb 8, 2026 06:59 PM",,,,,,,,,,,Enabled,,Ad Group 4,2,Enabled,,adiology services quality,broad,Enabled,,,,,,,,,,,,,,,,,,,,,,,,adiology.io,,,,,,,,,,,,,,,,,,,,,,,,,,,,,,,,,,,,,,,,,,,,,,,,,,,,,,,,,,,,,,,,,,,,,,,,,,,,,,,,,,,,,,,,,,,,,,,,,,,,,,,,,,,,,,,,,,,,,,,,,,,,,,,,,,,,,,,,,,,,,,,,,
"Campaign-Search-Feb 8, 2026 06:59 PM",,,,,,,,,,,Enabled,,Ad Group 4,2,Enabled,,adiology contact nearest,exact,Enabled,,,,,,,,,,,,,,,,,,,,,,,,adiology.io,,,,,,,,,,,,,,,,,,,,,,,,,,,,,,,,,,,,,,,,,,,,,,,,,,,,,,,,,,,,,,,,,,,,,,,,,,,,,,,,,,,,,,,,,,,,,,,,,,,,,,,,,,,,,,,,,,,,,,,,,,,,,,,,,,,,,,,,,,,,,,,,,
"Campaign-Search-Feb 8, 2026 06:59 PM",,,,,,,,,,,Enabled,,Ad Group 4,2,Enabled,,adiology phone number in my area,broad,Enabled,,,,,,,,,,,,,,,,,,,,,,,,adiology.io,,,,,,,,,,,,,,,,,,,,,,,,,,,,,,,,,,,,,,,,,,,,,,,,,,,,,,,,,,,,,,,,,,,,,,,,,,,,,,,,,,,,,,,,,,,,,,,,,,,,,,,,,,,,,,,,,,,,,,,,,,,,,,,,,,,,,,,,,,,,,,,,,
"Campaign-Search-Feb 8, 2026 06:59 PM",,,,,,,,,,,Enabled,,Ad Group 4,2,Enabled,,find adiology - google campaign builder,broad,Enabled,,,,,,,,,,,,,,,,,,,,,,,,adiology.io,,,,,,,,,,,,,,,,,,,,,,,,,,,,,,,,,,,,,,,,,,,,,,,,,,,,,,,,,,,,,,,,,,,,,,,,,,,,,,,,,,,,,,,,,,,,,,,,,,,,,,,,,,,,,,,,,,,,,,,,,,,,,,,,,,,,,,,,,,,,,,,,,
"Campaign-Search-Feb 8, 2026 06:59 PM",,,,,,,,,,,Enabled,,Ad Group 4,2,Enabled,,adiology phone number night,exact,Enabled,,,,,,,,,,,,,,,,,,,,,,,,adiology.io,,,,,,,,,,,,,,,,,,,,,,,,,,,,,,,,,,,,,,,,,,,,,,,,,,,,,,,,,,,,,,,,,,,,,,,,,,,,,,,,,,,,,,,,,,,,,,,,,,,,,,,,,,,,,,,,,,,,,,,,,,,,,,,,,,,,,,,,,,,,,,,,,
"Campaign-Search-Feb 8, 2026 06:59 PM",,,,,,,,,,,Enabled,,Ad Group 4,2,Enabled,,adiology contact help,broad,Enabled,,,,,,,,,,,,,,,,,,,,,,,,adiology.io,,,,,,,,,,,,,,,,,,,,,,,,,,,,,,,,,,,,,,,,,,,,,,,,,,,,,,,,,,,,,,,,,,,,,,,,,,,,,,,,,,,,,,,,,,,,,,,,,,,,,,,,,,,,,,,,,,,,,,,,,,,,,,,,,,,,,,,,,,,,,,,,,
"Campaign-Search-Feb 8, 2026 06:59 PM",,,,,,,,,,,Enabled,,Ad Group 4,2,Enabled,,buy adiology services,phrase,Enabled,,,,,,,,,,,,,,,,,,,,,,,,adiology.io,,,,,,,,,,,,,,,,,,,,,,,,,,,,,,,,,,,,,,,,,,,,,,,,,,,,,,,,,,,,,,,,,,,,,,,,,,,,,,,,,,,,,,,,,,,,,,,,,,,,,,,,,,,,,,,,,,,,,,,,,,,,,,,,,,,,,,,,,,,,,,,,,
"Campaign-Search-Feb 8, 2026 06:59 PM",,,,,,,,,,,Enabled,,Ad Group 4,2,Enabled,,courteous adiology - google campaign builder,exact,Enabled,,,,,,,,,,,,,,,,,,,,,,,,adiology.io,,,,,,,,,,,,,,,,,,,,,,,,,,,,,,,,,,,,,,,,,,,,,,,,,,,,,,,,,,,,,,,,,,,,,,,,,,,,,,,,,,,,,,,,,,,,,,,,,,,,,,,,,,,,,,,,,,,,,,,,,,,,,,,,,,,,,,,,,,,,,,,,,
"Campaign-Search-Feb 8, 2026 06:59 PM",,,,,,,,,,,Enabled,,Ad Group 4,2,Enabled,,adiology contact online,phrase,Enabled,,,,,,,,,,,,,,,,,,,,,,,,adiology.io,,,,,,,,,,,,,,,,,,,,,,,,,,,,,,,,,,,,,,,,,,,,,,,,,,,,,,,,,,,,,,,,,,,,,,,,,,,,,,,,,,,,,,,,,,,,,,,,,,,,,,,,,,,,,,,,,,,,,,,,,,,,,,,,,,,,,,,,,,,,,,,,,
"Campaign-Search-Feb 8, 2026 06:59 PM",,,,,,,,,,,Enabled,,Ad Group 4,2,Enabled,,adiology phone number residential,phrase,Enabled,,,,,,,,,,,,,,,,,,,,,,,,adiology.io,,,,,,,,,,,,,,,,,,,,,,,,,,,,,,,,,,,,,,,,,,,,,,,,,,,,,,,,,,,,,,,,,,,,,,,,,,,,,,,,,,,,,,,,,,,,,,,,,,,,,,,,,,,,,,,,,,,,,,,,,,,,,,,,,,,,,,,,,,,,,,,,,
"Campaign-Search-Feb 8, 2026 06:59 PM",,,,,,,,,,,Enabled,,Ad Group 4,2,Enabled,,adiology - google campaign builder nearest,phrase,Enabled,,,,,,,,,,,,,,,,,,,,,,,,adiology.io,,,,,,,,,,,,,,,,,,,,,,,,,,,,,,,,,,,,,,,,,,,,,,,,,,,,,,,,,,,,,,,,,,,,,,,,,,,,,,,,,,,,,,,,,,,,,,,,,,,,,,,,,,,,,,,,,,,,,,,,,,,,,,,,,,,,,,,,,,,,,,,,,
"Campaign-Search-Feb 8, 2026 06:59 PM",,,,,,,,,,,Enabled,,Ad Group 4,2,Enabled,,trusted adiology phone number local,broad,Enabled,,,,,,,,,,,,,,,,,,,,,,,,adiology.io,,,,,,,,,,,,,,,,,,,,,,,,,,,,,,,,,,,,,,,,,,,,,,,,,,,,,,,,,,,,,,,,,,,,,,,,,,,,,,,,,,,,,,,,,,,,,,,,,,,,,,,,,,,,,,,,,,,,,,,,,,,,,,,,,,,,,,,,,,,,,,,,,
"Campaign-Search-Feb 8, 2026 06:59 PM",,,,,,,,,,,Enabled,,Ad Group 4,2,Enabled,,affordable adiology phone number nearby,broad,Enabled,,,,,,,,,,,,,,,,,,,,,,,,adiology.io,,,,,,,,,,,,,,,,,,,,,,,,,,,,,,,,,,,,,,,,,,,,,,,,,,,,,,,,,,,,,,,,,,,,,,,,,,,,,,,,,,,,,,,,,,,,,,,,,,,,,,,,,,,,,,,,,,,,,,,,,,,,,,,,,,,,,,,,,,,,,,,,,
"Campaign-Search-Feb 8, 2026 06:59 PM",,,,,,,,,,,Enabled,,Ad Group 4,2,Enabled,,detailed adiology - google campaign builder,broad,Enabled,,,,,,,,,,,,,,,,,,,,,,,,adiology.io,,,,,,,,,,,,,,,,,,,,,,,,,,,,,,,,,,,,,,,,,,,,,,,,,,,,,,,,,,,,,,,,,,,,,,,,,,,,,,,,,,,,,,,,,,,,,,,,,,,,,,,,,,,,,,,,,,,,,,,,,,,,,,,,,,,,,,,,,,,,,,,,,
"Campaign-Search-Feb 8, 2026 06:59 PM",,,,,,,,,,,Enabled,,Ad Group 4,2,Enabled,,adiology contact expert,exact,Enabled,,,,,,,,,,,,,,,,,,,,,,,,adiology.io,,,,,,,,,,,,,,,,,,,,,,,,,,,,,,,,,,,,,,,,,,,,,,,,,,,,,,,,,,,,,,,,,,,,,,,,,,,,,,,,,,,,,,,,,,,,,,,,,,,,,,,,,,,,,,,,,,,,,,,,,,,,,,,,,,,,,,,,,,,,,,,,,
"Campaign-Search-Feb 8, 2026 06:59 PM",,,,,,,,,,,Enabled,,Ad Group 4,2,Enabled,,24/7 adiology - google campaign builder,broad,Enabled,,,,,,,,,,,,,,,,,,,,,,,,adiology.io,,,,,,,,,,,,,,,,,,,,,,,,,,,,,,,,,,,,,,,,,,,,,,,,,,,,,,,,,,,,,,,,,,,,,,,,,,,,,,,,,,,,,,,,,,,,,,,,,,,,,,,,,,,,,,,,,,,,,,,,,,,,,,,,,,,,,,,,,,,,,,,,,
"Campaign-Search-Feb 8, 2026 06:59 PM",,,,,,,,,,,Enabled,,Ad Group 4,2,Enabled,,responsive adiology phone number,phrase,Enabled,,,,,,,,,,,,,,,,,,,,,,,,adiology.io,,,,,,,,,,,,,,,,,,,,,,,,,,,,,,,,,,,,,,,,,,,,,,,,,,,,,,,,,,,,,,,,,,,,,,,,,,,,,,,,,,,,,,,,,,,,,,,,,,,,,,,,,,,,,,,,,,,,,,,,,,,,,,,,,,,,,,,,,,,,,,,,,
"Campaign-Search-Feb 8, 2026 06:59 PM",,,,,,,,,,,Enabled,,Ad Group 4,2,Enabled,,adiology phone number this week,phrase,Enabled,,,,,,,,,,,,,,,,,,,,,,,,adiology.io,,,,,,,,,,,,,,,,,,,,,,,,,,,,,,,,,,,,,,,,,,,,,,,,,,,,,,,,,,,,,,,,,,,,,,,,,,,,,,,,,,,,,,,,,,,,,,,,,,,,,,,,,,,,,,,,,,,,,,,,,,,,,,,,,,,,,,,,,,,,,,,,,
"Campaign-Search-Feb 8, 2026 06:59 PM",,,,,,,,,,,Enabled,,Ad Group 4,2,Enabled,,adiology phone number for commercial,broad,Enabled,,,,,,,,,,,,,,,,,,,,,,,,adiology.io,,,,,,,,,,,,,,,,,,,,,,,,,,,,,,,,,,,,,,,,,,,,,,,,,,,,,,,,,,,,,,,,,,,,,,,,,,,,,,,,,,,,,,,,,,,,,,,,,,,,,,,,,,,,,,,,,,,,,,,,,,,,,,,,,,,,,,,,,,,,,,,,,
"Campaign-Search-Feb 8, 2026 06:59 PM",,,,,,,,,,,Enabled,,Ad Group 4,2,Enabled,,adiology - google campaign builder nearby,broad,Enabled,,,,,,,,,,,,,,,,,,,,,,,,adiology.io,,,,,,,,,,,,,,,,,,,,,,,,,,,,,,,,,,,,,,,,,,,,,,,,,,,,,,,,,,,,,,,,,,,,,,,,,,,,,,,,,,,,,,,,,,,,,,,,,,,,,,,,,,,,,,,,,,,,,,,,,,,,,,,,,,,,,,,,,,,,,,,,,
"Campaign-Search-Feb 8, 2026 06:59 PM",,,,,,,,,,,Enabled,,Ad Group 4,2,Enabled,,premier adiology contact,exact,Enabled,,,,,,,,,,,,,,,,,,,,,,,,adiology.io,,,,,,,,,,,,,,,,,,,,,,,,,,,,,,,,,,,,,,,,,,,,,,,,,,,,,,,,,,,,,,,,,,,,,,,,,,,,,,,,,,,,,,,,,,,,,,,,,,,,,,,,,,,,,,,,,,,,,,,,,,,,,,,,,,,,,,,,,,,,,,,,,
"Campaign-Search-Feb 8, 2026 06:59 PM",,,,,,,,,,,Enabled,,Ad Group 4,2,Enabled,,adiology phone number nearby,phrase,Enabled,,,,,,,,,,,,,,,,,,,,,,,,adiology.io,,,,,,,,,,,,,,,,,,,,,,,,,,,,,,,,,,,,,,,,,,,,,,,,,,,,,,,,,,,,,,,,,,,,,,,,,,,,,,,,,,,,,,,,,,,,,,,,,,,,,,,,,,,,,,,,,,,,,,,,,,,,,,,,,,,,,,,,,,,,,,,,,
"Campaign-Search-Feb 8, 2026 06:59 PM",,,,,,,,,,,Enabled,,Ad Group 4,2,Enabled,,immediate adiology - google campaign builder,broad,Enabled,,,,,,,,,,,,,,,,,,,,,,,,adiology.io,,,,,,,,,,,,,,,,,,,,,,,,,,,,,,,,,,,,,,,,,,,,,,,,,,,,,,,,,,,,,,,,,,,,,,,,,,,,,,,,,,,,,,,,,,,,,,,,,,,,,,,,,,,,,,,,,,,,,,,,,,,,,,,,,,,,,,,,,,,,,,,,,
"Campaign-Search-Feb 8, 2026 06:59 PM",,,,,,,,,,,Enabled,,Ad Group 4,2,Enabled,,adiology contact try,phrase,Enabled,,,,,,,,,,,,,,,,,,,,,,,,adiology.io,,,,,,,,,,,,,,,,,,,,,,,,,,,,,,,,,,,,,,,,,,,,,,,,,,,,,,,,,,,,,,,,,,,,,,,,,,,,,,,,,,,,,,,,,,,,,,,,,,,,,,,,,,,,,,,,,,,,,,,,,,,,,,,,,,,,,,,,,,,,,,,,,
"Campaign-Search-Feb 8, 2026 06:59 PM",,,,,,,,,,,Enabled,,Ad Group 4,2,Enabled,,hire a adiology phone number,exact,Enabled,,,,,,,,,,,,,,,,,,,,,,,,adiology.io,,,,,,,,,,,,,,,,,,,,,,,,,,,,,,,,,,,,,,,,,,,,,,,,,,,,,,,,,,,,,,,,,,,,,,,,,,,,,,,,,,,,,,,,,,,,,,,,,,,,,,,,,,,,,,,,,,,,,,,,,,,,,,,,,,,,,,,,,,,,,,,,,
"Campaign-Search-Feb 8, 2026 06:59 PM",,,,,,,,,,,Enabled,,Ad Group 4,2,Enabled,,adiology - google campaign builder exclusive,exact,Enabled,,,,,,,,,,,,,,,,,,,,,,,,adiology.io,,,,,,,,,,,,,,,,,,,,,,,,,,,,,,,,,,,,,,,,,,,,,,,,,,,,,,,,,,,,,,,,,,,,,,,,,,,,,,,,,,,,,,,,,,,,,,,,,,,,,,,,,,,,,,,,,,,,,,,,,,,,,,,,,,,,,,,,,,,,,,,,,
"Campaign-Search-Feb 8, 2026 06:59 PM",,,,,,,,,,,Enabled,,Ad Group 4,2,Enabled,,adiology - google campaign builder get,phrase,Enabled,,,,,,,,,,,,,,,,,,,,,,,,adiology.io,,,,,,,,,,,,,,,,,,,,,,,,,,,,,,,,,,,,,,,,,,,,,,,,,,,,,,,,,,,,,,,,,,,,,,,,,,,,,,,,,,,,,,,,,,,,,,,,,,,,,,,,,,,,,,,,,,,,,,,,,,,,,,,,,,,,,,,,,,,,,,,,,
"Campaign-Search-Feb 8, 2026 06:59 PM",,,,,,,,,,,Enabled,,Ad Group 4,2,Enabled,,luxury adiology phone number,broad,Enabled,,,,,,,,,,,,,,,,,,,,,,,,adiology.io,,,,,,,,,,,,,,,,,,,,,,,,,,,,,,,,,,,,,,,,,,,,,,,,,,,,,,,,,,,,,,,,,,,,,,,,,,,,,,,,,,,,,,,,,,,,,,,,,,,,,,,,,,,,,,,,,,,,,,,,,,,,,,,,,,,,,,,,,,,,,,,,,
"Campaign-Search-Feb 8, 2026 06:59 PM",,,,,,,,,,,Enabled,,Ad Group 4,2,Enabled,,courteous adiology phone number,exact,Enabled,,,,,,,,,,,,,,,,,,,,,,,,adiology.io,,,,,,,,,,,,,,,,,,,,,,,,,,,,,,,,,,,,,,,,,,,,,,,,,,,,,,,,,,,,,,,,,,,,,,,,,,,,,,,,,,,,,,,,,,,,,,,,,,,,,,,,,,,,,,,,,,,,,,,,,,,,,,,,,,,,,,,,,,,,,,,,,
"Campaign-Search-Feb 8, 2026 06:59 PM",,,,,,,,,,,Enabled,,Ad Group 4,2,Enabled,,adiology services help,broad,Enabled,,,,,,,,,,,,,,,,,,,,,,,,adiology.io,,,,,,,,,,,,,,,,,,,,,,,,,,,,,,,,,,,,,,,,,,,,,,,,,,,,,,,,,,,,,,,,,,,,,,,,,,,,,,,,,,,,,,,,,,,,,,,,,,,,,,,,,,,,,,,,,,,,,,,,,,,,,,,,,,,,,,,,,,,,,,,,,
"Campaign-Search-Feb 8, 2026 06:59 PM",,,,,,,,,,,Enabled,,Ad Group 4,2,Enabled,,adiology - google campaign builder suburban,exact,Enabled,,,,,,,,,,,,,,,,,,,,,,,,adiology.io,,,,,,,,,,,,,,,,,,,,,,,,,,,,,,,,,,,,,,,,,,,,,,,,,,,,,,,,,,,,,,,,,,,,,,,,,,,,,,,,,,,,,,,,,,,,,,,,,,,,,,,,,,,,,,,,,,,,,,,,,,,,,,,,,,,,,,,,,,,,,,,,,
"Campaign-Search-Feb 8, 2026 06:59 PM",,,,,,,,,,,Enabled,,Ad Group 4,2,Enabled,,expert adiology contact,broad,Enabled,,,,,,,,,,,,,,,,,,,,,,,,adiology.io,,,,,,,,,,,,,,,,,,,,,,,,,,,,,,,,,,,,,,,,,,,,,,,,,,,,,,,,,,,,,,,,,,,,,,,,,,,,,,,,,,,,,,,,,,,,,,,,,,,,,,,,,,,,,,,,,,,,,,,,,,,,,,,,,,,,,,,,,,,,,,,,,
"Campaign-Search-Feb 8, 2026 06:59 PM",,,,,,,,,,,Enabled,,Ad Group 4,2,Enabled,,qualified adiology - google campaign builder,phrase,Enabled,,,,,,,,,,,,,,,,,,,,,,,,adiology.io,,,,,,,,,,,,,,,,,,,,,,,,,,,,,,,,,,,,,,,,,,,,,,,,,,,,,,,,,,,,,,,,,,,,,,,,,,,,,,,,,,,,,,,,,,,,,,,,,,,,,,,,,,,,,,,,,,,,,,,,,,,,,,,,,,,,,,,,,,,,,,,,,
"Campaign-Search-Feb 8, 2026 06:59 PM",,,,,,,,,,,Enabled,,Ad Group 4,2,Enabled,,affordable adiology phone number,broad,Enabled,,,,,,,,,,,,,,,,,,,,,,,,adiology.io,,,,,,,,,,,,,,,,,,,,,,,,,,,,,,,,,,,,,,,,,,,,,,,,,,,,,,,,,,,,,,,,,,,,,,,,,,,,,,,,,,,,,,,,,,,,,,,,,,,,,,,,,,,,,,,,,,,,,,,,,,,,,,,,,,,,,,,,,,,,,,,,,
"Campaign-Search-Feb 8, 2026 06:59 PM",,,,,,,,,,,Enabled,,Ad Group 4,2,Enabled,,adiology contact expert,phrase,Enabled,,,,,,,,,,,,,,,,,,,,,,,,adiology.io,,,,,,,,,,,,,,,,,,,,,,,,,,,,,,,,,,,,,,,,,,,,,,,,,,,,,,,,,,,,,,,,,,,,,,,,,,,,,,,,,,,,,,,,,,,,,,,,,,,,,,,,,,,,,,,,,,,,,,,,,,,,,,,,,,,,,,,,,,,,,,,,,
"Campaign-Search-Feb 8, 2026 06:59 PM",,,,,,,,,,,Enabled,,Ad Group 4,2,Enabled,,small business adiology phone number,broad,Enabled,,,,,,,,,,,,,,,,,,,,,,,,adiology.io,,,,,,,,,,,,,,,,,,,,,,,,,,,,,,,,,,,,,,,,,,,,,,,,,,,,,,,,,,,,,,,,,,,,,,,,,,,,,,,,,,,,,,,,,,,,,,,,,,,,,,,,,,,,,,,,,,,,,,,,,,,,,,,,,,,,,,,,,,,,,,,,,
"Campaign-Search-Feb 8, 2026 06:59 PM",,,,,,,,,,,Enabled,,Ad Group 4,2,Enabled,,adiology contact get,broad,Enabled,,,,,,,,,,,,,,,,,,,,,,,,adiology.io,,,,,,,,,,,,,,,,,,,,,,,,,,,,,,,,,,,,,,,,,,,,,,,,,,,,,,,,,,,,,,,,,,,,,,,,,,,,,,,,,,,,,,,,,,,,,,,,,,,,,,,,,,,,,,,,,,,,,,,,,,,,,,,,,,,,,,,,,,,,,,,,,
"Campaign-Search-Feb 8, 2026 06:59 PM",,,,,,,,,,,Enabled,,Ad Group 4,2,Enabled,,why use adiology phone number,phrase,Enabled,,,,,,,,,,,,,,,,,,,,,,,,adiology.io,,,,,,,,,,,,,,,,,,,,,,,,,,,,,,,,,,,,,,,,,,,,,,,,,,,,,,,,,,,,,,,,,,,,,,,,,,,,,,,,,,,,,,,,,,,,,,,,,,,,,,,,,,,,,,,,,,,,,,,,,,,,,,,,,,,,,,,,,,,,,,,,,
"Campaign-Search-Feb 8, 2026 06:59 PM",,,,,,,,,,,Enabled,,Ad Group 4,2,Enabled,,adiology phone number by me,broad,Enabled,,,,,,,,,,,,,,,,,,,,,,,,adiology.io,,,,,,,,,,,,,,,,,,,,,,,,,,,,,,,,,,,,,,,,,,,,,,,,,,,,,,,,,,,,,,,,,,,,,,,,,,,,,,,,,,,,,,,,,,,,,,,,,,,,,,,,,,,,,,,,,,,,,,,,,,,,,,,,,,,,,,,,,,,,,,,,,
"Campaign-Search-Feb 8, 2026 06:59 PM",,,,,,,,,,,Enabled,,Ad Group 4,2,Enabled,,adiology phone number trusted,phrase,Enabled,,,,,,,,,,,,,,,,,,,,,,,,adiology.io,,,,,,,,,,,,,,,,,,,,,,,,,,,,,,,,,,,,,,,,,,,,,,,,,,,,,,,,,,,,,,,,,,,,,,,,,,,,,,,,,,,,,,,,,,,,,,,,,,,,,,,,,,,,,,,,,,,,,,,,,,,,,,,,,,,,,,,,,,,,,,,,,
"Campaign-Search-Feb 8, 2026 06:59 PM",,,,,,,,,,,Enabled,,Ad Group 4,2,Enabled,,fair adiology phone number,broad,Enabled,,,,,,,,,,,,,,,,,,,,,,,,adiology.io,,,,,,,,,,,,,,,,,,,,,,,,,,,,,,,,,,,,,,,,,,,,,,,,,,,,,,,,,,,,,,,,,,,,,,,,,,,,,,,,,,,,,,,,,,,,,,,,,,,,,,,,,,,,,,,,,,,,,,,,,,,,,,,,,,,,,,,,,,,,,,,,,
"Campaign-Search-Feb 8, 2026 06:59 PM",,,,,,,,,,,Enabled,,Ad Group 4,2,Enabled,,why use adiology phone number,exact,Enabled,,,,,,,,,,,,,,,,,,,,,,,,adiology.io,,,,,,,,,,,,,,,,,,,,,,,,,,,,,,,,,,,,,,,,,,,,,,,,,,,,,,,,,,,,,,,,,,,,,,,,,,,,,,,,,,,,,,,,,,,,,,,,,,,,,,,,,,,,,,,,,,,,,,,,,,,,,,,,,,,,,,,,,,,,,,,,,
"Campaign-Search-Feb 8, 2026 06:59 PM",,,,,,,,,,,Enabled,,Ad Group 4,2,Enabled,,adiology services,phrase,Enabled,,,,,,,,,,,,,,,,,,,,,,,,adiology.io,,,,,,,,,,,,,,,,,,,,,,,,,,,,,,,,,,,,,,,,,,,,,,,,,,,,,,,,,,,,,,,,,,,,,,,,,,,,,,,,,,,,,,,,,,,,,,,,,,,,,,,,,,,,,,,,,,,,,,,,,,,,,,,,,,,,,,,,,,,,,,,,,
"Campaign-Search-Feb 8, 2026 06:59 PM",,,,,,,,,,,Enabled,,Ad Group 4,2,Enabled,,adiology services service,exact,Enabled,,,,,,,,,,,,,,,,,,,,,,,,adiology.io,,,,,,,,,,,,,,,,,,,,,,,,,,,,,,,,,,,,,,,,,,,,,,,,,,,,,,,,,,,,,,,,,,,,,,,,,,,,,,,,,,,,,,,,,,,,,,,,,,,,,,,,,,,,,,,,,,,,,,,,,,,,,,,,,,,,,,,,,,,,,,,,,
"Campaign-Search-Feb 8, 2026 06:59 PM",,,,,,,,,,,Enabled,,Ad Group 4,2,Enabled,,adiology phone number with warranty local,broad,Enabled,,,,,,,,,,,,,,,,,,,,,,,,adiology.io,,,,,,,,,,,,,,,,,,,,,,,,,,,,,,,,,,,,,,,,,,,,,,,,,,,,,,,,,,,,,,,,,,,,,,,,,,,,,,,,,,,,,,,,,,,,,,,,,,,,,,,,,,,,,,,,,,,,,,,,,,,,,,,,,,,,,,,,,,,,,,,,,
"Campaign-Search-Feb 8, 2026 06:59 PM",,,,,,,,,,,Enabled,,Ad Group 4,2,Enabled,,get adiology phone number,exact,Enabled,,,,,,,,,,,,,,,,,,,,,,,,adiology.io,,,,,,,,,,,,,,,,,,,,,,,,,,,,,,,,,,,,,,,,,,,,,,,,,,,,,,,,,,,,,,,,,,,,,,,,,,,,,,,,,,,,,,,,,,,,,,,,,,,,,,,,,,,,,,,,,,,,,,,,,,,,,,,,,,,,,,,,,,,,,,,,,
"Campaign-Search-Feb 8, 2026 06:59 PM",,,,,,,,,,,Enabled,,Ad Group 4,2,Enabled,,buy adiology contact,exact,Enabled,,,,,,,,,,,,,,,,,,,,,,,,adiology.io,,,,,,,,,,,,,,,,,,,,,,,,,,,,,,,,,,,,,,,,,,,,,,,,,,,,,,,,,,,,,,,,,,,,,,,,,,,,,,,,,,,,,,,,,,,,,,,,,,,,,,,,,,,,,,,,,,,,,,,,,,,,,,,,,,,,,,,,,,,,,,,,,
"Campaign-Search-Feb 8, 2026 06:59 PM",,,,,,,,,,,Enabled,,Ad Group 4,2,Enabled,,courteous adiology - google campaign builder,broad,Enabled,,,,,,,,,,,,,,,,,,,,,,,,adiology.io,,,,,,,,,,,,,,,,,,,,,,,,,,,,,,,,,,,,,,,,,,,,,,,,,,,,,,,,,,,,,,,,,,,,,,,,,,,,,,,,,,,,,,,,,,,,,,,,,,,,,,,,,,,,,,,,,,,,,,,,,,,,,,,,,,,,,,,,,,,,,,,,,
"Campaign-Search-Feb 8, 2026 06:59 PM",,,,,,,,,,,Enabled,,Ad Group 4,2,Enabled,,is adiology phone number worth it,broad,Enabled,,,,,,,,,,,,,,,,,,,,,,,,adiology.io,,,,,,,,,,,,,,,,,,,,,,,,,,,,,,,,,,,,,,,,,,,,,,,,,,,,,,,,,,,,,,,,,,,,,,,,,,,,,,,,,,,,,,,,,,,,,,,,,,,,,,,,,,,,,,,,,,,,,,,,,,,,,,,,,,,,,,,,,,,,,,,,,
"Campaign-Search-Feb 8, 2026 06:59 PM",,,,,,,,,,,Enabled,,Ad Group 4,2,Enabled,,adiology contact family owned,phrase,Enabled,,,,,,,,,,,,,,,,,,,,,,,,adiology.io,,,,,,,,,,,,,,,,,,,,,,,,,,,,,,,,,,,,,,,,,,,,,,,,,,,,,,,,,,,,,,,,,,,,,,,,,,,,,,,,,,,,,,,,,,,,,,,,,,,,,,,,,,,,,,,,,,,,,,,,,,,,,,,,,,,,,,,,,,,,,,,,,
"Campaign-Search-Feb 8, 2026 06:59 PM",,,,,,,,,,,Enabled,,Ad Group 4,2,Enabled,,adiology phone number service,exact,Enabled,,,,,,,,,,,,,,,,,,,,,,,,adiology.io,,,,,,,,,,,,,,,,,,,,,,,,,,,,,,,,,,,,,,,,,,,,,,,,,,,,,,,,,,,,,,,,,,,,,,,,,,,,,,,,,,,,,,,,,,,,,,,,,,,,,,,,,,,,,,,,,,,,,,,,,,,,,,,,,,,,,,,,,,,,,,,,,
"Campaign-Search-Feb 8, 2026 06:59 PM",,,,,,,,,,,Enabled,,Ad Group 4,2,Enabled,,adiology phone number expert,exact,Enabled,,,,,,,,,,,,,,,,,,,,,,,,adiology.io,,,,,,,,,,,,,,,,,,,,,,,,,,,,,,,,,,,,,,,,,,,,,,,,,,,,,,,,,,,,,,,,,,,,,,,,,,,,,,,,,,,,,,,,,,,,,,,,,,,,,,,,,,,,,,,,,,,,,,,,,,,,,,,,,,,,,,,,,,,,,,,,,
"Campaign-Search-Feb 8, 2026 06:59 PM",,,,,,,,,,,Enabled,,Ad Group 4,2,Enabled,,adiology services start,exact,Enabled,,,,,,,,,,,,,,,,,,,,,,,,adiology.io,,,,,,,,,,,,,,,,,,,,,,,,,,,,,,,,,,,,,,,,,,,,,,,,,,,,,,,,,,,,,,,,,,,,,,,,,,,,,,,,,,,,,,,,,,,,,,,,,,,,,,,,,,,,,,,,,,,,,,,,,,,,,,,,,,,,,,,,,,,,,,,,,
"Campaign-Search-Feb 8, 2026 06:59 PM",,,,,,,,,,,Enabled,,Ad Group 4,2,Enabled,,adiology phone number in city,broad,Enabled,,,,,,,,,,,,,,,,,,,,,,,,adiology.io,,,,,,,,,,,,,,,,,,,,,,,,,,,,,,,,,,,,,,,,,,,,,,,,,,,,,,,,,,,,,,,,,,,,,,,,,,,,,,,,,,,,,,,,,,,,,,,,,,,,,,,,,,,,,,,,,,,,,,,,,,,,,,,,,,,,,,,,,,,,,,,,,
"Campaign-Search-Feb 8, 2026 06:59 PM",,,,,,,,,,,Enabled,,Ad Group 4,2,Enabled,,adiology contact premium,phrase,Enabled,,,,,,,,,,,,,,,,,,,,,,,,adiology.io,,,,,,,,,,,,,,,,,,,,,,,,,,,,,,,,,,,,,,,,,,,,,,,,,,,,,,,,,,,,,,,,,,,,,,,,,,,,,,,,,,,,,,,,,,,,,,,,,,,,,,,,,,,,,,,,,,,,,,,,,,,,,,,,,,,,,,,,,,,,,,,,,
"Campaign-Search-Feb 8, 2026 06:59 PM",,,,,,,,,,,Enabled,,Ad Group 4,2,Enabled,,adiology phone number expert,phrase,Enabled,,,,,,,,,,,,,,,,,,,,,,,,adiology.io,,,,,,,,,,,,,,,,,,,,,,,,,,,,,,,,,,,,,,,,,,,,,,,,,,,,,,,,,,,,,,,,,,,,,,,,,,,,,,,,,,,,,,,,,,,,,,,,,,,,,,,,,,,,,,,,,,,,,,,,,,,,,,,,,,,,,,,,,,,,,,,,,
"Campaign-Search-Feb 8, 2026 06:59 PM",,,,,,,,,,,Enabled,,Ad Group 4,2,Enabled,,adiology phone number from me,exact,Enabled,,,,,,,,,,,,,,,,,,,,,,,,adiology.io,,,,,,,,,,,,,,,,,,,,,,,,,,,,,,,,,,,,,,,,,,,,,,,,,,,,,,,,,,,,,,,,,,,,,,,,,,,,,,,,,,,,,,,,,,,,,,,,,,,,,,,,,,,,,,,,,,,,,,,,,,,,,,,,,,,,,,,,,,,,,,,,,
"Campaign-Search-Feb 8, 2026 06:59 PM",,,,,,,,,,,Enabled,,Ad Group 4,2,Enabled,,select a adiology phone number,broad,Enabled,,,,,,,,,,,,,,,,,,,,,,,,adiology.io,,,,,,,,,,,,,,,,,,,,,,,,,,,,,,,,,,,,,,,,,,,,,,,,,,,,,,,,,,,,,,,,,,,,,,,,,,,,,,,,,,,,,,,,,,,,,,,,,,,,,,,,,,,,,,,,,,,,,,,,,,,,,,,,,,,,,,,,,,,,,,,,,
"Campaign-Search-Feb 8, 2026 06:59 PM",,,,,,,,,,,Enabled,,Ad Group 4,2,Enabled,,adiology phone number by me,phrase,Enabled,,,,,,,,,,,,,,,,,,,,,,,,adiology.io,,,,,,,,,,,,,,,,,,,,,,,,,,,,,,,,,,,,,,,,,,,,,,,,,,,,,,,,,,,,,,,,,,,,,,,,,,,,,,,,,,,,,,,,,,,,,,,,,,,,,,,,,,,,,,,,,,,,,,,,,,,,,,,,,,,,,,,,,,,,,,,,,
"Campaign-Search-Feb 8, 2026 06:59 PM",,,,,,,,,,,Enabled,,Ad Group 4,2,Enabled,,affordable adiology phone number for business,exact,Enabled,,,,,,,,,,,,,,,,,,,,,,,,adiology.io,,,,,,,,,,,,,,,,,,,,,,,,,,,,,,,,,,,,,,,,,,,,,,,,,,,,,,,,,,,,,,,,,,,,,,,,,,,,,,,,,,,,,,,,,,,,,,,,,,,,,,,,,,,,,,,,,,,,,,,,,,,,,,,,,,,,,,,,,,,,,,,,,
"Campaign-Search-Feb 8, 2026 06:59 PM",,,,,,,,,,,Enabled,,Ad Group 4,2,Enabled,,insured adiology - google campaign builder,phrase,Enabled,,,,,,,,,,,,,,,,,,,,,,,,adiology.io,,,,,,,,,,,,,,,,,,,,,,,,,,,,,,,,,,,,,,,,,,,,,,,,,,,,,,,,,,,,,,,,,,,,,,,,,,,,,,,,,,,,,,,,,,,,,,,,,,,,,,,,,,,,,,,,,,,,,,,,,,,,,,,,,,,,,,,,,,,,,,,,,
"Campaign-Search-Feb 8, 2026 06:59 PM",,,,,,,,,,,Enabled,,Ad Group 4,2,Enabled,,courteous adiology phone number,phrase,Enabled,,,,,,,,,,,,,,,,,,,,,,,,adiology.io,,,,,,,,,,,,,,,,,,,,,,,,,,,,,,,,,,,,,,,,,,,,,,,,,,,,,,,,,,,,,,,,,,,,,,,,,,,,,,,,,,,,,,,,,,,,,,,,,,,,,,,,,,,,,,,,,,,,,,,,,,,,,,,,,,,,,,,,,,,,,,,,,
"Campaign-Search-Feb 8, 2026 06:59 PM",,,,,,,,,,,Enabled,,Ad Group 4,2,Enabled,,certified adiology phone number local,phrase,Enabled,,,,,,,,,,,,,,,,,,,,,,,,adiology.io,,,,,,,,,,,,,,,,,,,,,,,,,,,,,,,,,,,,,,,,,,,,,,,,,,,,,,,,,,,,,,,,,,,,,,,,,,,,,,,,,,,,,,,,,,,,,,,,,,,,,,,,,,,,,,,,,,,,,,,,,,,,,,,,,,,,,,,,,,,,,,,,,
"Campaign-Search-Feb 8, 2026 06:59 PM",,,,,,,,,,,Enabled,,Ad Group 4,2,Enabled,,adiology services today,broad,Enabled,,,,,,,,,,,,,,,,,,,,,,,,adiology.io,,,,,,,,,,,,,,,,,,,,,,,,,,,,,,,,,,,,,,,,,,,,,,,,,,,,,,,,,,,,,,,,,,,,,,,,,,,,,,,,,,,,,,,,,,,,,,,,,,,,,,,,,,,,,,,,,,,,,,,,,,,,,,,,,,,,,,,,,,,,,,,,,
"Campaign-Search-Feb 8, 2026 06:59 PM",,,,,,,,,,,Enabled,,Ad Group 4,2,Enabled,,adiology services now,broad,Enabled,,,,,,,,,,,,,,,,,,,,,,,,adiology.io,,,,,,,,,,,,,,,,,,,,,,,,,,,,,,,,,,,,,,,,,,,,,,,,,,,,,,,,,,,,,,,,,,,,,,,,,,,,,,,,,,,,,,,,,,,,,,,,,,,,,,,,,,,,,,,,,,,,,,,,,,,,,,,,,,,,,,,,,,,,,,,,,
"Campaign-Search-Feb 8, 2026 06:59 PM",,,,,,,,,,,Enabled,,Ad Group 4,2,Enabled,,recommend adiology - google campaign builder,exact,Enabled,,,,,,,,,,,,,,,,,,,,,,,,adiology.io,,,,,,,,,,,,,,,,,,,,,,,,,,,,,,,,,,,,,,,,,,,,,,,,,,,,,,,,,,,,,,,,,,,,,,,,,,,,,,,,,,,,,,,,,,,,,,,,,,,,,,,,,,,,,,,,,,,,,,,,,,,,,,,,,,,,,,,,,,,,,,,,,
"Campaign-Search-Feb 8, 2026 06:59 PM",,,,,,,,,,,Enabled,,Ad Group 4,2,Enabled,,inexpensive adiology - google campaign builder,broad,Enabled,,,,,,,,,,,,,,,,,,,,,,,,adiology.io,,,,,,,,,,,,,,,,,,,,,,,,,,,,,,,,,,,,,,,,,,,,,,,,,,,,,,,,,,,,,,,,,,,,,,,,,,,,,,,,,,,,,,,,,,,,,,,,,,,,,,,,,,,,,,,,,,,,,,,,,,,,,,,,,,,,,,,,,,,,,,,,,
"Campaign-Search-Feb 8, 2026 06:59 PM",,,,,,,,,,,Enabled,,Ad Group 4,2,Enabled,,adiology - google campaign builder value,broad,Enabled,,,,,,,,,,,,,,,,,,,,,,,,adiology.io,,,,,,,,,,,,,,,,,,,,,,,,,,,,,,,,,,,,,,,,,,,,,,,,,,,,,,,,,,,,,,,,,,,,,,,,,,,,,,,,,,,,,,,,,,,,,,,,,,,,,,,,,,,,,,,,,,,,,,,,,,,,,,,,,,,,,,,,,,,,,,,,,
"Campaign-Search-Feb 8, 2026 06:59 PM",,,,,,,,,,,Enabled,,Ad Group 4,2,Enabled,,thorough adiology phone number,phrase,Enabled,,,,,,,,,,,,,,,,,,,,,,,,adiology.io,,,,,,,,,,,,,,,,,,,,,,,,,,,,,,,,,,,,,,,,,,,,,,,,,,,,,,,,,,,,,,,,,,,,,,,,,,,,,,,,,,,,,,,,,,,,,,,,,,,,,,,,,,,,,,,,,,,,,,,,,,,,,,,,,,,,,,,,,,,,,,,,,
"Campaign-Search-Feb 8, 2026 06:59 PM",,,,,,,,,,,Enabled,,Ad Group 4,2,Enabled,,get adiology - google campaign builder,exact,Enabled,,,,,,,,,,,,,,,,,,,,,,,,adiology.io,,,,,,,,,,,,,,,,,,,,,,,,,,,,,,,,,,,,,,,,,,,,,,,,,,,,,,,,,,,,,,,,,,,,,,,,,,,,,,,,,,,,,,,,,,,,,,,,,,,,,,,,,,,,,,,,,,,,,,,,,,,,,,,,,,,,,,,,,,,,,,,,,
"Campaign-Search-Feb 8, 2026 06:59 PM",,,,,,,,,,,Enabled,,Ad Group 4,2,Enabled,,rapid adiology phone number,phrase,Enabled,,,,,,,,,,,,,,,,,,,,,,,,adiology.io,,,,,,,,,,,,,,,,,,,,,,,,,,,,,,,,,,,,,,,,,,,,,,,,,,,,,,,,,,,,,,,,,,,,,,,,,,,,,,,,,,,,,,,,,,,,,,,,,,,,,,,,,,,,,,,,,,,,,,,,,,,,,,,,,,,,,,,,,,,,,,,,,
"Campaign-Search-Feb 8, 2026 06:59 PM",,,,,,,,,,,Enabled,,Ad Group 4,2,Enabled,,closest adiology phone number,exact,Enabled,,,,,,,,,,,,,,,,,,,,,,,,adiology.io,,,,,,,,,,,,,,,,,,,,,,,,,,,,,,,,,,,,,,,,,,,,,,,,,,,,,,,,,,,,,,,,,,,,,,,,,,,,,,,,,,,,,,,,,,,,,,,,,,,,,,,,,,,,,,,,,,,,,,,,,,,,,,,,,,,,,,,,,,,,,,,,,
"Campaign-Search-Feb 8, 2026 06:59 PM",,,,,,,,,,,Enabled,,Ad Group 4,2,Enabled,,adiology phone number this week,broad,Enabled,,,,,,,,,,,,,,,,,,,,,,,,adiology.io,,,,,,,,,,,,,,,,,,,,,,,,,,,,,,,,,,,,,,,,,,,,,,,,,,,,,,,,,,,,,,,,,,,,,,,,,,,,,,,,,,,,,,,,,,,,,,,,,,,,,,,,,,,,,,,,,,,,,,,,,,,,,,,,,,,,,,,,,,,,,,,,,
"Campaign-Search-Feb 8, 2026 06:59 PM",,,,,,,,,,,Enabled,,Ad Group 4,2,Enabled,,professional adiology phone number for home,exact,Enabled,,,,,,,,,,,,,,,,,,,,,,,,adiology.io,,,,,,,,,,,,,,,,,,,,,,,,,,,,,,,,,,,,,,,,,,,,,,,,,,,,,,,,,,,,,,,,,,,,,,,,,,,,,,,,,,,,,,,,,,,,,,,,,,,,,,,,,,,,,,,,,,,,,,,,,,,,,,,,,,,,,,,,,,,,,,,,,
"Campaign-Search-Feb 8, 2026 06:59 PM",,,,,,,,,,,Enabled,,Ad Group 4,2,Enabled,,exclusive adiology contact,exact,Enabled,,,,,,,,,,,,,,,,,,,,,,,,adiology.io,,,,,,,,,,,,,,,,,,,,,,,,,,,,,,,,,,,,,,,,,,,,,,,,,,,,,,,,,,,,,,,,,,,,,,,,,,,,,,,,,,,,,,,,,,,,,,,,,,,,,,,,,,,,,,,,,,,,,,,,,,,,,,,,,,,,,,,,,,,,,,,,,
"Campaign-Search-Feb 8, 2026 06:59 PM",,,,,,,,,,,Enabled,,Ad Group 4,2,Enabled,,reliable adiology - google campaign builder,broad,Enabled,,,,,,,,,,,,,,,,,,,,,,,,adiology.io,,,,,,,,,,,,,,,,,,,,,,,,,,,,,,,,,,,,,,,,,,,,,,,,,,,,,,,,,,,,,,,,,,,,,,,,,,,,,,,,,,,,,,,,,,,,,,,,,,,,,,,,,,,,,,,,,,,,,,,,,,,,,,,,,,,,,,,,,,,,,,,,,
"Campaign-Search-Feb 8, 2026 06:59 PM",,,,,,,,,,,Enabled,,Ad Group 4,2,Enabled,,affordable adiology - google campaign builder,broad,Enabled,,,,,,,,,,,,,,,,,,,,,,,,adiology.io,,,,,,,,,,,,,,,,,,,,,,,,,,,,,,,,,,,,,,,,,,,,,,,,,,,,,,,,,,,,,,,,,,,,,,,,,,,,,,,,,,,,,,,,,,,,,,,,,,,,,,,,,,,,,,,,,,,,,,,,,,,,,,,,,,,,,,,,,,,,,,,,,
"Campaign-Search-Feb 8, 2026 06:59 PM",,,,,,,,,,,Enabled,,Ad Group 4,2,Enabled,,adiology contact quality,phrase,Enabled,,,,,,,,,,,,,,,,,,,,,,,,adiology.io,,,,,,,,,,,,,,,,,,,,,,,,,,,,,,,,,,,,,,,,,,,,,,,,,,,,,,,,,,,,,,,,,,,,,,,,,,,,,,,,,,,,,,,,,,,,,,,,,,,,,,,,,,,,,,,,,,,,,,,,,,,,,,,,,,,,,,,,,,,,,,,,,
"Campaign-Search-Feb 8, 2026 06:59 PM",,,,,,,,,,,Enabled,,Ad Group 4,2,Enabled,,select adiology phone number,phrase,Enabled,,,,,,,,,,,,,,,,,,,,,,,,adiology.io,,,,,,,,,,,,,,,,,,,,,,,,,,,,,,,,,,,,,,,,,,,,,,,,,,,,,,,,,,,,,,,,,,,,,,,,,,,,,,,,,,,,,,,,,,,,,,,,,,,,,,,,,,,,,,,,,,,,,,,,,,,,,,,,,,,,,,,,,,,,,,,,,
"Campaign-Search-Feb 8, 2026 06:59 PM",,,,,,,,,,,Enabled,,Ad Group 4,2,Enabled,,expert adiology contact,exact,Enabled,,,,,,,,,,,,,,,,,,,,,,,,adiology.io,,,,,,,,,,,,,,,,,,,,,,,,,,,,,,,,,,,,,,,,,,,,,,,,,,,,,,,,,,,,,,,,,,,,,,,,,,,,,,,,,,,,,,,,,,,,,,,,,,,,,,,,,,,,,,,,,,,,,,,,,,,,,,,,,,,,,,,,,,,,,,,,,
"Campaign-Search-Feb 8, 2026 06:59 PM",,,,,,,,,,,Enabled,,Ad Group 4,2,Enabled,,adiology phone number 24/7,phrase,Enabled,,,,,,,,,,,,,,,,,,,,,,,,adiology.io,,,,,,,,,,,,,,,,,,,,,,,,,,,,,,,,,,,,,,,,,,,,,,,,,,,,,,,,,,,,,,,,,,,,,,,,,,,,,,,,,,,,,,,,,,,,,,,,,,,,,,,,,,,,,,,,,,,,,,,,,,,,,,,,,,,,,,,,,,,,,,,,,
"Campaign-Search-Feb 8, 2026 06:59 PM",,,,,,,,,,,Enabled,,Ad Group 4,2,Enabled,,local business adiology phone number,phrase,Enabled,,,,,,,,,,,,,,,,,,,,,,,,adiology.io,,,,,,,,,,,,,,,,,,,,,,,,,,,,,,,,,,,,,,,,,,,,,,,,,,,,,,,,,,,,,,,,,,,,,,,,,,,,,,,,,,,,,,,,,,,,,,,,,,,,,,,,,,,,,,,,,,,,,,,,,,,,,,,,,,,,,,,,,,,,,,,,,
"Campaign-Search-Feb 8, 2026 06:59 PM",,,,,,,,,,,Enabled,,Ad Group 4,2,Enabled,,where to get adiology phone number,broad,Enabled,,,,,,,,,,,,,,,,,,,,,,,,adiology.io,,,,,,,,,,,,,,,,,,,,,,,,,,,,,,,,,,,,,,,,,,,,,,,,,,,,,,,,,,,,,,,,,,,,,,,,,,,,,,,,,,,,,,,,,,,,,,,,,,,,,,,,,,,,,,,,,,,,,,,,,,,,,,,,,,,,,,,,,,,,,,,,,
"Campaign-Search-Feb 8, 2026 06:59 PM",,,,,,,,,,,Enabled,,Ad Group 4,2,Enabled,,highest rated adiology contact,broad,Enabled,,,,,,,,,,,,,,,,,,,,,,,,adiology.io,,,,,,,,,,,,,,,,,,,,,,,,,,,,,,,,,,,,,,,,,,,,,,,,,,,,,,,,,,,,,,,,,,,,,,,,,,,,,,,,,,,,,,,,,,,,,,,,,,,,,,,,,,,,,,,,,,,,,,,,,,,,,,,,,,,,,,,,,,,,,,,,,
"Campaign-Search-Feb 8, 2026 06:59 PM",,,,,,,,,,,Enabled,,Ad Group 4,2,Enabled,,inexpensive adiology - google campaign builder,exact,Enabled,,,,,,,,,,,,,,,,,,,,,,,,adiology.io,,,,,,,,,,,,,,,,,,,,,,,,,,,,,,,,,,,,,,,,,,,,,,,,,,,,,,,,,,,,,,,,,,,,,,,,,,,,,,,,,,,,,,,,,,,,,,,,,,,,,,,,,,,,,,,,,,,,,,,,,,,,,,,,,,,,,,,,,,,,,,,,,
"Campaign-Search-Feb 8, 2026 06:59 PM",,,,,,,,,,,Enabled,,Ad Group 4,2,Enabled,,affordable adiology phone number for home,phrase,Enabled,,,,,,,,,,,,,,,,,,,,,,,,adiology.io,,,,,,,,,,,,,,,,,,,,,,,,,,,,,,,,,,,,,,,,,,,,,,,,,,,,,,,,,,,,,,,,,,,,,,,,,,,,,,,,,,,,,,,,,,,,,,,,,,,,,,,,,,,,,,,,,,,,,,,,,,,,,,,,,,,,,,,,,,,,,,,,,
"Campaign-Search-Feb 8, 2026 06:59 PM",,,,,,,,,,,Enabled,,Ad Group 4,2,Enabled,,adiology contact premier,broad,Enabled,,,,,,,,,,,,,,,,,,,,,,,,adiology.io,,,,,,,,,,,,,,,,,,,,,,,,,,,,,,,,,,,,,,,,,,,,,,,,,,,,,,,,,,,,,,,,,,,,,,,,,,,,,,,,,,,,,,,,,,,,,,,,,,,,,,,,,,,,,,,,,,,,,,,,,,,,,,,,,,,,,,,,,,,,,,,,,
"Campaign-Search-Feb 8, 2026 06:59 PM",,,,,,,,,,,Enabled,,Ad Group 4,2,Enabled,,schedule adiology phone number,exact,Enabled,,,,,,,,,,,,,,,,,,,,,,,,adiology.io,,,,,,,,,,,,,,,,,,,,,,,,,,,,,,,,,,,,,,,,,,,,,,,,,,,,,,,,,,,,,,,,,,,,,,,,,,,,,,,,,,,,,,,,,,,,,,,,,,,,,,,,,,,,,,,,,,,,,,,,,,,,,,,,,,,,,,,,,,,,,,,,,
"Campaign-Search-Feb 8, 2026 06:59 PM",,,,,,,,,,,Enabled,,Ad Group 4,2,Enabled,,adiology phone number at me,broad,Enabled,,,,,,,,,,,,,,,,,,,,,,,,adiology.io,,,,,,,,,,,,,,,,,,,,,,,,,,,,,,,,,,,,,,,,,,,,,,,,,,,,,,,,,,,,,,,,,,,,,,,,,,,,,,,,,,,,,,,,,,,,,,,,,,,,,,,,,,,,,,,,,,,,,,,,,,,,,,,,,,,,,,,,,,,,,,,,,
"Campaign-Search-Feb 8, 2026 06:59 PM",,,,,,,,,,,Enabled,,Ad Group 4,2,Enabled,,affordable adiology contact,broad,Enabled,,,,,,,,,,,,,,,,,,,,,,,,adiology.io,,,,,,,,,,,,,,,,,,,,,,,,,,,,,,,,,,,,,,,,,,,,,,,,,,,,,,,,,,,,,,,,,,,,,,,,,,,,,,,,,,,,,,,,,,,,,,,,,,,,,,,,,,,,,,,,,,,,,,,,,,,,,,,,,,,,,,,,,,,,,,,,,
"Campaign-Search-Feb 8, 2026 06:59 PM",,,,,,,,,,,Enabled,,Ad Group 4,2,Enabled,,adiology phone number from me,broad,Enabled,,,,,,,,,,,,,,,,,,,,,,,,adiology.io,,,,,,,,,,,,,,,,,,,,,,,,,,,,,,,,,,,,,,,,,,,,,,,,,,,,,,,,,,,,,,,,,,,,,,,,,,,,,,,,,,,,,,,,,,,,,,,,,,,,,,,,,,,,,,,,,,,,,,,,,,,,,,,,,,,,,,,,,,,,,,,,,
"Campaign-Search-Feb 8, 2026 06:59 PM",,,,,,,,,,,Enabled,,Ad Group 4,2,Enabled,,adiology contact exclusive,exact,Enabled,,,,,,,,,,,,,,,,,,,,,,,,adiology.io,,,,,,,,,,,,,,,,,,,,,,,,,,,,,,,,,,,,,,,,,,,,,,,,,,,,,,,,,,,,,,,,,,,,,,,,,,,,,,,,,,,,,,,,,,,,,,,,,,,,,,,,,,,,,,,,,,,,,,,,,,,,,,,,,,,,,,,,,,,,,,,,,
"Campaign-Search-Feb 8, 2026 06:59 PM",,,,,,,,,,,Enabled,,Ad Group 4,2,Enabled,,what does adiology phone number do,broad,Enabled,,,,,,,,,,,,,,,,,,,,,,,,adiology.io,,,,,,,,,,,,,,,,,,,,,,,,,,,,,,,,,,,,,,,,,,,,,,,,,,,,,,,,,,,,,,,,,,,,,,,,,,,,,,,,,,,,,,,,,,,,,,,,,,,,,,,,,,,,,,,,,,,,,,,,,,,,,,,,,,,,,,,,,,,,,,,,,
"Campaign-Search-Feb 8, 2026 06:59 PM",,,,,,,,,,,Enabled,,Ad Group 4,2,Enabled,,check a adiology phone number,phrase,Enabled,,,,,,,,,,,,,,,,,,,,,,,,adiology.io,,,,,,,,,,,,,,,,,,,,,,,,,,,,,,,,,,,,,,,,,,,,,,,,,,,,,,,,,,,,,,,,,,,,,,,,,,,,,,,,,,,,,,,,,,,,,,,,,,,,,,,,,,,,,,,,,,,,,,,,,,,,,,,,,,,,,,,,,,,,,,,,,
"Campaign-Search-Feb 8, 2026 06:59 PM",,,,,,,,,,,Enabled,,Ad Group 4,2,Enabled,,adiology contact try,exact,Enabled,,,,,,,,,,,,,,,,,,,,,,,,adiology.io,,,,,,,,,,,,,,,,,,,,,,,,,,,,,,,,,,,,,,,,,,,,,,,,,,,,,,,,,,,,,,,,,,,,,,,,,,,,,,,,,,,,,,,,,,,,,,,,,,,,,,,,,,,,,,,,,,,,,,,,,,,,,,,,,,,,,,,,,,,,,,,,,
"Campaign-Search-Feb 8, 2026 06:59 PM",,,,,,,,,,,Enabled,,Ad Group 4,2,Enabled,,night adiology - google campaign builder,exact,Enabled,,,,,,,,,,,,,,,,,,,,,,,,adiology.io,,,,,,,,,,,,,,,,,,,,,,,,,,,,,,,,,,,,,,,,,,,,,,,,,,,,,,,,,,,,,,,,,,,,,,,,,,,,,,,,,,,,,,,,,,,,,,,,,,,,,,,,,,,,,,,,,,,,,,,,,,,,,,,,,,,,,,,,,,,,,,,,,
"Campaign-Search-Feb 8, 2026 06:59 PM",,,,,,,,,,,Enabled,,Ad Group 4,2,Enabled,,adiology - google campaign builder downtown,exact,Enabled,,,,,,,,,,,,,,,,,,,,,,,,adiology.io,,,,,,,,,,,,,,,,,,,,,,,,,,,,,,,,,,,,,,,,,,,,,,,,,,,,,,,,,,,,,,,,,,,,,,,,,,,,,,,,,,,,,,,,,,,,,,,,,,,,,,,,,,,,,,,,,,,,,,,,,,,,,,,,,,,,,,,,,,,,,,,,,
"Campaign-Search-Feb 8, 2026 06:59 PM",,,,,,,,,,,Enabled,,Ad Group 4,2,Enabled,,adiology - google campaign builder budget,phrase,Enabled,,,,,,,,,,,,,,,,,,,,,,,,adiology.io,,,,,,,,,,,,,,,,,,,,,,,,,,,,,,,,,,,,,,,,,,,,,,,,,,,,,,,,,,,,,,,,,,,,,,,,,,,,,,,,,,,,,,,,,,,,,,,,,,,,,,,,,,,,,,,,,,,,,,,,,,,,,,,,,,,,,,,,,,,,,,,,,
"Campaign-Search-Feb 8, 2026 06:59 PM",,,,,,,,,,,Enabled,,Ad Group 4,2,Enabled,,recommend a adiology phone number,exact,Enabled,,,,,,,,,,,,,,,,,,,,,,,,adiology.io,,,,,,,,,,,,,,,,,,,,,,,,,,,,,,,,,,,,,,,,,,,,,,,,,,,,,,,,,,,,,,,,,,,,,,,,,,,,,,,,,,,,,,,,,,,,,,,,,,,,,,,,,,,,,,,,,,,,,,,,,,,,,,,,,,,,,,,,,,,,,,,,,
"Campaign-Search-Feb 8, 2026 06:59 PM",,,,,,,,,,,Enabled,,Ad Group 4,2,Enabled,,reputable adiology - google campaign builder,exact,Enabled,,,,,,,,,,,,,,,,,,,,,,,,adiology.io,,,,,,,,,,,,,,,,,,,,,,,,,,,,,,,,,,,,,,,,,,,,,,,,,,,,,,,,,,,,,,,,,,,,,,,,,,,,,,,,,,,,,,,,,,,,,,,,,,,,,,,,,,,,,,,,,,,,,,,,,,,,,,,,,,,,,,,,,,,,,,,,,
"Campaign-Search-Feb 8, 2026 06:59 PM",,,,,,,,,,,Enabled,,Ad Group 4,2,Enabled,,adiology contact exclusive,phrase,Enabled,,,,,,,,,,,,,,,,,,,,,,,,adiology.io,,,,,,,,,,,,,,,,,,,,,,,,,,,,,,,,,,,,,,,,,,,,,,,,,,,,,,,,,,,,,,,,,,,,,,,,,,,,,,,,,,,,,,,,,,,,,,,,,,,,,,,,,,,,,,,,,,,,,,,,,,,,,,,,,,,,,,,,,,,,,,,,,
"Campaign-Search-Feb 8, 2026 06:59 PM",,,,,,,,,,,Enabled,,Ad Group 4,2,Enabled,,adiology phone number licensed,phrase,Enabled,,,,,,,,,,,,,,,,,,,,,,,,adiology.io,,,,,,,,,,,,,,,,,,,,,,,,,,,,,,,,,,,,,,,,,,,,,,,,,,,,,,,,,,,,,,,,,,,,,,,,,,,,,,,,,,,,,,,,,,,,,,,,,,,,,,,,,,,,,,,,,,,,,,,,,,,,,,,,,,,,,,,,,,,,,,,,,
"Campaign-Search-Feb 8, 2026 06:59 PM",,,,,,,,,,,Enabled,,Ad Group 4,2,Enabled,,friendly adiology phone number,exact,Enabled,,,,,,,,,,,,,,,,,,,,,,,,adiology.io,,,,,,,,,,,,,,,,,,,,,,,,,,,,,,,,,,,,,,,,,,,,,,,,,,,,,,,,,,,,,,,,,,,,,,,,,,,,,,,,,,,,,,,,,,,,,,,,,,,,,,,,,,,,,,,,,,,,,,,,,,,,,,,,,,,,,,,,,,,,,,,,,
"Campaign-Search-Feb 8, 2026 06:59 PM",,,,,,,,,,,Enabled,,Ad Group 4,2,Enabled,,instant adiology phone number,phrase,Enabled,,,,,,,,,,,,,,,,,,,,,,,,adiology.io,,,,,,,,,,,,,,,,,,,,,,,,,,,,,,,,,,,,,,,,,,,,,,,,,,,,,,,,,,,,,,,,,,,,,,,,,,,,,,,,,,,,,,,,,,,,,,,,,,,,,,,,,,,,,,,,,,,,,,,,,,,,,,,,,,,,,,,,,,,,,,,,,
"Campaign-Search-Feb 8, 2026 06:59 PM",,,,,,,,,,,Enabled,,Ad Group 4,2,Enabled,,adiology services fast,exact,Enabled,,,,,,,,,,,,,,,,,,,,,,,,adiology.io,,,,,,,,,,,,,,,,,,,,,,,,,,,,,,,,,,,,,,,,,,,,,,,,,,,,,,,,,,,,,,,,,,,,,,,,,,,,,,,,,,,,,,,,,,,,,,,,,,,,,,,,,,,,,,,,,,,,,,,,,,,,,,,,,,,,,,,,,,,,,,,,,
"Campaign-Search-Feb 8, 2026 06:59 PM",,,,,,,,,,,Enabled,,Ad Group 4,2,Enabled,,certified adiology phone number local,exact,Enabled,,,,,,,,,,,,,,,,,,,,,,,,adiology.io,,,,,,,,,,,,,,,,,,,,,,,,,,,,,,,,,,,,,,,,,,,,,,,,,,,,,,,,,,,,,,,,,,,,,,,,,,,,,,,,,,,,,,,,,,,,,,,,,,,,,,,,,,,,,,,,,,,,,,,,,,,,,,,,,,,,,,,,,,,,,,,,,
"Campaign-Search-Feb 8, 2026 06:59 PM",,,,,,,,,,,Enabled,,Ad Group 4,2,Enabled,,adiology services quick,broad,Enabled,,,,,,,,,,,,,,,,,,,,,,,,adiology.io,,,,,,,,,,,,,,,,,,,,,,,,,,,,,,,,,,,,,,,,,,,,,,,,,,,,,,,,,,,,,,,,,,,,,,,,,,,,,,,,,,,,,,,,,,,,,,,,,,,,,,,,,,,,,,,,,,,,,,,,,,,,,,,,,,,,,,,,,,,,,,,,,
"Campaign-Search-Feb 8, 2026 06:59 PM",,,,,,,,,,,Enabled,,Ad Group 4,2,Enabled,,adiology contact economical,broad,Enabled,,,,,,,,,,,,,,,,,,,,,,,,adiology.io,,,,,,,,,,,,,,,,,,,,,,,,,,,,,,,,,,,,,,,,,,,,,,,,,,,,,,,,,,,,,,,,,,,,,,,,,,,,,,,,,,,,,,,,,,,,,,,,,,,,,,,,,,,,,,,,,,,,,,,,,,,,,,,,,,,,,,,,,,,,,,,,,
"Campaign-Search-Feb 8, 2026 06:59 PM",,,,,,,,,,,Enabled,,Ad Group 4,2,Enabled,,adiology - google campaign builder try,exact,Enabled,,,,,,,,,,,,,,,,,,,,,,,,adiology.io,,,,,,,,,,,,,,,,,,,,,,,,,,,,,,,,,,,,,,,,,,,,,,,,,,,,,,,,,,,,,,,,,,,,,,,,,,,,,,,,,,,,,,,,,,,,,,,,,,,,,,,,,,,,,,,,,,,,,,,,,,,,,,,,,,,,,,,,,,,,,,,,,
"Campaign-Search-Feb 8, 2026 06:59 PM",,,,,,,,,,,Enabled,,Ad Group 4,2,Enabled,,trained adiology phone number,phrase,Enabled,,,,,,,,,,,,,,,,,,,,,,,,adiology.io,,,,,,,,,,,,,,,,,,,,,,,,,,,,,,,,,,,,,,,,,,,,,,,,,,,,,,,,,,,,,,,,,,,,,,,,,,,,,,,,,,,,,,,,,,,,,,,,,,,,,,,,,,,,,,,,,,,,,,,,,,,,,,,,,,,,,,,,,,,,,,,,,
"Campaign-Search-Feb 8, 2026 06:59 PM",,,,,,,,,,,Enabled,,Ad Group 4,2,Enabled,,veteran owned adiology phone number,broad,Enabled,,,,,,,,,,,,,,,,,,,,,,,,adiology.io,,,,,,,,,,,,,,,,,,,,,,,,,,,,,,,,,,,,,,,,,,,,,,,,,,,,,,,,,,,,,,,,,,,,,,,,,,,,,,,,,,,,,,,,,,,,,,,,,,,,,,,,,,,,,,,,,,,,,,,,,,,,,,,,,,,,,,,,,,,,,,,,,
"Campaign-Search-Feb 8, 2026 06:59 PM",,,,,,,,,,,Enabled,,Ad Group 4,2,Enabled,,adiology phone number with me,exact,Enabled,,,,,,,,,,,,,,,,,,,,,,,,adiology.io,,,,,,,,,,,,,,,,,,,,,,,,,,,,,,,,,,,,,,,,,,,,,,,,,,,,,,,,,,,,,,,,,,,,,,,,,,,,,,,,,,,,,,,,,,,,,,,,,,,,,,,,,,,,,,,,,,,,,,,,,,,,,,,,,,,,,,,,,,,,,,,,,
"Campaign-Search-Feb 8, 2026 06:59 PM",,,,,,,,,,,Enabled,,Ad Group 4,2,Enabled,,reasonable adiology - google campaign builder,broad,Enabled,,,,,,,,,,,,,,,,,,,,,,,,adiology.io,,,,,,,,,,,,,,,,,,,,,,,,,,,,,,,,,,,,,,,,,,,,,,,,,,,,,,,,,,,,,,,,,,,,,,,,,,,,,,,,,,,,,,,,,,,,,,,,,,,,,,,,,,,,,,,,,,,,,,,,,,,,,,,,,,,,,,,,,,,,,,,,,
"Campaign-Search-Feb 8, 2026 06:59 PM",,,,,,,,,,,Enabled,,Ad Group 4,2,Enabled,,competitive adiology - google campaign builder,phrase,Enabled,,,,,,,,,,,,,,,,,,,,,,,,adiology.io,,,,,,,,,,,,,,,,,,,,,,,,,,,,,,,,,,,,,,,,,,,,,,,,,,,,,,,,,,,,,,,,,,,,,,,,,,,,,,,,,,,,,,,,,,,,,,,,,,,,,,,,,,,,,,,,,,,,,,,,,,,,,,,,,,,,,,,,,,,,,,,,,
"Campaign-Search-Feb 8, 2026 06:59 PM",,,,,,,,,,,Enabled,,Ad Group 4,2,Enabled,,quick adiology contact,phrase,Enabled,,,,,,,,,,,,,,,,,,,,,,,,adiology.io,,,,,,,,,,,,,,,,,,,,,,,,,,,,,,,,,,,,,,,,,,,,,,,,,,,,,,,,,,,,,,,,,,,,,,,,,,,,,,,,,,,,,,,,,,,,,,,,,,,,,,,,,,,,,,,,,,,,,,,,,,,,,,,,,,,,,,,,,,,,,,,,,
"Campaign-Search-Feb 8, 2026 06:59 PM",,,,,,,,,,,Enabled,,Ad Group 4,2,Enabled,,need a adiology phone number,phrase,Enabled,,,,,,,,,,,,,,,,,,,,,,,,adiology.io,,,,,,,,,,,,,,,,,,,,,,,,,,,,,,,,,,,,,,,,,,,,,,,,,,,,,,,,,,,,,,,,,,,,,,,,,,,,,,,,,,,,,,,,,,,,,,,,,,,,,,,,,,,,,,,,,,,,,,,,,,,,,,,,,,,,,,,,,,,,,,,,,
"Campaign-Search-Feb 8, 2026 06:59 PM",,,,,,,,,,,Enabled,,Ad Group 4,2,Enabled,,courteous adiology phone number,broad,Enabled,,,,,,,,,,,,,,,,,,,,,,,,adiology.io,,,,,,,,,,,,,,,,,,,,,,,,,,,,,,,,,,,,,,,,,,,,,,,,,,,,,,,,,,,,,,,,,,,,,,,,,,,,,,,,,,,,,,,,,,,,,,,,,,,,,,,,,,,,,,,,,,,,,,,,,,,,,,,,,,,,,,,,,,,,,,,,,
"Campaign-Search-Feb 8, 2026 06:59 PM",,,,,,,,,,,Enabled,,Ad Group 4,2,Enabled,,choose a adiology phone number,exact,Enabled,,,,,,,,,,,,,,,,,,,,,,,,adiology.io,,,,,,,,,,,,,,,,,,,,,,,,,,,,,,,,,,,,,,,,,,,,,,,,,,,,,,,,,,,,,,,,,,,,,,,,,,,,,,,,,,,,,,,,,,,,,,,,,,,,,,,,,,,,,,,,,,,,,,,,,,,,,,,,,,,,,,,,,,,,,,,,,
"Campaign-Search-Feb 8, 2026 06:59 PM",,,,,,,,,,,Enabled,,Ad Group 4,2,Enabled,,luxury adiology - google campaign builder,phrase,Enabled,,,,,,,,,,,,,,,,,,,,,,,,adiology.io,,,,,,,,,,,,,,,,,,,,,,,,,,,,,,,,,,,,,,,,,,,,,,,,,,,,,,,,,,,,,,,,,,,,,,,,,,,,,,,,,,,,,,,,,,,,,,,,,,,,,,,,,,,,,,,,,,,,,,,,,,,,,,,,,,,,,,,,,,,,,,,,,
"Campaign-Search-Feb 8, 2026 06:59 PM",,,,,,,,,,,Enabled,,Ad Group 4,2,Enabled,,book adiology phone number,exact,Enabled,,,,,,,,,,,,,,,,,,,,,,,,adiology.io,,,,,,,,,,,,,,,,,,,,,,,,,,,,,,,,,,,,,,,,,,,,,,,,,,,,,,,,,,,,,,,,,,,,,,,,,,,,,,,,,,,,,,,,,,,,,,,,,,,,,,,,,,,,,,,,,,,,,,,,,,,,,,,,,,,,,,,,,,,,,,,,,
"Campaign-Search-Feb 8, 2026 06:59 PM",,,,,,,,,,,Enabled,,Ad Group 4,2,Enabled,,get adiology phone number,phrase,Enabled,,,,,,,,,,,,,,,,,,,,,,,,adiology.io,,,,,,,,,,,,,,,,,,,,,,,,,,,,,,,,,,,,,,,,,,,,,,,,,,,,,,,,,,,,,,,,,,,,,,,,,,,,,,,,,,,,,,,,,,,,,,,,,,,,,,,,,,,,,,,,,,,,,,,,,,,,,,,,,,,,,,,,,,,,,,,,,
"Campaign-Search-Feb 8, 2026 06:59 PM",,,,,,,,,,,Enabled,,Ad Group 4,2,Enabled,,adiology contact local,broad,Enabled,,,,,,,,,,,,,,,,,,,,,,,,adiology.io,,,,,,,,,,,,,,,,,,,,,,,,,,,,,,,,,,,,,,,,,,,,,,,,,,,,,,,,,,,,,,,,,,,,,,,,,,,,,,,,,,,,,,,,,,,,,,,,,,,,,,,,,,,,,,,,,,,,,,,,,,,,,,,,,,,,,,,,,,,,,,,,,
"Campaign-Search-Feb 8, 2026 06:59 PM",,,,,,,,,,,Enabled,,Ad Group 4,2,Enabled,,adiology - google campaign builder price,broad,Enabled,,,,,,,,,,,,,,,,,,,,,,,,adiology.io,,,,,,,,,,,,,,,,,,,,,,,,,,,,,,,,,,,,,,,,,,,,,,,,,,,,,,,,,,,,,,,,,,,,,,,,,,,,,,,,,,,,,,,,,,,,,,,,,,,,,,,,,,,,,,,,,,,,,,,,,,,,,,,,,,,,,,,,,,,,,,,,,
"Campaign-Search-Feb 8, 2026 06:59 PM",,,,,,,,,,,Enabled,,Ad Group 4,2,Enabled,,quality adiology contact,exact,Enabled,,,,,,,,,,,,,,,,,,,,,,,,adiology.io,,,,,,,,,,,,,,,,,,,,,,,,,,,,,,,,,,,,,,,,,,,,,,,,,,,,,,,,,,,,,,,,,,,,,,,,,,,,,,,,,,,,,,,,,,,,,,,,,,,,,,,,,,,,,,,,,,,,,,,,,,,,,,,,,,,,,,,,,,,,,,,,,
"Campaign-Search-Feb 8, 2026 06:59 PM",,,,,,,,,,,Enabled,,Ad Group 4,2,Enabled,,adiology phone number try,phrase,Enabled,,,,,,,,,,,,,,,,,,,,,,,,adiology.io,,,,,,,,,,,,,,,,,,,,,,,,,,,,,,,,,,,,,,,,,,,,,,,,,,,,,,,,,,,,,,,,,,,,,,,,,,,,,,,,,,,,,,,,,,,,,,,,,,,,,,,,,,,,,,,,,,,,,,,,,,,,,,,,,,,,,,,,,,,,,,,,,
"Campaign-Search-Feb 8, 2026 06:59 PM",,,,,,,,,,,Enabled,,Ad Group 4,2,Enabled,,check adiology phone number,phrase,Enabled,,,,,,,,,,,,,,,,,,,,,,,,adiology.io,,,,,,,,,,,,,,,,,,,,,,,,,,,,,,,,,,,,,,,,,,,,,,,,,,,,,,,,,,,,,,,,,,,,,,,,,,,,,,,,,,,,,,,,,,,,,,,,,,,,,,,,,,,,,,,,,,,,,,,,,,,,,,,,,,,,,,,,,,,,,,,,,
"Campaign-Search-Feb 8, 2026 06:59 PM",,,,,,,,,,,Enabled,,Ad Group 4,2,Enabled,,order adiology phone number,phrase,Enabled,,,,,,,,,,,,,,,,,,,,,,,,adiology.io,,,,,,,,,,,,,,,,,,,,,,,,,,,,,,,,,,,,,,,,,,,,,,,,,,,,,,,,,,,,,,,,,,,,,,,,,,,,,,,,,,,,,,,,,,,,,,,,,,,,,,,,,,,,,,,,,,,,,,,,,,,,,,,,,,,,,,,,,,,,,,,,,
"Campaign-Search-Feb 8, 2026 06:59 PM",,,,,,,,,,,Enabled,,Ad Group 4,2,Enabled,,adiology contact now,broad,Enabled,,,,,,,,,,,,,,,,,,,,,,,,adiology.io,,,,,,,,,,,,,,,,,,,,,,,,,,,,,,,,,,,,,,,,,,,,,,,,,,,,,,,,,,,,,,,,,,,,,,,,,,,,,,,,,,,,,,,,,,,,,,,,,,,,,,,,,,,,,,,,,,,,,,,,,,,,,,,,,,,,,,,,,,,,,,,,,
"Campaign-Search-Feb 8, 2026 06:59 PM",,,,,,,,,,,Enabled,,Ad Group 4,2,Enabled,,local adiology phone number for home,exact,Enabled,,,,,,,,,,,,,,,,,,,,,,,,adiology.io,,,,,,,,,,,,,,,,,,,,,,,,,,,,,,,,,,,,,,,,,,,,,,,,,,,,,,,,,,,,,,,,,,,,,,,,,,,,,,,,,,,,,,,,,,,,,,,,,,,,,,,,,,,,,,,,,,,,,,,,,,,,,,,,,,,,,,,,,,,,,,,,,
"Campaign-Search-Feb 8, 2026 06:59 PM",,,,,,,,,,,Enabled,,Ad Group 4,2,Enabled,,trusted adiology phone number nearby,phrase,Enabled,,,,,,,,,,,,,,,,,,,,,,,,adiology.io,,,,,,,,,,,,,,,,,,,,,,,,,,,,,,,,,,,,,,,,,,,,,,,,,,,,,,,,,,,,,,,,,,,,,,,,,,,,,,,,,,,,,,,,,,,,,,,,,,,,,,,,,,,,,,,,,,,,,,,,,,,,,,,,,,,,,,,,,,,,,,,,,
"Campaign-Search-Feb 8, 2026 06:59 PM",,,,,,,,,,,Enabled,,Ad Group 4,2,Enabled,,professional adiology phone number near me,broad,Enabled,,,,,,,,,,,,,,,,,,,,,,,,adiology.io,,,,,,,,,,,,,,,,,,,,,,,,,,,,,,,,,,,,,,,,,,,,,,,,,,,,,,,,,,,,,,,,,,,,,,,,,,,,,,,,,,,,,,,,,,,,,,,,,,,,,,,,,,,,,,,,,,,,,,,,,,,,,,,,,,,,,,,,,,,,,,,,,
"Campaign-Search-Feb 8, 2026 06:59 PM",,,,,,,,,,,Enabled,,Ad Group 5,2,Enabled,,adiology contact highest rated,exact,Enabled,,,,,,,,,,,,,,,,,,,,,,,,adiology.io,,,,,,,,,,,,,,,,,,,,,,,,,,,,,,,,,,,,,,,,,,,,,,,,,,,,,,,,,,,,,,,,,,,,,,,,,,,,,,,,,,,,,,,,,,,,,,,,,,,,,,,,,,,,,,,,,,,,,,,,,,,,,,,,,,,,,,,,,,,,,,,,,
"Campaign-Search-Feb 8, 2026 06:59 PM",,,,,,,,,,,Enabled,,Ad Group 5,2,Enabled,,buy adiology phone number,phrase,Enabled,,,,,,,,,,,,,,,,,,,,,,,,adiology.io,,,,,,,,,,,,,,,,,,,,,,,,,,,,,,,,,,,,,,,,,,,,,,,,,,,,,,,,,,,,,,,,,,,,,,,,,,,,,,,,,,,,,,,,,,,,,,,,,,,,,,,,,,,,,,,,,,,,,,,,,,,,,,,,,,,,,,,,,,,,,,,,,
"Campaign-Search-Feb 8, 2026 06:59 PM",,,,,,,,,,,Enabled,,Ad Group 5,2,Enabled,,adiology - google campaign builder quick,broad,Enabled,,,,,,,,,,,,,,,,,,,,,,,,adiology.io,,,,,,,,,,,,,,,,,,,,,,,,,,,,,,,,,,,,,,,,,,,,,,,,,,,,,,,,,,,,,,,,,,,,,,,,,,,,,,,,,,,,,,,,,,,,,,,,,,,,,,,,,,,,,,,,,,,,,,,,,,,,,,,,,,,,,,,,,,,,,,,,,
"Campaign-Search-Feb 8, 2026 06:59 PM",,,,,,,,,,,Enabled,,Ad Group 5,2,Enabled,,request adiology - google campaign builder,phrase,Enabled,,,,,,,,,,,,,,,,,,,,,,,,adiology.io,,,,,,,,,,,,,,,,,,,,,,,,,,,,,,,,,,,,,,,,,,,,,,,,,,,,,,,,,,,,,,,,,,,,,,,,,,,,,,,,,,,,,,,,,,,,,,,,,,,,,,,,,,,,,,,,,,,,,,,,,,,,,,,,,,,,,,,,,,,,,,,,,
"Campaign-Search-Feb 8, 2026 06:59 PM",,,,,,,,,,,Enabled,,Ad Group 5,2,Enabled,,adiology services try,phrase,Enabled,,,,,,,,,,,,,,,,,,,,,,,,adiology.io,,,,,,,,,,,,,,,,,,,,,,,,,,,,,,,,,,,,,,,,,,,,,,,,,,,,,,,,,,,,,,,,,,,,,,,,,,,,,,,,,,,,,,,,,,,,,,,,,,,,,,,,,,,,,,,,,,,,,,,,,,,,,,,,,,,,,,,,,,,,,,,,,
"Campaign-Search-Feb 8, 2026 06:59 PM",,,,,,,,,,,Enabled,,Ad Group 5,2,Enabled,,competitive adiology phone number,exact,Enabled,,,,,,,,,,,,,,,,,,,,,,,,adiology.io,,,,,,,,,,,,,,,,,,,,,,,,,,,,,,,,,,,,,,,,,,,,,,,,,,,,,,,,,,,,,,,,,,,,,,,,,,,,,,,,,,,,,,,,,,,,,,,,,,,,,,,,,,,,,,,,,,,,,,,,,,,,,,,,,,,,,,,,,,,,,,,,,
"Campaign-Search-Feb 8, 2026 06:59 PM",,,,,,,,,,,Enabled,,Ad Group 5,2,Enabled,,experienced adiology phone number near me,broad,Enabled,,,,,,,,,,,,,,,,,,,,,,,,adiology.io,,,,,,,,,,,,,,,,,,,,,,,,,,,,,,,,,,,,,,,,,,,,,,,,,,,,,,,,,,,,,,,,,,,,,,,,,,,,,,,,,,,,,,,,,,,,,,,,,,,,,,,,,,,,,,,,,,,,,,,,,,,,,,,,,,,,,,,,,,,,,,,,,
"Campaign-Search-Feb 8, 2026 06:59 PM",,,,,,,,,,,Enabled,,Ad Group 5,2,Enabled,,book a adiology phone number,broad,Enabled,,,,,,,,,,,,,,,,,,,,,,,,adiology.io,,,,,,,,,,,,,,,,,,,,,,,,,,,,,,,,,,,,,,,,,,,,,,,,,,,,,,,,,,,,,,,,,,,,,,,,,,,,,,,,,,,,,,,,,,,,,,,,,,,,,,,,,,,,,,,,,,,,,,,,,,,,,,,,,,,,,,,,,,,,,,,,,
"Campaign-Search-Feb 8, 2026 06:59 PM",,,,,,,,,,,Enabled,,Ad Group 5,2,Enabled,,certified adiology phone number nearby,phrase,Enabled,,,,,,,,,,,,,,,,,,,,,,,,adiology.io,,,,,,,,,,,,,,,,,,,,,,,,,,,,,,,,,,,,,,,,,,,,,,,,,,,,,,,,,,,,,,,,,,,,,,,,,,,,,,,,,,,,,,,,,,,,,,,,,,,,,,,,,,,,,,,,,,,,,,,,,,,,,,,,,,,,,,,,,,,,,,,,,
"Campaign-Search-Feb 8, 2026 06:59 PM",,,,,,,,,,,Enabled,,Ad Group 5,2,Enabled,,adiology phone number trusted,exact,Enabled,,,,,,,,,,,,,,,,,,,,,,,,adiology.io,,,,,,,,,,,,,,,,,,,,,,,,,,,,,,,,,,,,,,,,,,,,,,,,,,,,,,,,,,,,,,,,,,,,,,,,,,,,,,,,,,,,,,,,,,,,,,,,,,,,,,,,,,,,,,,,,,,,,,,,,,,,,,,,,,,,,,,,,,,,,,,,,
"Campaign-Search-Feb 8, 2026 06:59 PM",,,,,,,,,,,Enabled,,Ad Group 5,2,Enabled,,weekend adiology contact,phrase,Enabled,,,,,,,,,,,,,,,,,,,,,,,,adiology.io,,,,,,,,,,,,,,,,,,,,,,,,,,,,,,,,,,,,,,,,,,,,,,,,,,,,,,,,,,,,,,,,,,,,,,,,,,,,,,,,,,,,,,,,,,,,,,,,,,,,,,,,,,,,,,,,,,,,,,,,,,,,,,,,,,,,,,,,,,,,,,,,,
"Campaign-Search-Feb 8, 2026 06:59 PM",,,,,,,,,,,Enabled,,Ad Group 5,2,Enabled,,certified adiology phone number near me,exact,Enabled,,,,,,,,,,,,,,,,,,,,,,,,adiology.io,,,,,,,,,,,,,,,,,,,,,,,,,,,,,,,,,,,,,,,,,,,,,,,,,,,,,,,,,,,,,,,,,,,,,,,,,,,,,,,,,,,,,,,,,,,,,,,,,,,,,,,,,,,,,,,,,,,,,,,,,,,,,,,,,,,,,,,,,,,,,,,,,
"Campaign-Search-Feb 8, 2026 06:59 PM",,,,,,,,,,,Enabled,,Ad Group 5,2,Enabled,,adiology phone number support,broad,Enabled,,,,,,,,,,,,,,,,,,,,,,,,adiology.io,,,,,,,,,,,,,,,,,,,,,,,,,,,,,,,,,,,,,,,,,,,,,,,,,,,,,,,,,,,,,,,,,,,,,,,,,,,,,,,,,,,,,,,,,,,,,,,,,,,,,,,,,,,,,,,,,,,,,,,,,,,,,,,,,,,,,,,,,,,,,,,,,
"Campaign-Search-Feb 8, 2026 06:59 PM",,,,,,,,,,,Enabled,,Ad Group 5,2,Enabled,,looking for adiology phone number,exact,Enabled,,,,,,,,,,,,,,,,,,,,,,,,adiology.io,,,,,,,,,,,,,,,,,,,,,,,,,,,,,,,,,,,,,,,,,,,,,,,,,,,,,,,,,,,,,,,,,,,,,,,,,,,,,,,,,,,,,,,,,,,,,,,,,,,,,,,,,,,,,,,,,,,,,,,,,,,,,,,,,,,,,,,,,,,,,,,,,
"Campaign-Search-Feb 8, 2026 06:59 PM",,,,,,,,,,,Enabled,,Ad Group 5,2,Enabled,,quick adiology phone number,phrase,Enabled,,,,,,,,,,,,,,,,,,,,,,,,adiology.io,,,,,,,,,,,,,,,,,,,,,,,,,,,,,,,,,,,,,,,,,,,,,,,,,,,,,,,,,,,,,,,,,,,,,,,,,,,,,,,,,,,,,,,,,,,,,,,,,,,,,,,,,,,,,,,,,,,,,,,,,,,,,,,,,,,,,,,,,,,,,,,,,
"Campaign-Search-Feb 8, 2026 06:59 PM",,,,,,,,,,,Enabled,,Ad Group 5,2,Enabled,,adiology phone number reputable,phrase,Enabled,,,,,,,,,,,,,,,,,,,,,,,,adiology.io,,,,,,,,,,,,,,,,,,,,,,,,,,,,,,,,,,,,,,,,,,,,,,,,,,,,,,,,,,,,,,,,,,,,,,,,,,,,,,,,,,,,,,,,,,,,,,,,,,,,,,,,,,,,,,,,,,,,,,,,,,,,,,,,,,,,,,,,,,,,,,,,,
"Campaign-Search-Feb 8, 2026 06:59 PM",,,,,,,,,,,Enabled,,Ad Group 5,2,Enabled,,adiology - google campaign builder support,exact,Enabled,,,,,,,,,,,,,,,,,,,,,,,,adiology.io,,,,,,,,,,,,,,,,,,,,,,,,,,,,,,,,,,,,,,,,,,,,,,,,,,,,,,,,,,,,,,,,,,,,,,,,,,,,,,,,,,,,,,,,,,,,,,,,,,,,,,,,,,,,,,,,,,,,,,,,,,,,,,,,,,,,,,,,,,,,,,,,,
"Campaign-Search-Feb 8, 2026 06:59 PM",,,,,,,,,,,Enabled,,Ad Group 5,2,Enabled,,flexible adiology phone number,exact,Enabled,,,,,,,,,,,,,,,,,,,,,,,,adiology.io,,,,,,,,,,,,,,,,,,,,,,,,,,,,,,,,,,,,,,,,,,,,,,,,,,,,,,,,,,,,,,,,,,,,,,,,,,,,,,,,,,,,,,,,,,,,,,,,,,,,,,,,,,,,,,,,,,,,,,,,,,,,,,,,,,,,,,,,,,,,,,,,,
"Campaign-Search-Feb 8, 2026 06:59 PM",,,,,,,,,,,Enabled,,Ad Group 5,2,Enabled,,adiology - google campaign builder trusted,phrase,Enabled,,,,,,,,,,,,,,,,,,,,,,,,adiology.io,,,,,,,,,,,,,,,,,,,,,,,,,,,,,,,,,,,,,,,,,,,,,,,,,,,,,,,,,,,,,,,,,,,,,,,,,,,,,,,,,,,,,,,,,,,,,,,,,,,,,,,,,,,,,,,,,,,,,,,,,,,,,,,,,,,,,,,,,,,,,,,,,
"Campaign-Search-Feb 8, 2026 06:59 PM",,,,,,,,,,,Enabled,,Ad Group 5,2,Enabled,,bonded adiology phone number,broad,Enabled,,,,,,,,,,,,,,,,,,,,,,,,adiology.io,,,,,,,,,,,,,,,,,,,,,,,,,,,,,,,,,,,,,,,,,,,,,,,,,,,,,,,,,,,,,,,,,,,,,,,,,,,,,,,,,,,,,,,,,,,,,,,,,,,,,,,,,,,,,,,,,,,,,,,,,,,,,,,,,,,,,,,,,,,,,,,,,
"Campaign-Search-Feb 8, 2026 06:59 PM",,,,,,,,,,,Enabled,,Ad Group 5,2,Enabled,,local business adiology phone number,exact,Enabled,,,,,,,,,,,,,,,,,,,,,,,,adiology.io,,,,,,,,,,,,,,,,,,,,,,,,,,,,,,,,,,,,,,,,,,,,,,,,,,,,,,,,,,,,,,,,,,,,,,,,,,,,,,,,,,,,,,,,,,,,,,,,,,,,,,,,,,,,,,,,,,,,,,,,,,,,,,,,,,,,,,,,,,,,,,,,,
"Campaign-Search-Feb 8, 2026 06:59 PM",,,,,,,,,,,Enabled,,Ad Group 5,2,Enabled,,adiology phone number suburban,broad,Enabled,,,,,,,,,,,,,,,,,,,,,,,,adiology.io,,,,,,,,,,,,,,,,,,,,,,,,,,,,,,,,,,,,,,,,,,,,,,,,,,,,,,,,,,,,,,,,,,,,,,,,,,,,,,,,,,,,,,,,,,,,,,,,,,,,,,,,,,,,,,,,,,,,,,,,,,,,,,,,,,,,,,,,,,,,,,,,,
"Campaign-Search-Feb 8, 2026 06:59 PM",,,,,,,,,,,Enabled,,Ad Group 5,2,Enabled,,adiology phone number online,phrase,Enabled,,,,,,,,,,,,,,,,,,,,,,,,adiology.io,,,,,,,,,,,,,,,,,,,,,,,,,,,,,,,,,,,,,,,,,,,,,,,,,,,,,,,,,,,,,,,,,,,,,,,,,,,,,,,,,,,,,,,,,,,,,,,,,,,,,,,,,,,,,,,,,,,,,,,,,,,,,,,,,,,,,,,,,,,,,,,,,
"Campaign-Search-Feb 8, 2026 06:59 PM",,,,,,,,,,,Enabled,,Ad Group 5,2,Enabled,,can adiology phone number help,exact,Enabled,,,,,,,,,,,,,,,,,,,,,,,,adiology.io,,,,,,,,,,,,,,,,,,,,,,,,,,,,,,,,,,,,,,,,,,,,,,,,,,,,,,,,,,,,,,,,,,,,,,,,,,,,,,,,,,,,,,,,,,,,,,,,,,,,,,,,,,,,,,,,,,,,,,,,,,,,,,,,,,,,,,,,,,,,,,,,,
"Campaign-Search-Feb 8, 2026 06:59 PM",,,,,,,,,,,Enabled,,Ad Group 5,2,Enabled,,adiology - google campaign builder online,broad,Enabled,,,,,,,,,,,,,,,,,,,,,,,,adiology.io,,,,,,,,,,,,,,,,,,,,,,,,,,,,,,,,,,,,,,,,,,,,,,,,,,,,,,,,,,,,,,,,,,,,,,,,,,,,,,,,,,,,,,,,,,,,,,,,,,,,,,,,,,,,,,,,,,,,,,,,,,,,,,,,,,,,,,,,,,,,,,,,,
"Campaign-Search-Feb 8, 2026 06:59 PM",,,,,,,,,,,Enabled,,Ad Group 5,2,Enabled,,why use adiology phone number,broad,Enabled,,,,,,,,,,,,,,,,,,,,,,,,adiology.io,,,,,,,,,,,,,,,,,,,,,,,,,,,,,,,,,,,,,,,,,,,,,,,,,,,,,,,,,,,,,,,,,,,,,,,,,,,,,,,,,,,,,,,,,,,,,,,,,,,,,,,,,,,,,,,,,,,,,,,,,,,,,,,,,,,,,,,,,,,,,,,,,
"Campaign-Search-Feb 8, 2026 06:59 PM",,,,,,,,,,,Enabled,,Ad Group 5,2,Enabled,,adiology phone number in area,exact,Enabled,,,,,,,,,,,,,,,,,,,,,,,,adiology.io,,,,,,,,,,,,,,,,,,,,,,,,,,,,,,,,,,,,,,,,,,,,,,,,,,,,,,,,,,,,,,,,,,,,,,,,,,,,,,,,,,,,,,,,,,,,,,,,,,,,,,,,,,,,,,,,,,,,,,,,,,,,,,,,,,,,,,,,,,,,,,,,,
"Campaign-Search-Feb 8, 2026 06:59 PM",,,,,,,,,,,Enabled,,Ad Group 5,2,Enabled,,adiology contact try,broad,Enabled,,,,,,,,,,,,,,,,,,,,,,,,adiology.io,,,,,,,,,,,,,,,,,,,,,,,,,,,,,,,,,,,,,,,,,,,,,,,,,,,,,,,,,,,,,,,,,,,,,,,,,,,,,,,,,,,,,,,,,,,,,,,,,,,,,,,,,,,,,,,,,,,,,,,,,,,,,,,,,,,,,,,,,,,,,,,,,
"Campaign-Search-Feb 8, 2026 06:59 PM",,,,,,,,,,,Enabled,,Ad Group 5,2,Enabled,,adiology - google campaign builder nearby,phrase,Enabled,,,,,,,,,,,,,,,,,,,,,,,,adiology.io,,,,,,,,,,,,,,,,,,,,,,,,,,,,,,,,,,,,,,,,,,,,,,,,,,,,,,,,,,,,,,,,,,,,,,,,,,,,,,,,,,,,,,,,,,,,,,,,,,,,,,,,,,,,,,,,,,,,,,,,,,,,,,,,,,,,,,,,,,,,,,,,,
"Campaign-Search-Feb 8, 2026 06:59 PM",,,,,,,,,,,Enabled,,Ad Group 5,2,Enabled,,adiology phone number support,exact,Enabled,,,,,,,,,,,,,,,,,,,,,,,,adiology.io,,,,,,,,,,,,,,,,,,,,,,,,,,,,,,,,,,,,,,,,,,,,,,,,,,,,,,,,,,,,,,,,,,,,,,,,,,,,,,,,,,,,,,,,,,,,,,,,,,,,,,,,,,,,,,,,,,,,,,,,,,,,,,,,,,,,,,,,,,,,,,,,,
"Campaign-Search-Feb 8, 2026 06:59 PM",,,,,,,,,,,Enabled,,Ad Group 5,2,Enabled,,economical adiology phone number,broad,Enabled,,,,,,,,,,,,,,,,,,,,,,,,adiology.io,,,,,,,,,,,,,,,,,,,,,,,,,,,,,,,,,,,,,,,,,,,,,,,,,,,,,,,,,,,,,,,,,,,,,,,,,,,,,,,,,,,,,,,,,,,,,,,,,,,,,,,,,,,,,,,,,,,,,,,,,,,,,,,,,,,,,,,,,,,,,,,,,
"Campaign-Search-Feb 8, 2026 06:59 PM",,,,,,,,,,,Enabled,,Ad Group 5,2,Enabled,,call a adiology phone number,broad,Enabled,,,,,,,,,,,,,,,,,,,,,,,,adiology.io,,,,,,,,,,,,,,,,,,,,,,,,,,,,,,,,,,,,,,,,,,,,,,,,,,,,,,,,,,,,,,,,,,,,,,,,,,,,,,,,,,,,,,,,,,,,,,,,,,,,,,,,,,,,,,,,,,,,,,,,,,,,,,,,,,,,,,,,,,,,,,,,,
"Campaign-Search-Feb 8, 2026 06:59 PM",,,,,,,,,,,Enabled,,Ad Group 5,2,Enabled,,trusted adiology - google campaign builder,phrase,Enabled,,,,,,,,,,,,,,,,,,,,,,,,adiology.io,,,,,,,,,,,,,,,,,,,,,,,,,,,,,,,,,,,,,,,,,,,,,,,,,,,,,,,,,,,,,,,,,,,,,,,,,,,,,,,,,,,,,,,,,,,,,,,,,,,,,,,,,,,,,,,,,,,,,,,,,,,,,,,,,,,,,,,,,,,,,,,,,
"Campaign-Search-Feb 8, 2026 06:59 PM",,,,,,,,,,,Enabled,,Ad Group 5,2,Enabled,,choose adiology phone number,broad,Enabled,,,,,,,,,,,,,,,,,,,,,,,,adiology.io,,,,,,,,,,,,,,,,,,,,,,,,,,,,,,,,,,,,,,,,,,,,,,,,,,,,,,,,,,,,,,,,,,,,,,,,,,,,,,,,,,,,,,,,,,,,,,,,,,,,,,,,,,,,,,,,,,,,,,,,,,,,,,,,,,,,,,,,,,,,,,,,,
"Campaign-Search-Feb 8, 2026 06:59 PM",,,,,,,,,,,Enabled,,Ad Group 5,2,Enabled,,adiology - google campaign builder immediate,broad,Enabled,,,,,,,,,,,,,,,,,,,,,,,,adiology.io,,,,,,,,,,,,,,,,,,,,,,,,,,,,,,,,,,,,,,,,,,,,,,,,,,,,,,,,,,,,,,,,,,,,,,,,,,,,,,,,,,,,,,,,,,,,,,,,,,,,,,,,,,,,,,,,,,,,,,,,,,,,,,,,,,,,,,,,,,,,,,,,,
"Campaign-Search-Feb 8, 2026 06:59 PM",,,,,,,,,,,Enabled,,Ad Group 5,2,Enabled,,adiology contact family owned,exact,Enabled,,,,,,,,,,,,,,,,,,,,,,,,adiology.io,,,,,,,,,,,,,,,,,,,,,,,,,,,,,,,,,,,,,,,,,,,,,,,,,,,,,,,,,,,,,,,,,,,,,,,,,,,,,,,,,,,,,,,,,,,,,,,,,,,,,,,,,,,,,,,,,,,,,,,,,,,,,,,,,,,,,,,,,,,,,,,,,
"Campaign-Search-Feb 8, 2026 06:59 PM",,,,,,,,,,,Enabled,,Ad Group 5,2,Enabled,,adiology - google campaign builder price,exact,Enabled,,,,,,,,,,,,,,,,,,,,,,,,adiology.io,,,,,,,,,,,,,,,,,,,,,,,,,,,,,,,,,,,,,,,,,,,,,,,,,,,,,,,,,,,,,,,,,,,,,,,,,,,,,,,,,,,,,,,,,,,,,,,,,,,,,,,,,,,,,,,,,,,,,,,,,,,,,,,,,,,,,,,,,,,,,,,,,
"Campaign-Search-Feb 8, 2026 06:59 PM",,,,,,,,,,,Enabled,,Ad Group 5,2,Enabled,,adiology contact immediate,broad,Enabled,,,,,,,,,,,,,,,,,,,,,,,,adiology.io,,,,,,,,,,,,,,,,,,,,,,,,,,,,,,,,,,,,,,,,,,,,,,,,,,,,,,,,,,,,,,,,,,,,,,,,,,,,,,,,,,,,,,,,,,,,,,,,,,,,,,,,,,,,,,,,,,,,,,,,,,,,,,,,,,,,,,,,,,,,,,,,,
"Campaign-Search-Feb 8, 2026 06:59 PM",,,,,,,,,,,Enabled,,Ad Group 5,2,Enabled,,closest adiology phone number,phrase,Enabled,,,,,,,,,,,,,,,,,,,,,,,,adiology.io,,,,,,,,,,,,,,,,,,,,,,,,,,,,,,,,,,,,,,,,,,,,,,,,,,,,,,,,,,,,,,,,,,,,,,,,,,,,,,,,,,,,,,,,,,,,,,,,,,,,,,,,,,,,,,,,,,,,,,,,,,,,,,,,,,,,,,,,,,,,,,,,,
"Campaign-Search-Feb 8, 2026 06:59 PM",,,,,,,,,,,Enabled,,Ad Group 5,2,Enabled,,trained adiology phone number,exact,Enabled,,,,,,,,,,,,,,,,,,,,,,,,adiology.io,,,,,,,,,,,,,,,,,,,,,,,,,,,,,,,,,,,,,,,,,,,,,,,,,,,,,,,,,,,,,,,,,,,,,,,,,,,,,,,,,,,,,,,,,,,,,,,,,,,,,,,,,,,,,,,,,,,,,,,,,,,,,,,,,,,,,,,,,,,,,,,,,
"Campaign-Search-Feb 8, 2026 06:59 PM",,,,,,,,,,,Enabled,,Ad Group 5,2,Enabled,,adiology - google campaign builder trusted,broad,Enabled,,,,,,,,,,,,,,,,,,,,,,,,adiology.io,,,,,,,,,,,,,,,,,,,,,,,,,,,,,,,,,,,,,,,,,,,,,,,,,,,,,,,,,,,,,,,,,,,,,,,,,,,,,,,,,,,,,,,,,,,,,,,,,,,,,,,,,,,,,,,,,,,,,,,,,,,,,,,,,,,,,,,,,,,,,,,,,
"Campaign-Search-Feb 8, 2026 06:59 PM",,,,,,,,,,,Enabled,,Ad Group 5,2,Enabled,,can adiology phone number help,broad,Enabled,,,,,,,,,,,,,,,,,,,,,,,,adiology.io,,,,,,,,,,,,,,,,,,,,,,,,,,,,,,,,,,,,,,,,,,,,,,,,,,,,,,,,,,,,,,,,,,,,,,,,,,,,,,,,,,,,,,,,,,,,,,,,,,,,,,,,,,,,,,,,,,,,,,,,,,,,,,,,,,,,,,,,,,,,,,,,,
"Campaign-Search-Feb 8, 2026 06:59 PM",,,,,,,,,,,Enabled,,Ad Group 5,2,Enabled,,trusted adiology phone number,exact,Enabled,,,,,,,,,,,,,,,,,,,,,,,,adiology.io,,,,,,,,,,,,,,,,,,,,,,,,,,,,,,,,,,,,,,,,,,,,,,,,,,,,,,,,,,,,,,,,,,,,,,,,,,,,,,,,,,,,,,,,,,,,,,,,,,,,,,,,,,,,,,,,,,,,,,,,,,,,,,,,,,,,,,,,,,,,,,,,,
"Campaign-Search-Feb 8, 2026 06:59 PM",,,,,,,,,,,Enabled,,Ad Group 5,2,Enabled,,adiology phone number immediate,broad,Enabled,,,,,,,,,,,,,,,,,,,,,,,,adiology.io,,,,,,,,,,,,,,,,,,,,,,,,,,,,,,,,,,,,,,,,,,,,,,,,,,,,,,,,,,,,,,,,,,,,,,,,,,,,,,,,,,,,,,,,,,,,,,,,,,,,,,,,,,,,,,,,,,,,,,,,,,,,,,,,,,,,,,,,,,,,,,,,,
"Campaign-Search-Feb 8, 2026 06:59 PM",,,,,,,,,,,Enabled,,Ad Group 5,2,Enabled,,schedule a adiology phone number,exact,Enabled,,,,,,,,,,,,,,,,,,,,,,,,adiology.io,,,,,,,,,,,,,,,,,,,,,,,,,,,,,,,,,,,,,,,,,,,,,,,,,,,,,,,,,,,,,,,,,,,,,,,,,,,,,,,,,,,,,,,,,,,,,,,,,,,,,,,,,,,,,,,,,,,,,,,,,,,,,,,,,,,,,,,,,,,,,,,,,
"Campaign-Search-Feb 8, 2026 06:59 PM",,,,,,,,,,,Enabled,,Ad Group 5,2,Enabled,,compare a adiology phone number,exact,Enabled,,,,,,,,,,,,,,,,,,,,,,,,adiology.io,,,,,,,,,,,,,,,,,,,,,,,,,,,,,,,,,,,,,,,,,,,,,,,,,,,,,,,,,,,,,,,,,,,,,,,,,,,,,,,,,,,,,,,,,,,,,,,,,,,,,,,,,,,,,,,,,,,,,,,,,,,,,,,,,,,,,,,,,,,,,,,,,
"Campaign-Search-Feb 8, 2026 06:59 PM",,,,,,,,,,,Enabled,,Ad Group 5,2,Enabled,,adiology contact price,broad,Enabled,,,,,,,,,,,,,,,,,,,,,,,,adiology.io,,,,,,,,,,,,,,,,,,,,,,,,,,,,,,,,,,,,,,,,,,,,,,,,,,,,,,,,,,,,,,,,,,,,,,,,,,,,,,,,,,,,,,,,,,,,,,,,,,,,,,,,,,,,,,,,,,,,,,,,,,,,,,,,,,,,,,,,,,,,,,,,,
"Campaign-Search-Feb 8, 2026 06:59 PM",,,,,,,,,,,Enabled,,Ad Group 5,2,Enabled,,contact adiology phone number,phrase,Enabled,,,,,,,,,,,,,,,,,,,,,,,,adiology.io,,,,,,,,,,,,,,,,,,,,,,,,,,,,,,,,,,,,,,,,,,,,,,,,,,,,,,,,,,,,,,,,,,,,,,,,,,,,,,,,,,,,,,,,,,,,,,,,,,,,,,,,,,,,,,,,,,,,,,,,,,,,,,,,,,,,,,,,,,,,,,,,,
"Campaign-Search-Feb 8, 2026 06:59 PM",,,,,,,,,,,Enabled,,Ad Group 5,2,Enabled,,adiology phone number close to me,exact,Enabled,,,,,,,,,,,,,,,,,,,,,,,,adiology.io,,,,,,,,,,,,,,,,,,,,,,,,,,,,,,,,,,,,,,,,,,,,,,,,,,,,,,,,,,,,,,,,,,,,,,,,,,,,,,,,,,,,,,,,,,,,,,,,,,,,,,,,,,,,,,,,,,,,,,,,,,,,,,,,,,,,,,,,,,,,,,,,,
"Campaign-Search-Feb 8, 2026 06:59 PM",,,,,,,,,,,Enabled,,Ad Group 5,2,Enabled,,today adiology phone number,exact,Enabled,,,,,,,,,,,,,,,,,,,,,,,,adiology.io,,,,,,,,,,,,,,,,,,,,,,,,,,,,,,,,,,,,,,,,,,,,,,,,,,,,,,,,,,,,,,,,,,,,,,,,,,,,,,,,,,,,,,,,,,,,,,,,,,,,,,,,,,,,,,,,,,,,,,,,,,,,,,,,,,,,,,,,,,,,,,,,,
"Campaign-Search-Feb 8, 2026 06:59 PM",,,,,,,,,,,Enabled,,Ad Group 5,2,Enabled,,adiology - google campaign builder local,phrase,Enabled,,,,,,,,,,,,,,,,,,,,,,,,adiology.io,,,,,,,,,,,,,,,,,,,,,,,,,,,,,,,,,,,,,,,,,,,,,,,,,,,,,,,,,,,,,,,,,,,,,,,,,,,,,,,,,,,,,,,,,,,,,,,,,,,,,,,,,,,,,,,,,,,,,,,,,,,,,,,,,,,,,,,,,,,,,,,,,
"Campaign-Search-Feb 8, 2026 06:59 PM",,,,,,,,,,,Enabled,,Ad Group 5,2,Enabled,,request adiology - google campaign builder,broad,Enabled,,,,,,,,,,,,,,,,,,,,,,,,adiology.io,,,,,,,,,,,,,,,,,,,,,,,,,,,,,,,,,,,,,,,,,,,,,,,,,,,,,,,,,,,,,,,,,,,,,,,,,,,,,,,,,,,,,,,,,,,,,,,,,,,,,,,,,,,,,,,,,,,,,,,,,,,,,,,,,,,,,,,,,,,,,,,,,
"Campaign-Search-Feb 8, 2026 06:59 PM",,,,,,,,,,,Enabled,,Ad Group 5,2,Enabled,,reputable adiology phone number,phrase,Enabled,,,,,,,,,,,,,,,,,,,,,,,,adiology.io,,,,,,,,,,,,,,,,,,,,,,,,,,,,,,,,,,,,,,,,,,,,,,,,,,,,,,,,,,,,,,,,,,,,,,,,,,,,,,,,,,,,,,,,,,,,,,,,,,,,,,,,,,,,,,,,,,,,,,,,,,,,,,,,,,,,,,,,,,,,,,,,,
"Campaign-Search-Feb 8, 2026 06:59 PM",,,,,,,,,,,Enabled,,Ad Group 5,2,Enabled,,adiology - google campaign builder expert,exact,Enabled,,,,,,,,,,,,,,,,,,,,,,,,adiology.io,,,,,,,,,,,,,,,,,,,,,,,,,,,,,,,,,,,,,,,,,,,,,,,,,,,,,,,,,,,,,,,,,,,,,,,,,,,,,,,,,,,,,,,,,,,,,,,,,,,,,,,,,,,,,,,,,,,,,,,,,,,,,,,,,,,,,,,,,,,,,,,,,
"Campaign-Search-Feb 8, 2026 06:59 PM",,,,,,,,,,,Enabled,,Ad Group 5,2,Enabled,,adiology phone number premium,broad,Enabled,,,,,,,,,,,,,,,,,,,,,,,,adiology.io,,,,,,,,,,,,,,,,,,,,,,,,,,,,,,,,,,,,,,,,,,,,,,,,,,,,,,,,,,,,,,,,,,,,,,,,,,,,,,,,,,,,,,,,,,,,,,,,,,,,,,,,,,,,,,,,,,,,,,,,,,,,,,,,,,,,,,,,,,,,,,,,,
"Campaign-Search-Feb 8, 2026 06:59 PM",,,,,,,,,,,Enabled,,Ad Group 5,2,Enabled,,adiology phone number for home local,phrase,Enabled,,,,,,,,,,,,,,,,,,,,,,,,adiology.io,,,,,,,,,,,,,,,,,,,,,,,,,,,,,,,,,,,,,,,,,,,,,,,,,,,,,,,,,,,,,,,,,,,,,,,,,,,,,,,,,,,,,,,,,,,,,,,,,,,,,,,,,,,,,,,,,,,,,,,,,,,,,,,,,,,,,,,,,,,,,,,,,
"Campaign-Search-Feb 8, 2026 06:59 PM",,,,,,,,,,,Enabled,,Ad Group 5,2,Enabled,,upfront adiology - google campaign builder,broad,Enabled,,,,,,,,,,,,,,,,,,,,,,,,adiology.io,,,,,,,,,,,,,,,,,,,,,,,,,,,,,,,,,,,,,,,,,,,,,,,,,,,,,,,,,,,,,,,,,,,,,,,,,,,,,,,,,,,,,,,,,,,,,,,,,,,,,,,,,,,,,,,,,,,,,,,,,,,,,,,,,,,,,,,,,,,,,,,,,
"Campaign-Search-Feb 8, 2026 06:59 PM",,,,,,,,,,,Enabled,,Ad Group 5,2,Enabled,,adiology services near me,broad,Enabled,,,,,,,,,,,,,,,,,,,,,,,,adiology.io,,,,,,,,,,,,,,,,,,,,,,,,,,,,,,,,,,,,,,,,,,,,,,,,,,,,,,,,,,,,,,,,,,,,,,,,,,,,,,,,,,,,,,,,,,,,,,,,,,,,,,,,,,,,,,,,,,,,,,,,,,,,,,,,,,,,,,,,,,,,,,,,,
"Campaign-Search-Feb 8, 2026 06:59 PM",,,,,,,,,,,Enabled,,Ad Group 5,2,Enabled,,adiology phone number express,broad,Enabled,,,,,,,,,,,,,,,,,,,,,,,,adiology.io,,,,,,,,,,,,,,,,,,,,,,,,,,,,,,,,,,,,,,,,,,,,,,,,,,,,,,,,,,,,,,,,,,,,,,,,,,,,,,,,,,,,,,,,,,,,,,,,,,,,,,,,,,,,,,,,,,,,,,,,,,,,,,,,,,,,,,,,,,,,,,,,,
"Campaign-Search-Feb 8, 2026 06:59 PM",,,,,,,,,,,Enabled,,Ad Group 5,2,Enabled,,adiology contact fast,exact,Enabled,,,,,,,,,,,,,,,,,,,,,,,,adiology.io,,,,,,,,,,,,,,,,,,,,,,,,,,,,,,,,,,,,,,,,,,,,,,,,,,,,,,,,,,,,,,,,,,,,,,,,,,,,,,,,,,,,,,,,,,,,,,,,,,,,,,,,,,,,,,,,,,,,,,,,,,,,,,,,,,,,,,,,,,,,,,,,,
"Campaign-Search-Feb 8, 2026 06:59 PM",,,,,,,,,,,Enabled,,Ad Group 5,2,Enabled,,adiology - google campaign builder immediate,phrase,Enabled,,,,,,,,,,,,,,,,,,,,,,,,adiology.io,,,,,,,,,,,,,,,,,,,,,,,,,,,,,,,,,,,,,,,,,,,,,,,,,,,,,,,,,,,,,,,,,,,,,,,,,,,,,,,,,,,,,,,,,,,,,,,,,,,,,,,,,,,,,,,,,,,,,,,,,,,,,,,,,,,,,,,,,,,,,,,,,
"Campaign-Search-Feb 8, 2026 06:59 PM",,,,,,,,,,,Enabled,,Ad Group 5,2,Enabled,,adiology - google campaign builder recommended,phrase,Enabled,,,,,,,,,,,,,,,,,,,,,,,,adiology.io,,,,,,,,,,,,,,,,,,,,,,,,,,,,,,,,,,,,,,,,,,,,,,,,,,,,,,,,,,,,,,,,,,,,,,,,,,,,,,,,,,,,,,,,,,,,,,,,,,,,,,,,,,,,,,,,,,,,,,,,,,,,,,,,,,,,,,,,,,,,,,,,,
"Campaign-Search-Feb 8, 2026 06:59 PM",,,,,,,,,,,Enabled,,Ad Group 5,2,Enabled,,adiology phone number same day,broad,Enabled,,,,,,,,,,,,,,,,,,,,,,,,adiology.io,,,,,,,,,,,,,,,,,,,,,,,,,,,,,,,,,,,,,,,,,,,,,,,,,,,,,,,,,,,,,,,,,,,,,,,,,,,,,,,,,,,,,,,,,,,,,,,,,,,,,,,,,,,,,,,,,,,,,,,,,,,,,,,,,,,,,,,,,,,,,,,,,
"Campaign-Search-Feb 8, 2026 06:59 PM",,,,,,,,,,,Enabled,,Ad Group 5,2,Enabled,,adiology contact professional,exact,Enabled,,,,,,,,,,,,,,,,,,,,,,,,adiology.io,,,,,,,,,,,,,,,,,,,,,,,,,,,,,,,,,,,,,,,,,,,,,,,,,,,,,,,,,,,,,,,,,,,,,,,,,,,,,,,,,,,,,,,,,,,,,,,,,,,,,,,,,,,,,,,,,,,,,,,,,,,,,,,,,,,,,,,,,,,,,,,,,
"Campaign-Search-Feb 8, 2026 06:59 PM",,,,,,,,,,,Enabled,,Ad Group 5,2,Enabled,,24 hour adiology phone number,exact,Enabled,,,,,,,,,,,,,,,,,,,,,,,,adiology.io,,,,,,,,,,,,,,,,,,,,,,,,,,,,,,,,,,,,,,,,,,,,,,,,,,,,,,,,,,,,,,,,,,,,,,,,,,,,,,,,,,,,,,,,,,,,,,,,,,,,,,,,,,,,,,,,,,,,,,,,,,,,,,,,,,,,,,,,,,,,,,,,,
"Campaign-Search-Feb 8, 2026 06:59 PM",,,,,,,,,,,Enabled,,Ad Group 5,2,Enabled,,call a adiology phone number,phrase,Enabled,,,,,,,,,,,,,,,,,,,,,,,,adiology.io,,,,,,,,,,,,,,,,,,,,,,,,,,,,,,,,,,,,,,,,,,,,,,,,,,,,,,,,,,,,,,,,,,,,,,,,,,,,,,,,,,,,,,,,,,,,,,,,,,,,,,,,,,,,,,,,,,,,,,,,,,,,,,,,,,,,,,,,,,,,,,,,,
"Campaign-Search-Feb 8, 2026 06:59 PM",,,,,,,,,,,Enabled,,Ad Group 5,2,Enabled,,adiology phone number leading,broad,Enabled,,,,,,,,,,,,,,,,,,,,,,,,adiology.io,,,,,,,,,,,,,,,,,,,,,,,,,,,,,,,,,,,,,,,,,,,,,,,,,,,,,,,,,,,,,,,,,,,,,,,,,,,,,,,,,,,,,,,,,,,,,,,,,,,,,,,,,,,,,,,,,,,,,,,,,,,,,,,,,,,,,,,,,,,,,,,,,
"Campaign-Search-Feb 8, 2026 06:59 PM",,,,,,,,,,,Enabled,,Ad Group 5,2,Enabled,,when to call adiology phone number,broad,Enabled,,,,,,,,,,,,,,,,,,,,,,,,adiology.io,,,,,,,,,,,,,,,,,,,,,,,,,,,,,,,,,,,,,,,,,,,,,,,,,,,,,,,,,,,,,,,,,,,,,,,,,,,,,,,,,,,,,,,,,,,,,,,,,,,,,,,,,,,,,,,,,,,,,,,,,,,,,,,,,,,,,,,,,,,,,,,,,
"Campaign-Search-Feb 8, 2026 06:59 PM",,,,,,,,,,,Enabled,,Ad Group 5,2,Enabled,,experienced adiology - google campaign builder,exact,Enabled,,,,,,,,,,,,,,,,,,,,,,,,adiology.io,,,,,,,,,,,,,,,,,,,,,,,,,,,,,,,,,,,,,,,,,,,,,,,,,,,,,,,,,,,,,,,,,,,,,,,,,,,,,,,,,,,,,,,,,,,,,,,,,,,,,,,,,,,,,,,,,,,,,,,,,,,,,,,,,,,,,,,,,,,,,,,,,
"Campaign-Search-Feb 8, 2026 06:59 PM",,,,,,,,,,,Enabled,,Ad Group 5,2,Enabled,,morning adiology contact,phrase,Enabled,,,,,,,,,,,,,,,,,,,,,,,,adiology.io,,,,,,,,,,,,,,,,,,,,,,,,,,,,,,,,,,,,,,,,,,,,,,,,,,,,,,,,,,,,,,,,,,,,,,,,,,,,,,,,,,,,,,,,,,,,,,,,,,,,,,,,,,,,,,,,,,,,,,,,,,,,,,,,,,,,,,,,,,,,,,,,,
"Campaign-Search-Feb 8, 2026 06:59 PM",,,,,,,,,,,Enabled,,Ad Group 5,2,Enabled,,fast adiology phone number,phrase,Enabled,,,,,,,,,,,,,,,,,,,,,,,,adiology.io,,,,,,,,,,,,,,,,,,,,,,,,,,,,,,,,,,,,,,,,,,,,,,,,,,,,,,,,,,,,,,,,,,,,,,,,,,,,,,,,,,,,,,,,,,,,,,,,,,,,,,,,,,,,,,,,,,,,,,,,,,,,,,,,,,,,,,,,,,,,,,,,,
"Campaign-Search-Feb 8, 2026 06:59 PM",,,,,,,,,,,Enabled,,Ad Group 5,2,Enabled,,responsive adiology phone number,broad,Enabled,,,,,,,,,,,,,,,,,,,,,,,,adiology.io,,,,,,,,,,,,,,,,,,,,,,,,,,,,,,,,,,,,,,,,,,,,,,,,,,,,,,,,,,,,,,,,,,,,,,,,,,,,,,,,,,,,,,,,,,,,,,,,,,,,,,,,,,,,,,,,,,,,,,,,,,,,,,,,,,,,,,,,,,,,,,,,,
"Campaign-Search-Feb 8, 2026 06:59 PM",,,,,,,,,,,Enabled,,Ad Group 5,2,Enabled,,adiology phone number residential,exact,Enabled,,,,,,,,,,,,,,,,,,,,,,,,adiology.io,,,,,,,,,,,,,,,,,,,,,,,,,,,,,,,,,,,,,,,,,,,,,,,,,,,,,,,,,,,,,,,,,,,,,,,,,,,,,,,,,,,,,,,,,,,,,,,,,,,,,,,,,,,,,,,,,,,,,,,,,,,,,,,,,,,,,,,,,,,,,,,,,
"Campaign-Search-Feb 8, 2026 06:59 PM",,,,,,,,,,,Enabled,,Ad Group 5,2,Enabled,,select a adiology phone number,phrase,Enabled,,,,,,,,,,,,,,,,,,,,,,,,adiology.io,,,,,,,,,,,,,,,,,,,,,,,,,,,,,,,,,,,,,,,,,,,,,,,,,,,,,,,,,,,,,,,,,,,,,,,,,,,,,,,,,,,,,,,,,,,,,,,,,,,,,,,,,,,,,,,,,,,,,,,,,,,,,,,,,,,,,,,,,,,,,,,,,
"Campaign-Search-Feb 8, 2026 06:59 PM",,,,,,,,,,,Enabled,,Ad Group 5,2,Enabled,,adiology phone number at me,phrase,Enabled,,,,,,,,,,,,,,,,,,,,,,,,adiology.io,,,,,,,,,,,,,,,,,,,,,,,,,,,,,,,,,,,,,,,,,,,,,,,,,,,,,,,,,,,,,,,,,,,,,,,,,,,,,,,,,,,,,,,,,,,,,,,,,,,,,,,,,,,,,,,,,,,,,,,,,,,,,,,,,,,,,,,,,,,,,,,,,
"Campaign-Search-Feb 8, 2026 06:59 PM",,,,,,,,,,,Enabled,,Ad Group 5,2,Enabled,,adiology contact affordable,broad,Enabled,,,,,,,,,,,,,,,,,,,,,,,,adiology.io,,,,,,,,,,,,,,,,,,,,,,,,,,,,,,,,,,,,,,,,,,,,,,,,,,,,,,,,,,,,,,,,,,,,,,,,,,,,,,,,,,,,,,,,,,,,,,,,,,,,,,,,,,,,,,,,,,,,,,,,,,,,,,,,,,,,,,,,,,,,,,,,,
"Campaign-Search-Feb 8, 2026 06:59 PM",,,,,,,,,,,Enabled,,Ad Group 5,2,Enabled,,compare adiology - google campaign builder,exact,Enabled,,,,,,,,,,,,,,,,,,,,,,,,adiology.io,,,,,,,,,,,,,,,,,,,,,,,,,,,,,,,,,,,,,,,,,,,,,,,,,,,,,,,,,,,,,,,,,,,,,,,,,,,,,,,,,,,,,,,,,,,,,,,,,,,,,,,,,,,,,,,,,,,,,,,,,,,,,,,,,,,,,,,,,,,,,,,,,
"Campaign-Search-Feb 8, 2026 06:59 PM",,,,,,,,,,,Enabled,,Ad Group 5,2,Enabled,,adiology phone number affordable,broad,Enabled,,,,,,,,,,,,,,,,,,,,,,,,adiology.io,,,,,,,,,,,,,,,,,,,,,,,,,,,,,,,,,,,,,,,,,,,,,,,,,,,,,,,,,,,,,,,,,,,,,,,,,,,,,,,,,,,,,,,,,,,,,,,,,,,,,,,,,,,,,,,,,,,,,,,,,,,,,,,,,,,,,,,,,,,,,,,,,
"Campaign-Search-Feb 8, 2026 06:59 PM",,,,,,,,,,,Enabled,,Ad Group 5,2,Enabled,,local adiology - google campaign builder,broad,Enabled,,,,,,,,,,,,,,,,,,,,,,,,adiology.io,,,,,,,,,,,,,,,,,,,,,,,,,,,,,,,,,,,,,,,,,,,,,,,,,,,,,,,,,,,,,,,,,,,,,,,,,,,,,,,,,,,,,,,,,,,,,,,,,,,,,,,,,,,,,,,,,,,,,,,,,,,,,,,,,,,,,,,,,,,,,,,,,
"Campaign-Search-Feb 8, 2026 06:59 PM",,,,,,,,,,,Enabled,,Ad Group 5,2,Enabled,,adiology phone number inexpensive,broad,Enabled,,,,,,,,,,,,,,,,,,,,,,,,adiology.io,,,,,,,,,,,,,,,,,,,,,,,,,,,,,,,,,,,,,,,,,,,,,,,,,,,,,,,,,,,,,,,,,,,,,,,,,,,,,,,,,,,,,,,,,,,,,,,,,,,,,,,,,,,,,,,,,,,,,,,,,,,,,,,,,,,,,,,,,,,,,,,,,
"Campaign-Search-Feb 8, 2026 06:59 PM",,,,,,,,,,,Enabled,,Ad Group 5,2,Enabled,,adiology - google campaign builder 24/7,broad,Enabled,,,,,,,,,,,,,,,,,,,,,,,,adiology.io,,,,,,,,,,,,,,,,,,,,,,,,,,,,,,,,,,,,,,,,,,,,,,,,,,,,,,,,,,,,,,,,,,,,,,,,,,,,,,,,,,,,,,,,,,,,,,,,,,,,,,,,,,,,,,,,,,,,,,,,,,,,,,,,,,,,,,,,,,,,,,,,,
"Campaign-Search-Feb 8, 2026 06:59 PM",,,,,,,,,,,Enabled,,Ad Group 5,2,Enabled,,adiology - google campaign builder licensed,phrase,Enabled,,,,,,,,,,,,,,,,,,,,,,,,adiology.io,,,,,,,,,,,,,,,,,,,,,,,,,,,,,,,,,,,,,,,,,,,,,,,,,,,,,,,,,,,,,,,,,,,,,,,,,,,,,,,,,,,,,,,,,,,,,,,,,,,,,,,,,,,,,,,,,,,,,,,,,,,,,,,,,,,,,,,,,,,,,,,,,
"Campaign-Search-Feb 8, 2026 06:59 PM",,,,,,,,,,,Enabled,,Ad Group 5,2,Enabled,,express adiology - google campaign builder,phrase,Enabled,,,,,,,,,,,,,,,,,,,,,,,,adiology.io,,,,,,,,,,,,,,,,,,,,,,,,,,,,,,,,,,,,,,,,,,,,,,,,,,,,,,,,,,,,,,,,,,,,,,,,,,,,,,,,,,,,,,,,,,,,,,,,,,,,,,,,,,,,,,,,,,,,,,,,,,,,,,,,,,,,,,,,,,,,,,,,,
"Campaign-Search-Feb 8, 2026 06:59 PM",,,,,,,,,,,Enabled,,Ad Group 5,2,Enabled,,should I hire adiology phone number,broad,Enabled,,,,,,,,,,,,,,,,,,,,,,,,adiology.io,,,,,,,,,,,,,,,,,,,,,,,,,,,,,,,,,,,,,,,,,,,,,,,,,,,,,,,,,,,,,,,,,,,,,,,,,,,,,,,,,,,,,,,,,,,,,,,,,,,,,,,,,,,,,,,,,,,,,,,,,,,,,,,,,,,,,,,,,,,,,,,,,
"Campaign-Search-Feb 8, 2026 06:59 PM",,,,,,,,,,,Enabled,,Ad Group 5,2,Enabled,,adiology - google campaign builder night,exact,Enabled,,,,,,,,,,,,,,,,,,,,,,,,adiology.io,,,,,,,,,,,,,,,,,,,,,,,,,,,,,,,,,,,,,,,,,,,,,,,,,,,,,,,,,,,,,,,,,,,,,,,,,,,,,,,,,,,,,,,,,,,,,,,,,,,,,,,,,,,,,,,,,,,,,,,,,,,,,,,,,,,,,,,,,,,,,,,,,
"Campaign-Search-Feb 8, 2026 06:59 PM",,,,,,,,,,,Enabled,,Ad Group 5,2,Enabled,,professional adiology phone number,phrase,Enabled,,,,,,,,,,,,,,,,,,,,,,,,adiology.io,,,,,,,,,,,,,,,,,,,,,,,,,,,,,,,,,,,,,,,,,,,,,,,,,,,,,,,,,,,,,,,,,,,,,,,,,,,,,,,,,,,,,,,,,,,,,,,,,,,,,,,,,,,,,,,,,,,,,,,,,,,,,,,,,,,,,,,,,,,,,,,,,
"Campaign-Search-Feb 8, 2026 06:59 PM",,,,,,,,,,,Enabled,,Ad Group 5,2,Enabled,,adiology phone number suburban,phrase,Enabled,,,,,,,,,,,,,,,,,,,,,,,,adiology.io,,,,,,,,,,,,,,,,,,,,,,,,,,,,,,,,,,,,,,,,,,,,,,,,,,,,,,,,,,,,,,,,,,,,,,,,,,,,,,,,,,,,,,,,,,,,,,,,,,,,,,,,,,,,,,,,,,,,,,,,,,,,,,,,,,,,,,,,,,,,,,,,,
"Campaign-Search-Feb 8, 2026 06:59 PM",,,,,,,,,,,Enabled,,Ad Group 5,2,Enabled,,licensed adiology - google campaign builder,phrase,Enabled,,,,,,,,,,,,,,,,,,,,,,,,adiology.io,,,,,,,,,,,,,,,,,,,,,,,,,,,,,,,,,,,,,,,,,,,,,,,,,,,,,,,,,,,,,,,,,,,,,,,,,,,,,,,,,,,,,,,,,,,,,,,,,,,,,,,,,,,,,,,,,,,,,,,,,,,,,,,,,,,,,,,,,,,,,,,,,
"Campaign-Search-Feb 8, 2026 06:59 PM",,,,,,,,,,,Enabled,,Ad Group 5,2,Enabled,,reliable adiology - google campaign builder,phrase,Enabled,,,,,,,,,,,,,,,,,,,,,,,,adiology.io,,,,,,,,,,,,,,,,,,,,,,,,,,,,,,,,,,,,,,,,,,,,,,,,,,,,,,,,,,,,,,,,,,,,,,,,,,,,,,,,,,,,,,,,,,,,,,,,,,,,,,,,,,,,,,,,,,,,,,,,,,,,,,,,,,,,,,,,,,,,,,,,,
"Campaign-Search-Feb 8, 2026 06:59 PM",,,,,,,,,,,Enabled,,Ad Group 5,2,Enabled,,quality adiology phone number,broad,Enabled,,,,,,,,,,,,,,,,,,,,,,,,adiology.io,,,,,,,,,,,,,,,,,,,,,,,,,,,,,,,,,,,,,,,,,,,,,,,,,,,,,,,,,,,,,,,,,,,,,,,,,,,,,,,,,,,,,,,,,,,,,,,,,,,,,,,,,,,,,,,,,,,,,,,,,,,,,,,,,,,,,,,,,,,,,,,,,
"Campaign-Search-Feb 8, 2026 06:59 PM",,,,,,,,,,,Enabled,,Ad Group 5,2,Enabled,,get a adiology phone number,broad,Enabled,,,,,,,,,,,,,,,,,,,,,,,,adiology.io,,,,,,,,,,,,,,,,,,,,,,,,,,,,,,,,,,,,,,,,,,,,,,,,,,,,,,,,,,,,,,,,,,,,,,,,,,,,,,,,,,,,,,,,,,,,,,,,,,,,,,,,,,,,,,,,,,,,,,,,,,,,,,,,,,,,,,,,,,,,,,,,,
"Campaign-Search-Feb 8, 2026 06:59 PM",,,,,,,,,,,Enabled,,Ad Group 5,2,Enabled,,adiology phone number price,phrase,Enabled,,,,,,,,,,,,,,,,,,,,,,,,adiology.io,,,,,,,,,,,,,,,,,,,,,,,,,,,,,,,,,,,,,,,,,,,,,,,,,,,,,,,,,,,,,,,,,,,,,,,,,,,,,,,,,,,,,,,,,,,,,,,,,,,,,,,,,,,,,,,,,,,,,,,,,,,,,,,,,,,,,,,,,,,,,,,,,
"Campaign-Search-Feb 8, 2026 06:59 PM",,,,,,,,,,,Enabled,,Ad Group 5,2,Enabled,,need adiology phone number,broad,Enabled,,,,,,,,,,,,,,,,,,,,,,,,adiology.io,,,,,,,,,,,,,,,,,,,,,,,,,,,,,,,,,,,,,,,,,,,,,,,,,,,,,,,,,,,,,,,,,,,,,,,,,,,,,,,,,,,,,,,,,,,,,,,,,,,,,,,,,,,,,,,,,,,,,,,,,,,,,,,,,,,,,,,,,,,,,,,,,
"Campaign-Search-Feb 8, 2026 06:59 PM",,,,,,,,,,,Enabled,,Ad Group 5,2,Enabled,,adiology phone number downtown,exact,Enabled,,,,,,,,,,,,,,,,,,,,,,,,adiology.io,,,,,,,,,,,,,,,,,,,,,,,,,,,,,,,,,,,,,,,,,,,,,,,,,,,,,,,,,,,,,,,,,,,,,,,,,,,,,,,,,,,,,,,,,,,,,,,,,,,,,,,,,,,,,,,,,,,,,,,,,,,,,,,,,,,,,,,,,,,,,,,,,
"Campaign-Search-Feb 8, 2026 06:59 PM",,,,,,,,,,,Enabled,,Ad Group 5,2,Enabled,,adiology phone number veteran owned,exact,Enabled,,,,,,,,,,,,,,,,,,,,,,,,adiology.io,,,,,,,,,,,,,,,,,,,,,,,,,,,,,,,,,,,,,,,,,,,,,,,,,,,,,,,,,,,,,,,,,,,,,,,,,,,,,,,,,,,,,,,,,,,,,,,,,,,,,,,,,,,,,,,,,,,,,,,,,,,,,,,,,,,,,,,,,,,,,,,,,
"Campaign-Search-Feb 8, 2026 06:59 PM",,,,,,,,,,,Enabled,,Ad Group 5,2,Enabled,,fair adiology - google campaign builder,broad,Enabled,,,,,,,,,,,,,,,,,,,,,,,,adiology.io,,,,,,,,,,,,,,,,,,,,,,,,,,,,,,,,,,,,,,,,,,,,,,,,,,,,,,,,,,,,,,,,,,,,,,,,,,,,,,,,,,,,,,,,,,,,,,,,,,,,,,,,,,,,,,,,,,,,,,,,,,,,,,,,,,,,,,,,,,,,,,,,,
"Campaign-Search-Feb 8, 2026 06:59 PM",,,,,,,,,,,Enabled,,Ad Group 5,2,Enabled,,detailed adiology phone number,broad,Enabled,,,,,,,,,,,,,,,,,,,,,,,,adiology.io,,,,,,,,,,,,,,,,,,,,,,,,,,,,,,,,,,,,,,,,,,,,,,,,,,,,,,,,,,,,,,,,,,,,,,,,,,,,,,,,,,,,,,,,,,,,,,,,,,,,,,,,,,,,,,,,,,,,,,,,,,,,,,,,,,,,,,,,,,,,,,,,,
"Campaign-Search-Feb 8, 2026 06:59 PM",,,,,,,,,,,Enabled,,Ad Group 5,2,Enabled,,adiology phone number try,broad,Enabled,,,,,,,,,,,,,,,,,,,,,,,,adiology.io,,,,,,,,,,,,,,,,,,,,,,,,,,,,,,,,,,,,,,,,,,,,,,,,,,,,,,,,,,,,,,,,,,,,,,,,,,,,,,,,,,,,,,,,,,,,,,,,,,,,,,,,,,,,,,,,,,,,,,,,,,,,,,,,,,,,,,,,,,,,,,,,,
"Campaign-Search-Feb 8, 2026 06:59 PM",,,,,,,,,,,Enabled,,Ad Group 5,2,Enabled,,compare adiology - google campaign builder,broad,Enabled,,,,,,,,,,,,,,,,,,,,,,,,adiology.io,,,,,,,,,,,,,,,,,,,,,,,,,,,,,,,,,,,,,,,,,,,,,,,,,,,,,,,,,,,,,,,,,,,,,,,,,,,,,,,,,,,,,,,,,,,,,,,,,,,,,,,,,,,,,,,,,,,,,,,,,,,,,,,,,,,,,,,,,,,,,,,,,
"Campaign-Search-Feb 8, 2026 06:59 PM",,,,,,,,,,,Enabled,,Ad Group 5,2,Enabled,,economical adiology contact,phrase,Enabled,,,,,,,,,,,,,,,,,,,,,,,,adiology.io,,,,,,,,,,,,,,,,,,,,,,,,,,,,,,,,,,,,,,,,,,,,,,,,,,,,,,,,,,,,,,,,,,,,,,,,,,,,,,,,,,,,,,,,,,,,,,,,,,,,,,,,,,,,,,,,,,,,,,,,,,,,,,,,,,,,,,,,,,,,,,,,,
"Campaign-Search-Feb 8, 2026 06:59 PM",,,,,,,,,,,Enabled,,Ad Group 5,2,Enabled,,adiology - google campaign builder fast,phrase,Enabled,,,,,,,,,,,,,,,,,,,,,,,,adiology.io,,,,,,,,,,,,,,,,,,,,,,,,,,,,,,,,,,,,,,,,,,,,,,,,,,,,,,,,,,,,,,,,,,,,,,,,,,,,,,,,,,,,,,,,,,,,,,,,,,,,,,,,,,,,,,,,,,,,,,,,,,,,,,,,,,,,,,,,,,,,,,,,,
"Campaign-Search-Feb 8, 2026 06:59 PM",,,,,,,,,,,Enabled,,Ad Group 5,2,Enabled,,buy adiology phone number,exact,Enabled,,,,,,,,,,,,,,,,,,,,,,,,adiology.io,,,,,,,,,,,,,,,,,,,,,,,,,,,,,,,,,,,,,,,,,,,,,,,,,,,,,,,,,,,,,,,,,,,,,,,,,,,,,,,,,,,,,,,,,,,,,,,,,,,,,,,,,,,,,,,,,,,,,,,,,,,,,,,,,,,,,,,,,,,,,,,,,
"Campaign-Search-Feb 8, 2026 06:59 PM",,,,,,,,,,,Enabled,,Ad Group 5,2,Enabled,,hire adiology phone number,exact,Enabled,,,,,,,,,,,,,,,,,,,,,,,,adiology.io,,,,,,,,,,,,,,,,,,,,,,,,,,,,,,,,,,,,,,,,,,,,,,,,,,,,,,,,,,,,,,,,,,,,,,,,,,,,,,,,,,,,,,,,,,,,,,,,,,,,,,,,,,,,,,,,,,,,,,,,,,,,,,,,,,,,,,,,,,,,,,,,,
"Campaign-Search-Feb 8, 2026 06:59 PM",,,,,,,,,,,Enabled,,Ad Group 5,2,Enabled,,24 hour adiology contact,broad,Enabled,,,,,,,,,,,,,,,,,,,,,,,,adiology.io,,,,,,,,,,,,,,,,,,,,,,,,,,,,,,,,,,,,,,,,,,,,,,,,,,,,,,,,,,,,,,,,,,,,,,,,,,,,,,,,,,,,,,,,,,,,,,,,,,,,,,,,,,,,,,,,,,,,,,,,,,,,,,,,,,,,,,,,,,,,,,,,,
"Campaign-Search-Feb 8, 2026 06:59 PM",,,,,,,,,,,Enabled,,Ad Group 5,2,Enabled,,nearest adiology - google campaign builder,broad,Enabled,,,,,,,,,,,,,,,,,,,,,,,,adiology.io,,,,,,,,,,,,,,,,,,,,,,,,,,,,,,,,,,,,,,,,,,,,,,,,,,,,,,,,,,,,,,,,,,,,,,,,,,,,,,,,,,,,,,,,,,,,,,,,,,,,,,,,,,,,,,,,,,,,,,,,,,,,,,,,,,,,,,,,,,,,,,,,,
"Campaign-Search-Feb 8, 2026 06:59 PM",,,,,,,,,,,Enabled,,Ad Group 5,2,Enabled,,independent adiology - google campaign builder,exact,Enabled,,,,,,,,,,,,,,,,,,,,,,,,adiology.io,,,,,,,,,,,,,,,,,,,,,,,,,,,,,,,,,,,,,,,,,,,,,,,,,,,,,,,,,,,,,,,,,,,,,,,,,,,,,,,,,,,,,,,,,,,,,,,,,,,,,,,,,,,,,,,,,,,,,,,,,,,,,,,,,,,,,,,,,,,,,,,,,
"Campaign-Search-Feb 8, 2026 06:59 PM",,,,,,,,,,,Enabled,,Ad Group 5,2,Enabled,,premium adiology - google campaign builder,broad,Enabled,,,,,,,,,,,,,,,,,,,,,,,,adiology.io,,,,,,,,,,,,,,,,,,,,,,,,,,,,,,,,,,,,,,,,,,,,,,,,,,,,,,,,,,,,,,,,,,,,,,,,,,,,,,,,,,,,,,,,,,,,,,,,,,,,,,,,,,,,,,,,,,,,,,,,,,,,,,,,,,,,,,,,,,,,,,,,,
"Campaign-Search-Feb 8, 2026 06:59 PM",,,,,,,,,,,Enabled,,Ad Group 5,2,Enabled,,adiology services help,phrase,Enabled,,,,,,,,,,,,,,,,,,,,,,,,adiology.io,,,,,,,,,,,,,,,,,,,,,,,,,,,,,,,,,,,,,,,,,,,,,,,,,,,,,,,,,,,,,,,,,,,,,,,,,,,,,,,,,,,,,,,,,,,,,,,,,,,,,,,,,,,,,,,,,,,,,,,,,,,,,,,,,,,,,,,,,,,,,,,,,
"Campaign-Search-Feb 8, 2026 06:59 PM",,,,,,,,,,,Enabled,,Ad Group 5,2,Enabled,,professional adiology - google campaign builder,exact,Enabled,,,,,,,,,,,,,,,,,,,,,,,,adiology.io,,,,,,,,,,,,,,,,,,,,,,,,,,,,,,,,,,,,,,,,,,,,,,,,,,,,,,,,,,,,,,,,,,,,,,,,,,,,,,,,,,,,,,,,,,,,,,,,,,,,,,,,,,,,,,,,,,,,,,,,,,,,,,,,,,,,,,,,,,,,,,,,,
"Campaign-Search-Feb 8, 2026 06:59 PM",,,,,,,,,,,Enabled,,Ad Group 5,2,Enabled,,quality adiology phone number,phrase,Enabled,,,,,,,,,,,,,,,,,,,,,,,,adiology.io,,,,,,,,,,,,,,,,,,,,,,,,,,,,,,,,,,,,,,,,,,,,,,,,,,,,,,,,,,,,,,,,,,,,,,,,,,,,,,,,,,,,,,,,,,,,,,,,,,,,,,,,,,,,,,,,,,,,,,,,,,,,,,,,,,,,,,,,,,,,,,,,,
"Campaign-Search-Feb 8, 2026 06:59 PM",,,,,,,,,,,Enabled,,Ad Group 5,2,Enabled,,adiology contact service,exact,Enabled,,,,,,,,,,,,,,,,,,,,,,,,adiology.io,,,,,,,,,,,,,,,,,,,,,,,,,,,,,,,,,,,,,,,,,,,,,,,,,,,,,,,,,,,,,,,,,,,,,,,,,,,,,,,,,,,,,,,,,,,,,,,,,,,,,,,,,,,,,,,,,,,,,,,,,,,,,,,,,,,,,,,,,,,,,,,,,
"Campaign-Search-Feb 8, 2026 06:59 PM",,,,,,,,,,,Enabled,,Ad Group 5,2,Enabled,,efficient adiology phone number,phrase,Enabled,,,,,,,,,,,,,,,,,,,,,,,,adiology.io,,,,,,,,,,,,,,,,,,,,,,,,,,,,,,,,,,,,,,,,,,,,,,,,,,,,,,,,,,,,,,,,,,,,,,,,,,,,,,,,,,,,,,,,,,,,,,,,,,,,,,,,,,,,,,,,,,,,,,,,,,,,,,,,,,,,,,,,,,,,,,,,,
"Campaign-Search-Feb 8, 2026 06:59 PM",,,,,,,,,,,Enabled,,Ad Group 5,2,Enabled,,now adiology - google campaign builder,exact,Enabled,,,,,,,,,,,,,,,,,,,,,,,,adiology.io,,,,,,,,,,,,,,,,,,,,,,,,,,,,,,,,,,,,,,,,,,,,,,,,,,,,,,,,,,,,,,,,,,,,,,,,,,,,,,,,,,,,,,,,,,,,,,,,,,,,,,,,,,,,,,,,,,,,,,,,,,,,,,,,,,,,,,,,,,,,,,,,,
"Campaign-Search-Feb 8, 2026 06:59 PM",,,,,,,,,,,Enabled,,Ad Group 5,2,Enabled,,quick adiology - google campaign builder,exact,Enabled,,,,,,,,,,,,,,,,,,,,,,,,adiology.io,,,,,,,,,,,,,,,,,,,,,,,,,,,,,,,,,,,,,,,,,,,,,,,,,,,,,,,,,,,,,,,,,,,,,,,,,,,,,,,,,,,,,,,,,,,,,,,,,,,,,,,,,,,,,,,,,,,,,,,,,,,,,,,,,,,,,,,,,,,,,,,,,
"Campaign-Search-Feb 8, 2026 06:59 PM",,,,,,,,,,,Enabled,,Ad Group 5,2,Enabled,,accredited adiology phone number,exact,Enabled,,,,,,,,,,,,,,,,,,,,,,,,adiology.io,,,,,,,,,,,,,,,,,,,,,,,,,,,,,,,,,,,,,,,,,,,,,,,,,,,,,,,,,,,,,,,,,,,,,,,,,,,,,,,,,,,,,,,,,,,,,,,,,,,,,,,,,,,,,,,,,,,,,,,,,,,,,,,,,,,,,,,,,,,,,,,,,
"Campaign-Search-Feb 8, 2026 06:59 PM",,,,,,,,,,,Enabled,,Ad Group 5,2,Enabled,,skilled adiology phone number,broad,Enabled,,,,,,,,,,,,,,,,,,,,,,,,adiology.io,,,,,,,,,,,,,,,,,,,,,,,,,,,,,,,,,,,,,,,,,,,,,,,,,,,,,,,,,,,,,,,,,,,,,,,,,,,,,,,,,,,,,,,,,,,,,,,,,,,,,,,,,,,,,,,,,,,,,,,,,,,,,,,,,,,,,,,,,,,,,,,,,
"Campaign-Search-Feb 8, 2026 06:59 PM",,,,,,,,,,,Enabled,,Ad Group 5,2,Enabled,,closest adiology - google campaign builder,exact,Enabled,,,,,,,,,,,,,,,,,,,,,,,,adiology.io,,,,,,,,,,,,,,,,,,,,,,,,,,,,,,,,,,,,,,,,,,,,,,,,,,,,,,,,,,,,,,,,,,,,,,,,,,,,,,,,,,,,,,,,,,,,,,,,,,,,,,,,,,,,,,,,,,,,,,,,,,,,,,,,,,,,,,,,,,,,,,,,,
"Campaign-Search-Feb 8, 2026 06:59 PM",,,,,,,,,,,Enabled,,Ad Group 5,2,Enabled,,adiology phone number with warranty nearby,broad,Enabled,,,,,,,,,,,,,,,,,,,,,,,,adiology.io,,,,,,,,,,,,,,,,,,,,,,,,,,,,,,,,,,,,,,,,,,,,,,,,,,,,,,,,,,,,,,,,,,,,,,,,,,,,,,,,,,,,,,,,,,,,,,,,,,,,,,,,,,,,,,,,,,,,,,,,,,,,,,,,,,,,,,,,,,,,,,,,,
"Campaign-Search-Feb 8, 2026 06:59 PM",,,,,,,,,,,Enabled,,Ad Group 5,2,Enabled,,adiology contact certified,exact,Enabled,,,,,,,,,,,,,,,,,,,,,,,,adiology.io,,,,,,,,,,,,,,,,,,,,,,,,,,,,,,,,,,,,,,,,,,,,,,,,,,,,,,,,,,,,,,,,,,,,,,,,,,,,,,,,,,,,,,,,,,,,,,,,,,,,,,,,,,,,,,,,,,,,,,,,,,,,,,,,,,,,,,,,,,,,,,,,,
"Campaign-Search-Feb 8, 2026 06:59 PM",,,,,,,,,,,Enabled,,Ad Group 5,2,Enabled,,adiology phone number for residential,exact,Enabled,,,,,,,,,,,,,,,,,,,,,,,,adiology.io,,,,,,,,,,,,,,,,,,,,,,,,,,,,,,,,,,,,,,,,,,,,,,,,,,,,,,,,,,,,,,,,,,,,,,,,,,,,,,,,,,,,,,,,,,,,,,,,,,,,,,,,,,,,,,,,,,,,,,,,,,,,,,,,,,,,,,,,,,,,,,,,,
"Campaign-Search-Feb 8, 2026 06:59 PM",,,,,,,,,,,Enabled,,Ad Group 5,2,Enabled,,adiology phone number in area,phrase,Enabled,,,,,,,,,,,,,,,,,,,,,,,,adiology.io,,,,,,,,,,,,,,,,,,,,,,,,,,,,,,,,,,,,,,,,,,,,,,,,,,,,,,,,,,,,,,,,,,,,,,,,,,,,,,,,,,,,,,,,,,,,,,,,,,,,,,,,,,,,,,,,,,,,,,,,,,,,,,,,,,,,,,,,,,,,,,,,,
"Campaign-Search-Feb 8, 2026 06:59 PM",,,,,,,,,,,Enabled,,Ad Group 5,2,Enabled,,adiology services,broad,Enabled,,,,,,,,,,,,,,,,,,,,,,,,adiology.io,,,,,,,,,,,,,,,,,,,,,,,,,,,,,,,,,,,,,,,,,,,,,,,,,,,,,,,,,,,,,,,,,,,,,,,,,,,,,,,,,,,,,,,,,,,,,,,,,,,,,,,,,,,,,,,,,,,,,,,,,,,,,,,,,,,,,,,,,,,,,,,,,
"Campaign-Search-Feb 8, 2026 06:59 PM",,,,,,,,,,,Enabled,,Ad Group 5,2,Enabled,,adiology phone number veteran owned,phrase,Enabled,,,,,,,,,,,,,,,,,,,,,,,,adiology.io,,,,,,,,,,,,,,,,,,,,,,,,,,,,,,,,,,,,,,,,,,,,,,,,,,,,,,,,,,,,,,,,,,,,,,,,,,,,,,,,,,,,,,,,,,,,,,,,,,,,,,,,,,,,,,,,,,,,,,,,,,,,,,,,,,,,,,,,,,,,,,,,,
"Campaign-Search-Feb 8, 2026 06:59 PM",,,,,,,,,,,Enabled,,Ad Group 5,2,Enabled,,purchase adiology - google campaign builder,phrase,Enabled,,,,,,,,,,,,,,,,,,,,,,,,adiology.io,,,,,,,,,,,,,,,,,,,,,,,,,,,,,,,,,,,,,,,,,,,,,,,,,,,,,,,,,,,,,,,,,,,,,,,,,,,,,,,,,,,,,,,,,,,,,,,,,,,,,,,,,,,,,,,,,,,,,,,,,,,,,,,,,,,,,,,,,,,,,,,,,
"Campaign-Search-Feb 8, 2026 06:59 PM",,,,,,,,,,,Enabled,,Ad Group 5,2,Enabled,,professional adiology phone number local,phrase,Enabled,,,,,,,,,,,,,,,,,,,,,,,,adiology.io,,,,,,,,,,,,,,,,,,,,,,,,,,,,,,,,,,,,,,,,,,,,,,,,,,,,,,,,,,,,,,,,,,,,,,,,,,,,,,,,,,,,,,,,,,,,,,,,,,,,,,,,,,,,,,,,,,,,,,,,,,,,,,,,,,,,,,,,,,,,,,,,,
"Campaign-Search-Feb 8, 2026 06:59 PM",,,,,,,,,,,Enabled,,Ad Group 5,2,Enabled,,order adiology - google campaign builder,broad,Enabled,,,,,,,,,,,,,,,,,,,,,,,,adiology.io,,,,,,,,,,,,,,,,,,,,,,,,,,,,,,,,,,,,,,,,,,,,,,,,,,,,,,,,,,,,,,,,,,,,,,,,,,,,,,,,,,,,,,,,,,,,,,,,,,,,,,,,,,,,,,,,,,,,,,,,,,,,,,,,,,,,,,,,,,,,,,,,,
"Campaign-Search-Feb 8, 2026 06:59 PM",,,,,,,,,,,Enabled,,Ad Group 5,2,Enabled,,adiology - google campaign builder get,exact,Enabled,,,,,,,,,,,,,,,,,,,,,,,,adiology.io,,,,,,,,,,,,,,,,,,,,,,,,,,,,,,,,,,,,,,,,,,,,,,,,,,,,,,,,,,,,,,,,,,,,,,,,,,,,,,,,,,,,,,,,,,,,,,,,,,,,,,,,,,,,,,,,,,,,,,,,,,,,,,,,,,,,,,,,,,,,,,,,,
"Campaign-Search-Feb 8, 2026 06:59 PM",,,,,,,,,,,Enabled,,Ad Group 5,2,Enabled,,adiology phone number in town,broad,Enabled,,,,,,,,,,,,,,,,,,,,,,,,adiology.io,,,,,,,,,,,,,,,,,,,,,,,,,,,,,,,,,,,,,,,,,,,,,,,,,,,,,,,,,,,,,,,,,,,,,,,,,,,,,,,,,,,,,,,,,,,,,,,,,,,,,,,,,,,,,,,,,,,,,,,,,,,,,,,,,,,,,,,,,,,,,,,,,
"Campaign-Search-Feb 8, 2026 06:59 PM",,,,,,,,,,,Enabled,,Ad Group 5,2,Enabled,,24/7 adiology phone number,broad,Enabled,,,,,,,,,,,,,,,,,,,,,,,,adiology.io,,,,,,,,,,,,,,,,,,,,,,,,,,,,,,,,,,,,,,,,,,,,,,,,,,,,,,,,,,,,,,,,,,,,,,,,,,,,,,,,,,,,,,,,,,,,,,,,,,,,,,,,,,,,,,,,,,,,,,,,,,,,,,,,,,,,,,,,,,,,,,,,,
"Campaign-Search-Feb 8, 2026 06:59 PM",,,,,,,,,,,Enabled,,Ad Group 5,2,Enabled,,trustworthy adiology - google campaign builder,phrase,Enabled,,,,,,,,,,,,,,,,,,,,,,,,adiology.io,,,,,,,,,,,,,,,,,,,,,,,,,,,,,,,,,,,,,,,,,,,,,,,,,,,,,,,,,,,,,,,,,,,,,,,,,,,,,,,,,,,,,,,,,,,,,,,,,,,,,,,,,,,,,,,,,,,,,,,,,,,,,,,,,,,,,,,,,,,,,,,,,
"Campaign-Search-Feb 8, 2026 06:59 PM",,,,,,,,,,,Enabled,,Ad Group 5,2,Enabled,,adiology phone number suburban,exact,Enabled,,,,,,,,,,,,,,,,,,,,,,,,adiology.io,,,,,,,,,,,,,,,,,,,,,,,,,,,,,,,,,,,,,,,,,,,,,,,,,,,,,,,,,,,,,,,,,,,,,,,,,,,,,,,,,,,,,,,,,,,,,,,,,,,,,,,,,,,,,,,,,,,,,,,,,,,,,,,,,,,,,,,,,,,,,,,,,
"Campaign-Search-Feb 8, 2026 06:59 PM",,,,,,,,,,,Enabled,,Ad Group 5,2,Enabled,,value adiology - google campaign builder,exact,Enabled,,,,,,,,,,,,,,,,,,,,,,,,adiology.io,,,,,,,,,,,,,,,,,,,,,,,,,,,,,,,,,,,,,,,,,,,,,,,,,,,,,,,,,,,,,,,,,,,,,,,,,,,,,,,,,,,,,,,,,,,,,,,,,,,,,,,,,,,,,,,,,,,,,,,,,,,,,,,,,,,,,,,,,,,,,,,,,
"Campaign-Search-Feb 8, 2026 06:59 PM",,,,,,,,,,,Enabled,,Ad Group 5,2,Enabled,,adiology - google campaign builder reliable,exact,Enabled,,,,,,,,,,,,,,,,,,,,,,,,adiology.io,,,,,,,,,,,,,,,,,,,,,,,,,,,,,,,,,,,,,,,,,,,,,,,,,,,,,,,,,,,,,,,,,,,,,,,,,,,,,,,,,,,,,,,,,,,,,,,,,,,,,,,,,,,,,,,,,,,,,,,,,,,,,,,,,,,,,,,,,,,,,,,,,
"Campaign-Search-Feb 8, 2026 06:59 PM",,,,,,,,,,,Enabled,,Ad Group 5,2,Enabled,,economical adiology - google campaign builder,exact,Enabled,,,,,,,,,,,,,,,,,,,,,,,,adiology.io,,,,,,,,,,,,,,,,,,,,,,,,,,,,,,,,,,,,,,,,,,,,,,,,,,,,,,,,,,,,,,,,,,,,,,,,,,,,,,,,,,,,,,,,,,,,,,,,,,,,,,,,,,,,,,,,,,,,,,,,,,,,,,,,,,,,,,,,,,,,,,,,,
"Campaign-Search-Feb 8, 2026 06:59 PM",,,,,,,,,,,Enabled,,Ad Group 5,2,Enabled,,trusted adiology phone number,broad,Enabled,,,,,,,,,,,,,,,,,,,,,,,,adiology.io,,,,,,,,,,,,,,,,,,,,,,,,,,,,,,,,,,,,,,,,,,,,,,,,,,,,,,,,,,,,,,,,,,,,,,,,,,,,,,,,,,,,,,,,,,,,,,,,,,,,,,,,,,,,,,,,,,,,,,,,,,,,,,,,,,,,,,,,,,,,,,,,,
"Campaign-Search-Feb 8, 2026 06:59 PM",,,,,,,,,,,Enabled,,Ad Group 5,2,Enabled,,available adiology phone number,exact,Enabled,,,,,,,,,,,,,,,,,,,,,,,,adiology.io,,,,,,,,,,,,,,,,,,,,,,,,,,,,,,,,,,,,,,,,,,,,,,,,,,,,,,,,,,,,,,,,,,,,,,,,,,,,,,,,,,,,,,,,,,,,,,,,,,,,,,,,,,,,,,,,,,,,,,,,,,,,,,,,,,,,,,,,,,,,,,,,,
"Campaign-Search-Feb 8, 2026 06:59 PM",,,,,,,,,,,Enabled,,Ad Group 5,2,Enabled,,independent adiology phone number,phrase,Enabled,,,,,,,,,,,,,,,,,,,,,,,,adiology.io,,,,,,,,,,,,,,,,,,,,,,,,,,,,,,,,,,,,,,,,,,,,,,,,,,,,,,,,,,,,,,,,,,,,,,,,,,,,,,,,,,,,,,,,,,,,,,,,,,,,,,,,,,,,,,,,,,,,,,,,,,,,,,,,,,,,,,,,,,,,,,,,,
"Campaign-Search-Feb 8, 2026 06:59 PM",,,,,,,,,,,Enabled,,Ad Group 5,2,Enabled,,adiology services fast,phrase,Enabled,,,,,,,,,,,,,,,,,,,,,,,,adiology.io,,,,,,,,,,,,,,,,,,,,,,,,,,,,,,,,,,,,,,,,,,,,,,,,,,,,,,,,,,,,,,,,,,,,,,,,,,,,,,,,,,,,,,,,,,,,,,,,,,,,,,,,,,,,,,,,,,,,,,,,,,,,,,,,,,,,,,,,,,,,,,,,,
"Campaign-Search-Feb 8, 2026 06:59 PM",,,,,,,,,,,Enabled,,Ad Group 5,2,Enabled,,emergency adiology phone number,exact,Enabled,,,,,,,,,,,,,,,,,,,,,,,,adiology.io,,,,,,,,,,,,,,,,,,,,,,,,,,,,,,,,,,,,,,,,,,,,,,,,,,,,,,,,,,,,,,,,,,,,,,,,,,,,,,,,,,,,,,,,,,,,,,,,,,,,,,,,,,,,,,,,,,,,,,,,,,,,,,,,,,,,,,,,,,,,,,,,,
"Campaign-Search-Feb 8, 2026 06:59 PM",,,,,,,,,,,Enabled,,Ad Group 5,2,Enabled,,premier adiology - google campaign builder,broad,Enabled,,,,,,,,,,,,,,,,,,,,,,,,adiology.io,,,,,,,,,,,,,,,,,,,,,,,,,,,,,,,,,,,,,,,,,,,,,,,,,,,,,,,,,,,,,,,,,,,,,,,,,,,,,,,,,,,,,,,,,,,,,,,,,,,,,,,,,,,,,,,,,,,,,,,,,,,,,,,,,,,,,,,,,,,,,,,,,
"Campaign-Search-Feb 8, 2026 06:59 PM",,,,,,,,,,,Enabled,,Ad Group 5,2,Enabled,,recommend a adiology phone number,broad,Enabled,,,,,,,,,,,,,,,,,,,,,,,,adiology.io,,,,,,,,,,,,,,,,,,,,,,,,,,,,,,,,,,,,,,,,,,,,,,,,,,,,,,,,,,,,,,,,,,,,,,,,,,,,,,,,,,,,,,,,,,,,,,,,,,,,,,,,,,,,,,,,,,,,,,,,,,,,,,,,,,,,,,,,,,,,,,,,,
"Campaign-Search-Feb 8, 2026 06:59 PM",,,,,,,,,,,Enabled,,Ad Group 5,2,Enabled,,purchase adiology - google campaign builder,exact,Enabled,,,,,,,,,,,,,,,,,,,,,,,,adiology.io,,,,,,,,,,,,,,,,,,,,,,,,,,,,,,,,,,,,,,,,,,,,,,,,,,,,,,,,,,,,,,,,,,,,,,,,,,,,,,,,,,,,,,,,,,,,,,,,,,,,,,,,,,,,,,,,,,,,,,,,,,,,,,,,,,,,,,,,,,,,,,,,,
"Campaign-Search-Feb 8, 2026 06:59 PM",,,,,,,,,,,Enabled,,Ad Group 5,2,Enabled,,adiology phone number in town,phrase,Enabled,,,,,,,,,,,,,,,,,,,,,,,,adiology.io,,,,,,,,,,,,,,,,,,,,,,,,,,,,,,,,,,,,,,,,,,,,,,,,,,,,,,,,,,,,,,,,,,,,,,,,,,,,,,,,,,,,,,,,,,,,,,,,,,,,,,,,,,,,,,,,,,,,,,,,,,,,,,,,,,,,,,,,,,,,,,,,,
"Campaign-Search-Feb 8, 2026 06:59 PM",,,,,,,,,,,Enabled,,Ad Group 5,2,Enabled,,adiology contact start,phrase,Enabled,,,,,,,,,,,,,,,,,,,,,,,,adiology.io,,,,,,,,,,,,,,,,,,,,,,,,,,,,,,,,,,,,,,,,,,,,,,,,,,,,,,,,,,,,,,,,,,,,,,,,,,,,,,,,,,,,,,,,,,,,,,,,,,,,,,,,,,,,,,,,,,,,,,,,,,,,,,,,,,,,,,,,,,,,,,,,,
"Campaign-Search-Feb 8, 2026 06:59 PM",,,,,,,,,,,Enabled,,Ad Group 5,2,Enabled,,expert adiology phone number,phrase,Enabled,,,,,,,,,,,,,,,,,,,,,,,,adiology.io,,,,,,,,,,,,,,,,,,,,,,,,,,,,,,,,,,,,,,,,,,,,,,,,,,,,,,,,,,,,,,,,,,,,,,,,,,,,,,,,,,,,,,,,,,,,,,,,,,,,,,,,,,,,,,,,,,,,,,,,,,,,,,,,,,,,,,,,,,,,,,,,,
"Campaign-Search-Feb 8, 2026 06:59 PM",,,,,,,,,,,Enabled,,Ad Group 5,2,Enabled,,certified adiology phone number local,broad,Enabled,,,,,,,,,,,,,,,,,,,,,,,,adiology.io,,,,,,,,,,,,,,,,,,,,,,,,,,,,,,,,,,,,,,,,,,,,,,,,,,,,,,,,,,,,,,,,,,,,,,,,,,,,,,,,,,,,,,,,,,,,,,,,,,,,,,,,,,,,,,,,,,,,,,,,,,,,,,,,,,,,,,,,,,,,,,,,,
"Campaign-Search-Feb 8, 2026 06:59 PM",,,,,,,,,,,Enabled,,Ad Group 5,2,Enabled,,how to hire adiology phone number,phrase,Enabled,,,,,,,,,,,,,,,,,,,,,,,,adiology.io,,,,,,,,,,,,,,,,,,,,,,,,,,,,,,,,,,,,,,,,,,,,,,,,,,,,,,,,,,,,,,,,,,,,,,,,,,,,,,,,,,,,,,,,,,,,,,,,,,,,,,,,,,,,,,,,,,,,,,,,,,,,,,,,,,,,,,,,,,,,,,,,,
"Campaign-Search-Feb 8, 2026 06:59 PM",,,,,,,,,,,Enabled,,Ad Group 5,2,Enabled,,close adiology phone number,phrase,Enabled,,,,,,,,,,,,,,,,,,,,,,,,adiology.io,,,,,,,,,,,,,,,,,,,,,,,,,,,,,,,,,,,,,,,,,,,,,,,,,,,,,,,,,,,,,,,,,,,,,,,,,,,,,,,,,,,,,,,,,,,,,,,,,,,,,,,,,,,,,,,,,,,,,,,,,,,,,,,,,,,,,,,,,,,,,,,,,
"Campaign-Search-Feb 8, 2026 06:59 PM",,,,,,,,,,,Enabled,,Ad Group 5,2,Enabled,,adiology contact weekend,broad,Enabled,,,,,,,,,,,,,,,,,,,,,,,,adiology.io,,,,,,,,,,,,,,,,,,,,,,,,,,,,,,,,,,,,,,,,,,,,,,,,,,,,,,,,,,,,,,,,,,,,,,,,,,,,,,,,,,,,,,,,,,,,,,,,,,,,,,,,,,,,,,,,,,,,,,,,,,,,,,,,,,,,,,,,,,,,,,,,,
"Campaign-Search-Feb 8, 2026 06:59 PM",,,,,,,,,,,Enabled,,Ad Group 5,2,Enabled,,fast adiology contact,broad,Enabled,,,,,,,,,,,,,,,,,,,,,,,,adiology.io,,,,,,,,,,,,,,,,,,,,,,,,,,,,,,,,,,,,,,,,,,,,,,,,,,,,,,,,,,,,,,,,,,,,,,,,,,,,,,,,,,,,,,,,,,,,,,,,,,,,,,,,,,,,,,,,,,,,,,,,,,,,,,,,,,,,,,,,,,,,,,,,,
"Campaign-Search-Feb 8, 2026 06:59 PM",,,,,,,,,,,Enabled,,Ad Group 5,2,Enabled,,nearest adiology contact,broad,Enabled,,,,,,,,,,,,,,,,,,,,,,,,adiology.io,,,,,,,,,,,,,,,,,,,,,,,,,,,,,,,,,,,,,,,,,,,,,,,,,,,,,,,,,,,,,,,,,,,,,,,,,,,,,,,,,,,,,,,,,,,,,,,,,,,,,,,,,,,,,,,,,,,,,,,,,,,,,,,,,,,,,,,,,,,,,,,,,
"Campaign-Search-Feb 8, 2026 06:59 PM",,,,,,,,,,,Enabled,,Ad Group 5,2,Enabled,,inexpensive adiology - google campaign builder,phrase,Enabled,,,,,,,,,,,,,,,,,,,,,,,,adiology.io,,,,,,,,,,,,,,,,,,,,,,,,,,,,,,,,,,,,,,,,,,,,,,,,,,,,,,,,,,,,,,,,,,,,,,,,,,,,,,,,,,,,,,,,,,,,,,,,,,,,,,,,,,,,,,,,,,,,,,,,,,,,,,,,,,,,,,,,,,,,,,,,,
"Campaign-Search-Feb 8, 2026 06:59 PM",,,,,,,,,,,Enabled,,Ad Group 5,2,Enabled,,adiology - google campaign builder urgent,phrase,Enabled,,,,,,,,,,,,,,,,,,,,,,,,adiology.io,,,,,,,,,,,,,,,,,,,,,,,,,,,,,,,,,,,,,,,,,,,,,,,,,,,,,,,,,,,,,,,,,,,,,,,,,,,,,,,,,,,,,,,,,,,,,,,,,,,,,,,,,,,,,,,,,,,,,,,,,,,,,,,,,,,,,,,,,,,,,,,,,
"Campaign-Search-Feb 8, 2026 06:59 PM",,,,,,,,,,,Enabled,,Ad Group 5,2,Enabled,,adiology - google campaign builder local,broad,Enabled,,,,,,,,,,,,,,,,,,,,,,,,adiology.io,,,,,,,,,,,,,,,,,,,,,,,,,,,,,,,,,,,,,,,,,,,,,,,,,,,,,,,,,,,,,,,,,,,,,,,,,,,,,,,,,,,,,,,,,,,,,,,,,,,,,,,,,,,,,,,,,,,,,,,,,,,,,,,,,,,,,,,,,,,,,,,,,
"Campaign-Search-Feb 8, 2026 06:59 PM",,,,,,,,,,,Enabled,,Ad Group 5,2,Enabled,,call adiology phone number,broad,Enabled,,,,,,,,,,,,,,,,,,,,,,,,adiology.io,,,,,,,,,,,,,,,,,,,,,,,,,,,,,,,,,,,,,,,,,,,,,,,,,,,,,,,,,,,,,,,,,,,,,,,,,,,,,,,,,,,,,,,,,,,,,,,,,,,,,,,,,,,,,,,,,,,,,,,,,,,,,,,,,,,,,,,,,,,,,,,,,
"Campaign-Search-Feb 8, 2026 06:59 PM",,,,,,,,,,,Enabled,,Ad Group 5,2,Enabled,,reasonable adiology phone number,phrase,Enabled,,,,,,,,,,,,,,,,,,,,,,,,adiology.io,,,,,,,,,,,,,,,,,,,,,,,,,,,,,,,,,,,,,,,,,,,,,,,,,,,,,,,,,,,,,,,,,,,,,,,,,,,,,,,,,,,,,,,,,,,,,,,,,,,,,,,,,,,,,,,,,,,,,,,,,,,,,,,,,,,,,,,,,,,,,,,,,
"Campaign-Search-Feb 8, 2026 06:59 PM",,,,,,,,,,,Enabled,,Ad Group 5,2,Enabled,,detailed adiology - google campaign builder,phrase,Enabled,,,,,,,,,,,,,,,,,,,,,,,,adiology.io,,,,,,,,,,,,,,,,,,,,,,,,,,,,,,,,,,,,,,,,,,,,,,,,,,,,,,,,,,,,,,,,,,,,,,,,,,,,,,,,,,,,,,,,,,,,,,,,,,,,,,,,,,,,,,,,,,,,,,,,,,,,,,,,,,,,,,,,,,,,,,,,,
"Campaign-Search-Feb 8, 2026 06:59 PM",,,,,,,,,,,Enabled,,Ad Group 5,2,Enabled,,adiology contact highest rated,broad,Enabled,,,,,,,,,,,,,,,,,,,,,,,,adiology.io,,,,,,,,,,,,,,,,,,,,,,,,,,,,,,,,,,,,,,,,,,,,,,,,,,,,,,,,,,,,,,,,,,,,,,,,,,,,,,,,,,,,,,,,,,,,,,,,,,,,,,,,,,,,,,,,,,,,,,,,,,,,,,,,,,,,,,,,,,,,,,,,,
"Campaign-Search-Feb 8, 2026 06:59 PM",,,,,,,,,,,Enabled,,Ad Group 5,2,Enabled,,adiology phone number fast,phrase,Enabled,,,,,,,,,,,,,,,,,,,,,,,,adiology.io,,,,,,,,,,,,,,,,,,,,,,,,,,,,,,,,,,,,,,,,,,,,,,,,,,,,,,,,,,,,,,,,,,,,,,,,,,,,,,,,,,,,,,,,,,,,,,,,,,,,,,,,,,,,,,,,,,,,,,,,,,,,,,,,,,,,,,,,,,,,,,,,,
"Campaign-Search-Feb 8, 2026 06:59 PM",,,,,,,,,,,Enabled,,Ad Group 5,2,Enabled,,adiology services quick,phrase,Enabled,,,,,,,,,,,,,,,,,,,,,,,,adiology.io,,,,,,,,,,,,,,,,,,,,,,,,,,,,,,,,,,,,,,,,,,,,,,,,,,,,,,,,,,,,,,,,,,,,,,,,,,,,,,,,,,,,,,,,,,,,,,,,,,,,,,,,,,,,,,,,,,,,,,,,,,,,,,,,,,,,,,,,,,,,,,,,,
"Campaign-Search-Feb 8, 2026 06:59 PM",,,,,,,,,,,Enabled,,Ad Group 5,2,Enabled,,adiology phone number licensed,exact,Enabled,,,,,,,,,,,,,,,,,,,,,,,,adiology.io,,,,,,,,,,,,,,,,,,,,,,,,,,,,,,,,,,,,,,,,,,,,,,,,,,,,,,,,,,,,,,,,,,,,,,,,,,,,,,,,,,,,,,,,,,,,,,,,,,,,,,,,,,,,,,,,,,,,,,,,,,,,,,,,,,,,,,,,,,,,,,,,,
"Campaign-Search-Feb 8, 2026 06:59 PM",,,,,,,,,,,Enabled,,Ad Group 5,2,Enabled,,adiology phone number downtown,broad,Enabled,,,,,,,,,,,,,,,,,,,,,,,,adiology.io,,,,,,,,,,,,,,,,,,,,,,,,,,,,,,,,,,,,,,,,,,,,,,,,,,,,,,,,,,,,,,,,,,,,,,,,,,,,,,,,,,,,,,,,,,,,,,,,,,,,,,,,,,,,,,,,,,,,,,,,,,,,,,,,,,,,,,,,,,,,,,,,,
"Campaign-Search-Feb 8, 2026 06:59 PM",,,,,,,,,,,Enabled,,Ad Group 5,2,Enabled,,adiology - google campaign builder expert,broad,Enabled,,,,,,,,,,,,,,,,,,,,,,,,adiology.io,,,,,,,,,,,,,,,,,,,,,,,,,,,,,,,,,,,,,,,,,,,,,,,,,,,,,,,,,,,,,,,,,,,,,,,,,,,,,,,,,,,,,,,,,,,,,,,,,,,,,,,,,,,,,,,,,,,,,,,,,,,,,,,,,,,,,,,,,,,,,,,,,
"Campaign-Search-Feb 8, 2026 06:59 PM",,,,,,,,,,,Enabled,,Ad Group 5,2,Enabled,,adiology - google campaign builder support,phrase,Enabled,,,,,,,,,,,,,,,,,,,,,,,,adiology.io,,,,,,,,,,,,,,,,,,,,,,,,,,,,,,,,,,,,,,,,,,,,,,,,,,,,,,,,,,,,,,,,,,,,,,,,,,,,,,,,,,,,,,,,,,,,,,,,,,,,,,,,,,,,,,,,,,,,,,,,,,,,,,,,,,,,,,,,,,,,,,,,,
"Campaign-Search-Feb 8, 2026 06:59 PM",,,,,,,,,,,Enabled,,Ad Group 5,2,Enabled,,adiology phone number recommended,phrase,Enabled,,,,,,,,,,,,,,,,,,,,,,,,adiology.io,,,,,,,,,,,,,,,,,,,,,,,,,,,,,,,,,,,,,,,,,,,,,,,,,,,,,,,,,,,,,,,,,,,,,,,,,,,,,,,,,,,,,,,,,,,,,,,,,,,,,,,,,,,,,,,,,,,,,,,,,,,,,,,,,,,,,,,,,,,,,,,,,
"Campaign-Search-Feb 8, 2026 06:59 PM",,,,,,,,,,,Enabled,,Ad Group 5,2,Enabled,,express adiology phone number,broad,Enabled,,,,,,,,,,,,,,,,,,,,,,,,adiology.io,,,,,,,,,,,,,,,,,,,,,,,,,,,,,,,,,,,,,,,,,,,,,,,,,,,,,,,,,,,,,,,,,,,,,,,,,,,,,,,,,,,,,,,,,,,,,,,,,,,,,,,,,,,,,,,,,,,,,,,,,,,,,,,,,,,,,,,,,,,,,,,,,
"Campaign-Search-Feb 8, 2026 06:59 PM",,,,,,,,,,,Enabled,,Ad Group 5,2,Enabled,,quick adiology - google campaign builder,phrase,Enabled,,,,,,,,,,,,,,,,,,,,,,,,adiology.io,,,,,,,,,,,,,,,,,,,,,,,,,,,,,,,,,,,,,,,,,,,,,,,,,,,,,,,,,,,,,,,,,,,,,,,,,,,,,,,,,,,,,,,,,,,,,,,,,,,,,,,,,,,,,,,,,,,,,,,,,,,,,,,,,,,,,,,,,,,,,,,,,
"Campaign-Search-Feb 8, 2026 06:59 PM",,,,,,,,,,,Enabled,,Ad Group 5,2,Enabled,,adiology phone number trusted,broad,Enabled,,,,,,,,,,,,,,,,,,,,,,,,adiology.io,,,,,,,,,,,,,,,,,,,,,,,,,,,,,,,,,,,,,,,,,,,,,,,,,,,,,,,,,,,,,,,,,,,,,,,,,,,,,,,,,,,,,,,,,,,,,,,,,,,,,,,,,,,,,,,,,,,,,,,,,,,,,,,,,,,,,,,,,,,,,,,,,
"Campaign-Search-Feb 8, 2026 06:59 PM",,,,,,,,,,,Enabled,,Ad Group 5,2,Enabled,,adiology - google campaign builder reasonable,broad,Enabled,,,,,,,,,,,,,,,,,,,,,,,,adiology.io,,,,,,,,,,,,,,,,,,,,,,,,,,,,,,,,,,,,,,,,,,,,,,,,,,,,,,,,,,,,,,,,,,,,,,,,,,,,,,,,,,,,,,,,,,,,,,,,,,,,,,,,,,,,,,,,,,,,,,,,,,,,,,,,,,,,,,,,,,,,,,,,,
"Campaign-Search-Feb 8, 2026 06:59 PM",,,,,,,,,,,Enabled,,Ad Group 5,2,Enabled,,adiology contact instant,phrase,Enabled,,,,,,,,,,,,,,,,,,,,,,,,adiology.io,,,,,,,,,,,,,,,,,,,,,,,,,,,,,,,,,,,,,,,,,,,,,,,,,,,,,,,,,,,,,,,,,,,,,,,,,,,,,,,,,,,,,,,,,,,,,,,,,,,,,,,,,,,,,,,,,,,,,,,,,,,,,,,,,,,,,,,,,,,,,,,,,
"Campaign-Search-Feb 8, 2026 06:59 PM",,,,,,,,,,,Enabled,,Ad Group 5,2,Enabled,,premium adiology contact,phrase,Enabled,,,,,,,,,,,,,,,,,,,,,,,,adiology.io,,,,,,,,,,,,,,,,,,,,,,,,,,,,,,,,,,,,,,,,,,,,,,,,,,,,,,,,,,,,,,,,,,,,,,,,,,,,,,,,,,,,,,,,,,,,,,,,,,,,,,,,,,,,,,,,,,,,,,,,,,,,,,,,,,,,,,,,,,,,,,,,,
"Campaign-Search-Feb 8, 2026 06:59 PM",,,,,,,,,,,Enabled,,Ad Group 5,2,Enabled,,close adiology - google campaign builder,phrase,Enabled,,,,,,,,,,,,,,,,,,,,,,,,adiology.io,,,,,,,,,,,,,,,,,,,,,,,,,,,,,,,,,,,,,,,,,,,,,,,,,,,,,,,,,,,,,,,,,,,,,,,,,,,,,,,,,,,,,,,,,,,,,,,,,,,,,,,,,,,,,,,,,,,,,,,,,,,,,,,,,,,,,,,,,,,,,,,,,
"Campaign-Search-Feb 8, 2026 06:59 PM",,,,,,,,,,,Enabled,,Ad Group 5,2,Enabled,,adiology phone number in town,exact,Enabled,,,,,,,,,,,,,,,,,,,,,,,,adiology.io,,,,,,,,,,,,,,,,,,,,,,,,,,,,,,,,,,,,,,,,,,,,,,,,,,,,,,,,,,,,,,,,,,,,,,,,,,,,,,,,,,,,,,,,,,,,,,,,,,,,,,,,,,,,,,,,,,,,,,,,,,,,,,,,,,,,,,,,,,,,,,,,,
"Campaign-Search-Feb 8, 2026 06:59 PM",,,,,,,,,,,Enabled,,Ad Group 5,2,Enabled,,adiology services fast,broad,Enabled,,,,,,,,,,,,,,,,,,,,,,,,adiology.io,,,,,,,,,,,,,,,,,,,,,,,,,,,,,,,,,,,,,,,,,,,,,,,,,,,,,,,,,,,,,,,,,,,,,,,,,,,,,,,,,,,,,,,,,,,,,,,,,,,,,,,,,,,,,,,,,,,,,,,,,,,,,,,,,,,,,,,,,,,,,,,,,
"Campaign-Search-Feb 8, 2026 06:59 PM",,,,,,,,,,,Enabled,,Ad Group 6,2,Enabled,,detailed adiology - google campaign builder,exact,Enabled,,,,,,,,,,,,,,,,,,,,,,,,adiology.io,,,,,,,,,,,,,,,,,,,,,,,,,,,,,,,,,,,,,,,,,,,,,,,,,,,,,,,,,,,,,,,,,,,,,,,,,,,,,,,,,,,,,,,,,,,,,,,,,,,,,,,,,,,,,,,,,,,,,,,,,,,,,,,,,,,,,,,,,,,,,,,,,
"Campaign-Search-Feb 8, 2026 06:59 PM",,,,,,,,,,,Enabled,,Ad Group 6,2,Enabled,,adiology services start,phrase,Enabled,,,,,,,,,,,,,,,,,,,,,,,,adiology.io,,,,,,,,,,,,,,,,,,,,,,,,,,,,,,,,,,,,,,,,,,,,,,,,,,,,,,,,,,,,,,,,,,,,,,,,,,,,,,,,,,,,,,,,,,,,,,,,,,,,,,,,,,,,,,,,,,,,,,,,,,,,,,,,,,,,,,,,,,,,,,,,,
"Campaign-Search-Feb 8, 2026 06:59 PM",,,,,,,,,,,Enabled,,Ad Group 6,2,Enabled,,adiology - google campaign builder expert,phrase,Enabled,,,,,,,,,,,,,,,,,,,,,,,,adiology.io,,,,,,,,,,,,,,,,,,,,,,,,,,,,,,,,,,,,,,,,,,,,,,,,,,,,,,,,,,,,,,,,,,,,,,,,,,,,,,,,,,,,,,,,,,,,,,,,,,,,,,,,,,,,,,,,,,,,,,,,,,,,,,,,,,,,,,,,,,,,,,,,,
"Campaign-Search-Feb 8, 2026 06:59 PM",,,,,,,,,,,Enabled,,Ad Group 6,2,Enabled,,adiology - google campaign builder budget,exact,Enabled,,,,,,,,,,,,,,,,,,,,,,,,adiology.io,,,,,,,,,,,,,,,,,,,,,,,,,,,,,,,,,,,,,,,,,,,,,,,,,,,,,,,,,,,,,,,,,,,,,,,,,,,,,,,,,,,,,,,,,,,,,,,,,,,,,,,,,,,,,,,,,,,,,,,,,,,,,,,,,,,,,,,,,,,,,,,,,
"Campaign-Search-Feb 8, 2026 06:59 PM",,,,,,,,,,,Enabled,,Ad Group 6,2,Enabled,,adiology contact now,exact,Enabled,,,,,,,,,,,,,,,,,,,,,,,,adiology.io,,,,,,,,,,,,,,,,,,,,,,,,,,,,,,,,,,,,,,,,,,,,,,,,,,,,,,,,,,,,,,,,,,,,,,,,,,,,,,,,,,,,,,,,,,,,,,,,,,,,,,,,,,,,,,,,,,,,,,,,,,,,,,,,,,,,,,,,,,,,,,,,,
"Campaign-Search-Feb 8, 2026 06:59 PM",,,,,,,,,,,Enabled,,Ad Group 6,2,Enabled,,adiology contact premium,exact,Enabled,,,,,,,,,,,,,,,,,,,,,,,,adiology.io,,,,,,,,,,,,,,,,,,,,,,,,,,,,,,,,,,,,,,,,,,,,,,,,,,,,,,,,,,,,,,,,,,,,,,,,,,,,,,,,,,,,,,,,,,,,,,,,,,,,,,,,,,,,,,,,,,,,,,,,,,,,,,,,,,,,,,,,,,,,,,,,,
"Campaign-Search-Feb 8, 2026 06:59 PM",,,,,,,,,,,Enabled,,Ad Group 6,2,Enabled,,inexpensive adiology phone number,broad,Enabled,,,,,,,,,,,,,,,,,,,,,,,,adiology.io,,,,,,,,,,,,,,,,,,,,,,,,,,,,,,,,,,,,,,,,,,,,,,,,,,,,,,,,,,,,,,,,,,,,,,,,,,,,,,,,,,,,,,,,,,,,,,,,,,,,,,,,,,,,,,,,,,,,,,,,,,,,,,,,,,,,,,,,,,,,,,,,,
"Campaign-Search-Feb 8, 2026 06:59 PM",,,,,,,,,,,Enabled,,Ad Group 6,2,Enabled,,adiology contact reasonable,phrase,Enabled,,,,,,,,,,,,,,,,,,,,,,,,adiology.io,,,,,,,,,,,,,,,,,,,,,,,,,,,,,,,,,,,,,,,,,,,,,,,,,,,,,,,,,,,,,,,,,,,,,,,,,,,,,,,,,,,,,,,,,,,,,,,,,,,,,,,,,,,,,,,,,,,,,,,,,,,,,,,,,,,,,,,,,,,,,,,,,
"Campaign-Search-Feb 8, 2026 06:59 PM",,,,,,,,,,,Enabled,,Ad Group 6,2,Enabled,,nearby adiology contact,exact,Enabled,,,,,,,,,,,,,,,,,,,,,,,,adiology.io,,,,,,,,,,,,,,,,,,,,,,,,,,,,,,,,,,,,,,,,,,,,,,,,,,,,,,,,,,,,,,,,,,,,,,,,,,,,,,,,,,,,,,,,,,,,,,,,,,,,,,,,,,,,,,,,,,,,,,,,,,,,,,,,,,,,,,,,,,,,,,,,,
"Campaign-Search-Feb 8, 2026 06:59 PM",,,,,,,,,,,Enabled,,Ad Group 6,2,Enabled,,adiology phone number local,broad,Enabled,,,,,,,,,,,,,,,,,,,,,,,,adiology.io,,,,,,,,,,,,,,,,,,,,,,,,,,,,,,,,,,,,,,,,,,,,,,,,,,,,,,,,,,,,,,,,,,,,,,,,,,,,,,,,,,,,,,,,,,,,,,,,,,,,,,,,,,,,,,,,,,,,,,,,,,,,,,,,,,,,,,,,,,,,,,,,,
"Campaign-Search-Feb 8, 2026 06:59 PM",,,,,,,,,,,Enabled,,Ad Group 6,2,Enabled,,adiology - google campaign builder luxury,exact,Enabled,,,,,,,,,,,,,,,,,,,,,,,,adiology.io,,,,,,,,,,,,,,,,,,,,,,,,,,,,,,,,,,,,,,,,,,,,,,,,,,,,,,,,,,,,,,,,,,,,,,,,,,,,,,,,,,,,,,,,,,,,,,,,,,,,,,,,,,,,,,,,,,,,,,,,,,,,,,,,,,,,,,,,,,,,,,,,,
"Campaign-Search-Feb 8, 2026 06:59 PM",,,,,,,,,,,Enabled,,Ad Group 6,2,Enabled,,quick adiology - google campaign builder,broad,Enabled,,,,,,,,,,,,,,,,,,,,,,,,adiology.io,,,,,,,,,,,,,,,,,,,,,,,,,,,,,,,,,,,,,,,,,,,,,,,,,,,,,,,,,,,,,,,,,,,,,,,,,,,,,,,,,,,,,,,,,,,,,,,,,,,,,,,,,,,,,,,,,,,,,,,,,,,,,,,,,,,,,,,,,,,,,,,,,
"Campaign-Search-Feb 8, 2026 06:59 PM",,,,,,,,,,,Enabled,,Ad Group 6,2,Enabled,,affordable adiology phone number for home,exact,Enabled,,,,,,,,,,,,,,,,,,,,,,,,adiology.io,,,,,,,,,,,,,,,,,,,,,,,,,,,,,,,,,,,,,,,,,,,,,,,,,,,,,,,,,,,,,,,,,,,,,,,,,,,,,,,,,,,,,,,,,,,,,,,,,,,,,,,,,,,,,,,,,,,,,,,,,,,,,,,,,,,,,,,,,,,,,,,,,
"Campaign-Search-Feb 8, 2026 06:59 PM",,,,,,,,,,,Enabled,,Ad Group 6,2,Enabled,,emergency adiology - google campaign builder,phrase,Enabled,,,,,,,,,,,,,,,,,,,,,,,,adiology.io,,,,,,,,,,,,,,,,,,,,,,,,,,,,,,,,,,,,,,,,,,,,,,,,,,,,,,,,,,,,,,,,,,,,,,,,,,,,,,,,,,,,,,,,,,,,,,,,,,,,,,,,,,,,,,,,,,,,,,,,,,,,,,,,,,,,,,,,,,,,,,,,,
"Campaign-Search-Feb 8, 2026 06:59 PM",,,,,,,,,,,Enabled,,Ad Group 6,2,Enabled,,adiology - google campaign builder professional,exact,Enabled,,,,,,,,,,,,,,,,,,,,,,,,adiology.io,,,,,,,,,,,,,,,,,,,,,,,,,,,,,,,,,,,,,,,,,,,,,,,,,,,,,,,,,,,,,,,,,,,,,,,,,,,,,,,,,,,,,,,,,,,,,,,,,,,,,,,,,,,,,,,,,,,,,,,,,,,,,,,,,,,,,,,,,,,,,,,,,
"Campaign-Search-Feb 8, 2026 06:59 PM",,,,,,,,,,,Enabled,,Ad Group 6,2,Enabled,,adiology phone number companies,exact,Enabled,,,,,,,,,,,,,,,,,,,,,,,,adiology.io,,,,,,,,,,,,,,,,,,,,,,,,,,,,,,,,,,,,,,,,,,,,,,,,,,,,,,,,,,,,,,,,,,,,,,,,,,,,,,,,,,,,,,,,,,,,,,,,,,,,,,,,,,,,,,,,,,,,,,,,,,,,,,,,,,,,,,,,,,,,,,,,,
"Campaign-Search-Feb 8, 2026 06:59 PM",,,,,,,,,,,Enabled,,Ad Group 6,2,Enabled,,purchase adiology phone number,exact,Enabled,,,,,,,,,,,,,,,,,,,,,,,,adiology.io,,,,,,,,,,,,,,,,,,,,,,,,,,,,,,,,,,,,,,,,,,,,,,,,,,,,,,,,,,,,,,,,,,,,,,,,,,,,,,,,,,,,,,,,,,,,,,,,,,,,,,,,,,,,,,,,,,,,,,,,,,,,,,,,,,,,,,,,,,,,,,,,,
"Campaign-Search-Feb 8, 2026 06:59 PM",,,,,,,,,,,Enabled,,Ad Group 6,2,Enabled,,quick adiology contact,broad,Enabled,,,,,,,,,,,,,,,,,,,,,,,,adiology.io,,,,,,,,,,,,,,,,,,,,,,,,,,,,,,,,,,,,,,,,,,,,,,,,,,,,,,,,,,,,,,,,,,,,,,,,,,,,,,,,,,,,,,,,,,,,,,,,,,,,,,,,,,,,,,,,,,,,,,,,,,,,,,,,,,,,,,,,,,,,,,,,,
"Campaign-Search-Feb 8, 2026 06:59 PM",,,,,,,,,,,Enabled,,Ad Group 6,2,Enabled,,adiology - google campaign builder or,phrase,Enabled,,,,,,,,,,,,,,,,,,,,,,,,adiology.io,,,,,,,,,,,,,,,,,,,,,,,,,,,,,,,,,,,,,,,,,,,,,,,,,,,,,,,,,,,,,,,,,,,,,,,,,,,,,,,,,,,,,,,,,,,,,,,,,,,,,,,,,,,,,,,,,,,,,,,,,,,,,,,,,,,,,,,,,,,,,,,,,
"Campaign-Search-Feb 8, 2026 06:59 PM",,,,,,,,,,,Enabled,,Ad Group 6,2,Enabled,,adiology services price,phrase,Enabled,,,,,,,,,,,,,,,,,,,,,,,,adiology.io,,,,,,,,,,,,,,,,,,,,,,,,,,,,,,,,,,,,,,,,,,,,,,,,,,,,,,,,,,,,,,,,,,,,,,,,,,,,,,,,,,,,,,,,,,,,,,,,,,,,,,,,,,,,,,,,,,,,,,,,,,,,,,,,,,,,,,,,,,,,,,,,,
"Campaign-Search-Feb 8, 2026 06:59 PM",,,,,,,,,,,Enabled,,Ad Group 6,2,Enabled,,urgent adiology - google campaign builder,exact,Enabled,,,,,,,,,,,,,,,,,,,,,,,,adiology.io,,,,,,,,,,,,,,,,,,,,,,,,,,,,,,,,,,,,,,,,,,,,,,,,,,,,,,,,,,,,,,,,,,,,,,,,,,,,,,,,,,,,,,,,,,,,,,,,,,,,,,,,,,,,,,,,,,,,,,,,,,,,,,,,,,,,,,,,,,,,,,,,,
"Campaign-Search-Feb 8, 2026 06:59 PM",,,,,,,,,,,Enabled,,Ad Group 6,2,Enabled,,rapid adiology phone number,exact,Enabled,,,,,,,,,,,,,,,,,,,,,,,,adiology.io,,,,,,,,,,,,,,,,,,,,,,,,,,,,,,,,,,,,,,,,,,,,,,,,,,,,,,,,,,,,,,,,,,,,,,,,,,,,,,,,,,,,,,,,,,,,,,,,,,,,,,,,,,,,,,,,,,,,,,,,,,,,,,,,,,,,,,,,,,,,,,,,,
"Campaign-Search-Feb 8, 2026 06:59 PM",,,,,,,,,,,Enabled,,Ad Group 6,2,Enabled,,order a adiology phone number,broad,Enabled,,,,,,,,,,,,,,,,,,,,,,,,adiology.io,,,,,,,,,,,,,,,,,,,,,,,,,,,,,,,,,,,,,,,,,,,,,,,,,,,,,,,,,,,,,,,,,,,,,,,,,,,,,,,,,,,,,,,,,,,,,,,,,,,,,,,,,,,,,,,,,,,,,,,,,,,,,,,,,,,,,,,,,,,,,,,,,
"Campaign-Search-Feb 8, 2026 06:59 PM",,,,,,,,,,,Enabled,,Ad Group 6,2,Enabled,,adiology - google campaign builder companies,exact,Enabled,,,,,,,,,,,,,,,,,,,,,,,,adiology.io,,,,,,,,,,,,,,,,,,,,,,,,,,,,,,,,,,,,,,,,,,,,,,,,,,,,,,,,,,,,,,,,,,,,,,,,,,,,,,,,,,,,,,,,,,,,,,,,,,,,,,,,,,,,,,,,,,,,,,,,,,,,,,,,,,,,,,,,,,,,,,,,,
"Campaign-Search-Feb 8, 2026 06:59 PM",,,,,,,,,,,Enabled,,Ad Group 6,2,Enabled,,adiology - google campaign builder service,exact,Enabled,,,,,,,,,,,,,,,,,,,,,,,,adiology.io,,,,,,,,,,,,,,,,,,,,,,,,,,,,,,,,,,,,,,,,,,,,,,,,,,,,,,,,,,,,,,,,,,,,,,,,,,,,,,,,,,,,,,,,,,,,,,,,,,,,,,,,,,,,,,,,,,,,,,,,,,,,,,,,,,,,,,,,,,,,,,,,,
"Campaign-Search-Feb 8, 2026 06:59 PM",,,,,,,,,,,Enabled,,Ad Group 6,2,Enabled,,adiology - google campaign builder urgent,exact,Enabled,,,,,,,,,,,,,,,,,,,,,,,,adiology.io,,,,,,,,,,,,,,,,,,,,,,,,,,,,,,,,,,,,,,,,,,,,,,,,,,,,,,,,,,,,,,,,,,,,,,,,,,,,,,,,,,,,,,,,,,,,,,,,,,,,,,,,,,,,,,,,,,,,,,,,,,,,,,,,,,,,,,,,,,,,,,,,,
"Campaign-Search-Feb 8, 2026 06:59 PM",,,,,,,,,,,Enabled,,Ad Group 6,2,Enabled,,where to find adiology phone number,broad,Enabled,,,,,,,,,,,,,,,,,,,,,,,,adiology.io,,,,,,,,,,,,,,,,,,,,,,,,,,,,,,,,,,,,,,,,,,,,,,,,,,,,,,,,,,,,,,,,,,,,,,,,,,,,,,,,,,,,,,,,,,,,,,,,,,,,,,,,,,,,,,,,,,,,,,,,,,,,,,,,,,,,,,,,,,,,,,,,,
"Campaign-Search-Feb 8, 2026 06:59 PM",,,,,,,,,,,Enabled,,Ad Group 6,2,Enabled,,adiology services support,broad,Enabled,,,,,,,,,,,,,,,,,,,,,,,,adiology.io,,,,,,,,,,,,,,,,,,,,,,,,,,,,,,,,,,,,,,,,,,,,,,,,,,,,,,,,,,,,,,,,,,,,,,,,,,,,,,,,,,,,,,,,,,,,,,,,,,,,,,,,,,,,,,,,,,,,,,,,,,,,,,,,,,,,,,,,,,,,,,,,,
"Campaign-Search-Feb 8, 2026 06:59 PM",,,,,,,,,,,Enabled,,Ad Group 6,2,Enabled,,adiology services try,exact,Enabled,,,,,,,,,,,,,,,,,,,,,,,,adiology.io,,,,,,,,,,,,,,,,,,,,,,,,,,,,,,,,,,,,,,,,,,,,,,,,,,,,,,,,,,,,,,,,,,,,,,,,,,,,,,,,,,,,,,,,,,,,,,,,,,,,,,,,,,,,,,,,,,,,,,,,,,,,,,,,,,,,,,,,,,,,,,,,,
"Campaign-Search-Feb 8, 2026 06:59 PM",,,,,,,,,,,Enabled,,Ad Group 6,2,Enabled,,adiology contact black owned,phrase,Enabled,,,,,,,,,,,,,,,,,,,,,,,,adiology.io,,,,,,,,,,,,,,,,,,,,,,,,,,,,,,,,,,,,,,,,,,,,,,,,,,,,,,,,,,,,,,,,,,,,,,,,,,,,,,,,,,,,,,,,,,,,,,,,,,,,,,,,,,,,,,,,,,,,,,,,,,,,,,,,,,,,,,,,,,,,,,,,,
"Campaign-Search-Feb 8, 2026 06:59 PM",,,,,,,,,,,Enabled,,Ad Group 6,2,Enabled,,affordable adiology phone number,phrase,Enabled,,,,,,,,,,,,,,,,,,,,,,,,adiology.io,,,,,,,,,,,,,,,,,,,,,,,,,,,,,,,,,,,,,,,,,,,,,,,,,,,,,,,,,,,,,,,,,,,,,,,,,,,,,,,,,,,,,,,,,,,,,,,,,,,,,,,,,,,,,,,,,,,,,,,,,,,,,,,,,,,,,,,,,,,,,,,,,
"Campaign-Search-Feb 8, 2026 06:59 PM",,,,,,,,,,,Enabled,,Ad Group 6,2,Enabled,,hire adiology - google campaign builder,exact,Enabled,,,,,,,,,,,,,,,,,,,,,,,,adiology.io,,,,,,,,,,,,,,,,,,,,,,,,,,,,,,,,,,,,,,,,,,,,,,,,,,,,,,,,,,,,,,,,,,,,,,,,,,,,,,,,,,,,,,,,,,,,,,,,,,,,,,,,,,,,,,,,,,,,,,,,,,,,,,,,,,,,,,,,,,,,,,,,,
"Campaign-Search-Feb 8, 2026 06:59 PM",,,,,,,,,,,Enabled,,Ad Group 6,2,Enabled,,night adiology contact,exact,Enabled,,,,,,,,,,,,,,,,,,,,,,,,adiology.io,,,,,,,,,,,,,,,,,,,,,,,,,,,,,,,,,,,,,,,,,,,,,,,,,,,,,,,,,,,,,,,,,,,,,,,,,,,,,,,,,,,,,,,,,,,,,,,,,,,,,,,,,,,,,,,,,,,,,,,,,,,,,,,,,,,,,,,,,,,,,,,,,
"Campaign-Search-Feb 8, 2026 06:59 PM",,,,,,,,,,,Enabled,,Ad Group 6,2,Enabled,,professional adiology phone number near me,exact,Enabled,,,,,,,,,,,,,,,,,,,,,,,,adiology.io,,,,,,,,,,,,,,,,,,,,,,,,,,,,,,,,,,,,,,,,,,,,,,,,,,,,,,,,,,,,,,,,,,,,,,,,,,,,,,,,,,,,,,,,,,,,,,,,,,,,,,,,,,,,,,,,,,,,,,,,,,,,,,,,,,,,,,,,,,,,,,,,,
"Campaign-Search-Feb 8, 2026 06:59 PM",,,,,,,,,,,Enabled,,Ad Group 6,2,Enabled,,adiology phone number closest,phrase,Enabled,,,,,,,,,,,,,,,,,,,,,,,,adiology.io,,,,,,,,,,,,,,,,,,,,,,,,,,,,,,,,,,,,,,,,,,,,,,,,,,,,,,,,,,,,,,,,,,,,,,,,,,,,,,,,,,,,,,,,,,,,,,,,,,,,,,,,,,,,,,,,,,,,,,,,,,,,,,,,,,,,,,,,,,,,,,,,,
"Campaign-Search-Feb 8, 2026 06:59 PM",,,,,,,,,,,Enabled,,Ad Group 6,2,Enabled,,quality adiology contact,broad,Enabled,,,,,,,,,,,,,,,,,,,,,,,,adiology.io,,,,,,,,,,,,,,,,,,,,,,,,,,,,,,,,,,,,,,,,,,,,,,,,,,,,,,,,,,,,,,,,,,,,,,,,,,,,,,,,,,,,,,,,,,,,,,,,,,,,,,,,,,,,,,,,,,,,,,,,,,,,,,,,,,,,,,,,,,,,,,,,,
"Campaign-Search-Feb 8, 2026 06:59 PM",,,,,,,,,,,Enabled,,Ad Group 6,2,Enabled,,quick adiology phone number,exact,Enabled,,,,,,,,,,,,,,,,,,,,,,,,adiology.io,,,,,,,,,,,,,,,,,,,,,,,,,,,,,,,,,,,,,,,,,,,,,,,,,,,,,,,,,,,,,,,,,,,,,,,,,,,,,,,,,,,,,,,,,,,,,,,,,,,,,,,,,,,,,,,,,,,,,,,,,,,,,,,,,,,,,,,,,,,,,,,,,
"Campaign-Search-Feb 8, 2026 06:59 PM",,,,,,,,,,,Enabled,,Ad Group 6,2,Enabled,,professional adiology phone number for business,broad,Enabled,,,,,,,,,,,,,,,,,,,,,,,,adiology.io,,,,,,,,,,,,,,,,,,,,,,,,,,,,,,,,,,,,,,,,,,,,,,,,,,,,,,,,,,,,,,,,,,,,,,,,,,,,,,,,,,,,,,,,,,,,,,,,,,,,,,,,,,,,,,,,,,,,,,,,,,,,,,,,,,,,,,,,,,,,,,,,,
"Campaign-Search-Feb 8, 2026 06:59 PM",,,,,,,,,,,Enabled,,Ad Group 6,2,Enabled,,adiology - google campaign builder exclusive,broad,Enabled,,,,,,,,,,,,,,,,,,,,,,,,adiology.io,,,,,,,,,,,,,,,,,,,,,,,,,,,,,,,,,,,,,,,,,,,,,,,,,,,,,,,,,,,,,,,,,,,,,,,,,,,,,,,,,,,,,,,,,,,,,,,,,,,,,,,,,,,,,,,,,,,,,,,,,,,,,,,,,,,,,,,,,,,,,,,,,
"Campaign-Search-Feb 8, 2026 06:59 PM",,,,,,,,,,,Enabled,,Ad Group 6,2,Enabled,,licensed adiology phone number,phrase,Enabled,,,,,,,,,,,,,,,,,,,,,,,,adiology.io,,,,,,,,,,,,,,,,,,,,,,,,,,,,,,,,,,,,,,,,,,,,,,,,,,,,,,,,,,,,,,,,,,,,,,,,,,,,,,,,,,,,,,,,,,,,,,,,,,,,,,,,,,,,,,,,,,,,,,,,,,,,,,,,,,,,,,,,,,,,,,,,,
"Campaign-Search-Feb 8, 2026 06:59 PM",,,,,,,,,,,Enabled,,Ad Group 6,2,Enabled,,adiology phone number for business nearby,exact,Enabled,,,,,,,,,,,,,,,,,,,,,,,,adiology.io,,,,,,,,,,,,,,,,,,,,,,,,,,,,,,,,,,,,,,,,,,,,,,,,,,,,,,,,,,,,,,,,,,,,,,,,,,,,,,,,,,,,,,,,,,,,,,,,,,,,,,,,,,,,,,,,,,,,,,,,,,,,,,,,,,,,,,,,,,,,,,,,,
"Campaign-Search-Feb 8, 2026 06:59 PM",,,,,,,,,,,Enabled,,Ad Group 6,2,Enabled,,expert adiology - google campaign builder,phrase,Enabled,,,,,,,,,,,,,,,,,,,,,,,,adiology.io,,,,,,,,,,,,,,,,,,,,,,,,,,,,,,,,,,,,,,,,,,,,,,,,,,,,,,,,,,,,,,,,,,,,,,,,,,,,,,,,,,,,,,,,,,,,,,,,,,,,,,,,,,,,,,,,,,,,,,,,,,,,,,,,,,,,,,,,,,,,,,,,,
"Campaign-Search-Feb 8, 2026 06:59 PM",,,,,,,,,,,Enabled,,Ad Group 6,2,Enabled,,adiology - google campaign builder try,phrase,Enabled,,,,,,,,,,,,,,,,,,,,,,,,adiology.io,,,,,,,,,,,,,,,,,,,,,,,,,,,,,,,,,,,,,,,,,,,,,,,,,,,,,,,,,,,,,,,,,,,,,,,,,,,,,,,,,,,,,,,,,,,,,,,,,,,,,,,,,,,,,,,,,,,,,,,,,,,,,,,,,,,,,,,,,,,,,,,,,
"Campaign-Search-Feb 8, 2026 06:59 PM",,,,,,,,,,,Enabled,,Ad Group 6,2,Enabled,,local adiology phone number,exact,Enabled,,,,,,,,,,,,,,,,,,,,,,,,adiology.io,,,,,,,,,,,,,,,,,,,,,,,,,,,,,,,,,,,,,,,,,,,,,,,,,,,,,,,,,,,,,,,,,,,,,,,,,,,,,,,,,,,,,,,,,,,,,,,,,,,,,,,,,,,,,,,,,,,,,,,,,,,,,,,,,,,,,,,,,,,,,,,,,
"Campaign-Search-Feb 8, 2026 06:59 PM",,,,,,,,,,,Enabled,,Ad Group 6,2,Enabled,,adiology phone number by me,exact,Enabled,,,,,,,,,,,,,,,,,,,,,,,,adiology.io,,,,,,,,,,,,,,,,,,,,,,,,,,,,,,,,,,,,,,,,,,,,,,,,,,,,,,,,,,,,,,,,,,,,,,,,,,,,,,,,,,,,,,,,,,,,,,,,,,,,,,,,,,,,,,,,,,,,,,,,,,,,,,,,,,,,,,,,,,,,,,,,,
"Campaign-Search-Feb 8, 2026 06:59 PM",,,,,,,,,,,Enabled,,Ad Group 6,2,Enabled,,adiology phone number leading,exact,Enabled,,,,,,,,,,,,,,,,,,,,,,,,adiology.io,,,,,,,,,,,,,,,,,,,,,,,,,,,,,,,,,,,,,,,,,,,,,,,,,,,,,,,,,,,,,,,,,,,,,,,,,,,,,,,,,,,,,,,,,,,,,,,,,,,,,,,,,,,,,,,,,,,,,,,,,,,,,,,,,,,,,,,,,,,,,,,,,
"Campaign-Search-Feb 8, 2026 06:59 PM",,,,,,,,,,,Enabled,,Ad Group 6,2,Enabled,,experienced adiology - google campaign builder,broad,Enabled,,,,,,,,,,,,,,,,,,,,,,,,adiology.io,,,,,,,,,,,,,,,,,,,,,,,,,,,,,,,,,,,,,,,,,,,,,,,,,,,,,,,,,,,,,,,,,,,,,,,,,,,,,,,,,,,,,,,,,,,,,,,,,,,,,,,,,,,,,,,,,,,,,,,,,,,,,,,,,,,,,,,,,,,,,,,,,
"Campaign-Search-Feb 8, 2026 06:59 PM",,,,,,,,,,,Enabled,,Ad Group 6,2,Enabled,,adiology phone number leading,phrase,Enabled,,,,,,,,,,,,,,,,,,,,,,,,adiology.io,,,,,,,,,,,,,,,,,,,,,,,,,,,,,,,,,,,,,,,,,,,,,,,,,,,,,,,,,,,,,,,,,,,,,,,,,,,,,,,,,,,,,,,,,,,,,,,,,,,,,,,,,,,,,,,,,,,,,,,,,,,,,,,,,,,,,,,,,,,,,,,,,
"Campaign-Search-Feb 8, 2026 06:59 PM",,,,,,,,,,,Enabled,,Ad Group 6,2,Enabled,,adiology contact weekend,phrase,Enabled,,,,,,,,,,,,,,,,,,,,,,,,adiology.io,,,,,,,,,,,,,,,,,,,,,,,,,,,,,,,,,,,,,,,,,,,,,,,,,,,,,,,,,,,,,,,,,,,,,,,,,,,,,,,,,,,,,,,,,,,,,,,,,,,,,,,,,,,,,,,,,,,,,,,,,,,,,,,,,,,,,,,,,,,,,,,,,
"Campaign-Search-Feb 8, 2026 06:59 PM",,,,,,,,,,,Enabled,,Ad Group 6,2,Enabled,,adiology phone number quality,broad,Enabled,,,,,,,,,,,,,,,,,,,,,,,,adiology.io,,,,,,,,,,,,,,,,,,,,,,,,,,,,,,,,,,,,,,,,,,,,,,,,,,,,,,,,,,,,,,,,,,,,,,,,,,,,,,,,,,,,,,,,,,,,,,,,,,,,,,,,,,,,,,,,,,,,,,,,,,,,,,,,,,,,,,,,,,,,,,,,,
"Campaign-Search-Feb 8, 2026 06:59 PM",,,,,,,,,,,Enabled,,Ad Group 6,2,Enabled,,adiology phone number instant,exact,Enabled,,,,,,,,,,,,,,,,,,,,,,,,adiology.io,,,,,,,,,,,,,,,,,,,,,,,,,,,,,,,,,,,,,,,,,,,,,,,,,,,,,,,,,,,,,,,,,,,,,,,,,,,,,,,,,,,,,,,,,,,,,,,,,,,,,,,,,,,,,,,,,,,,,,,,,,,,,,,,,,,,,,,,,,,,,,,,,
"Campaign-Search-Feb 8, 2026 06:59 PM",,,,,,,,,,,Enabled,,Ad Group 6,2,Enabled,,adiology contact premier,exact,Enabled,,,,,,,,,,,,,,,,,,,,,,,,adiology.io,,,,,,,,,,,,,,,,,,,,,,,,,,,,,,,,,,,,,,,,,,,,,,,,,,,,,,,,,,,,,,,,,,,,,,,,,,,,,,,,,,,,,,,,,,,,,,,,,,,,,,,,,,,,,,,,,,,,,,,,,,,,,,,,,,,,,,,,,,,,,,,,,
"Campaign-Search-Feb 8, 2026 06:59 PM",,,,,,,,,,,Enabled,,Ad Group 6,2,Enabled,,adiology phone number local business,phrase,Enabled,,,,,,,,,,,,,,,,,,,,,,,,adiology.io,,,,,,,,,,,,,,,,,,,,,,,,,,,,,,,,,,,,,,,,,,,,,,,,,,,,,,,,,,,,,,,,,,,,,,,,,,,,,,,,,,,,,,,,,,,,,,,,,,,,,,,,,,,,,,,,,,,,,,,,,,,,,,,,,,,,,,,,,,,,,,,,,
"Campaign-Search-Feb 8, 2026 06:59 PM",,,,,,,,,,,Enabled,,Ad Group 6,2,Enabled,,check adiology - google campaign builder,broad,Enabled,,,,,,,,,,,,,,,,,,,,,,,,adiology.io,,,,,,,,,,,,,,,,,,,,,,,,,,,,,,,,,,,,,,,,,,,,,,,,,,,,,,,,,,,,,,,,,,,,,,,,,,,,,,,,,,,,,,,,,,,,,,,,,,,,,,,,,,,,,,,,,,,,,,,,,,,,,,,,,,,,,,,,,,,,,,,,,
"Campaign-Search-Feb 8, 2026 06:59 PM",,,,,,,,,,,Enabled,,Ad Group 6,2,Enabled,,adiology phone number reasonable,exact,Enabled,,,,,,,,,,,,,,,,,,,,,,,,adiology.io,,,,,,,,,,,,,,,,,,,,,,,,,,,,,,,,,,,,,,,,,,,,,,,,,,,,,,,,,,,,,,,,,,,,,,,,,,,,,,,,,,,,,,,,,,,,,,,,,,,,,,,,,,,,,,,,,,,,,,,,,,,,,,,,,,,,,,,,,,,,,,,,,
"Campaign-Search-Feb 8, 2026 06:59 PM",,,,,,,,,,,Enabled,,Ad Group 6,2,Enabled,,adiology phone number for home nearby,exact,Enabled,,,,,,,,,,,,,,,,,,,,,,,,adiology.io,,,,,,,,,,,,,,,,,,,,,,,,,,,,,,,,,,,,,,,,,,,,,,,,,,,,,,,,,,,,,,,,,,,,,,,,,,,,,,,,,,,,,,,,,,,,,,,,,,,,,,,,,,,,,,,,,,,,,,,,,,,,,,,,,,,,,,,,,,,,,,,,,
"Campaign-Search-Feb 8, 2026 06:59 PM",,,,,,,,,,,Enabled,,Ad Group 6,2,Enabled,,adiology - google campaign builder reasonable,exact,Enabled,,,,,,,,,,,,,,,,,,,,,,,,adiology.io,,,,,,,,,,,,,,,,,,,,,,,,,,,,,,,,,,,,,,,,,,,,,,,,,,,,,,,,,,,,,,,,,,,,,,,,,,,,,,,,,,,,,,,,,,,,,,,,,,,,,,,,,,,,,,,,,,,,,,,,,,,,,,,,,,,,,,,,,,,,,,,,,
"Campaign-Search-Feb 8, 2026 06:59 PM",,,,,,,,,,,Enabled,,Ad Group 6,2,Enabled,,adiology contact same day,phrase,Enabled,,,,,,,,,,,,,,,,,,,,,,,,adiology.io,,,,,,,,,,,,,,,,,,,,,,,,,,,,,,,,,,,,,,,,,,,,,,,,,,,,,,,,,,,,,,,,,,,,,,,,,,,,,,,,,,,,,,,,,,,,,,,,,,,,,,,,,,,,,,,,,,,,,,,,,,,,,,,,,,,,,,,,,,,,,,,,,
"Campaign-Search-Feb 8, 2026 06:59 PM",,,,,,,,,,,Enabled,,Ad Group 6,2,Enabled,,adiology - google campaign builder 24/7,phrase,Enabled,,,,,,,,,,,,,,,,,,,,,,,,adiology.io,,,,,,,,,,,,,,,,,,,,,,,,,,,,,,,,,,,,,,,,,,,,,,,,,,,,,,,,,,,,,,,,,,,,,,,,,,,,,,,,,,,,,,,,,,,,,,,,,,,,,,,,,,,,,,,,,,,,,,,,,,,,,,,,,,,,,,,,,,,,,,,,,
"Campaign-Search-Feb 8, 2026 06:59 PM",,,,,,,,,,,Enabled,,Ad Group 6,2,Enabled,,available adiology - google campaign builder,exact,Enabled,,,,,,,,,,,,,,,,,,,,,,,,adiology.io,,,,,,,,,,,,,,,,,,,,,,,,,,,,,,,,,,,,,,,,,,,,,,,,,,,,,,,,,,,,,,,,,,,,,,,,,,,,,,,,,,,,,,,,,,,,,,,,,,,,,,,,,,,,,,,,,,,,,,,,,,,,,,,,,,,,,,,,,,,,,,,,,
"Campaign-Search-Feb 8, 2026 06:59 PM",,,,,,,,,,,Enabled,,Ad Group 6,2,Enabled,,adiology contact get,phrase,Enabled,,,,,,,,,,,,,,,,,,,,,,,,adiology.io,,,,,,,,,,,,,,,,,,,,,,,,,,,,,,,,,,,,,,,,,,,,,,,,,,,,,,,,,,,,,,,,,,,,,,,,,,,,,,,,,,,,,,,,,,,,,,,,,,,,,,,,,,,,,,,,,,,,,,,,,,,,,,,,,,,,,,,,,,,,,,,,,
"Campaign-Search-Feb 8, 2026 06:59 PM",,,,,,,,,,,Enabled,,Ad Group 6,2,Enabled,,weekend adiology contact,exact,Enabled,,,,,,,,,,,,,,,,,,,,,,,,adiology.io,,,,,,,,,,,,,,,,,,,,,,,,,,,,,,,,,,,,,,,,,,,,,,,,,,,,,,,,,,,,,,,,,,,,,,,,,,,,,,,,,,,,,,,,,,,,,,,,,,,,,,,,,,,,,,,,,,,,,,,,,,,,,,,,,,,,,,,,,,,,,,,,,
"Campaign-Search-Feb 8, 2026 06:59 PM",,,,,,,,,,,Enabled,,Ad Group 6,2,Enabled,,adiology phone number urgent,phrase,Enabled,,,,,,,,,,,,,,,,,,,,,,,,adiology.io,,,,,,,,,,,,,,,,,,,,,,,,,,,,,,,,,,,,,,,,,,,,,,,,,,,,,,,,,,,,,,,,,,,,,,,,,,,,,,,,,,,,,,,,,,,,,,,,,,,,,,,,,,,,,,,,,,,,,,,,,,,,,,,,,,,,,,,,,,,,,,,,,
"Campaign-Search-Feb 8, 2026 06:59 PM",,,,,,,,,,,Enabled,,Ad Group 6,2,Enabled,,where to find adiology phone number,exact,Enabled,,,,,,,,,,,,,,,,,,,,,,,,adiology.io,,,,,,,,,,,,,,,,,,,,,,,,,,,,,,,,,,,,,,,,,,,,,,,,,,,,,,,,,,,,,,,,,,,,,,,,,,,,,,,,,,,,,,,,,,,,,,,,,,,,,,,,,,,,,,,,,,,,,,,,,,,,,,,,,,,,,,,,,,,,,,,,,
"Campaign-Search-Feb 8, 2026 06:59 PM",,,,,,,,,,,Enabled,,Ad Group 6,2,Enabled,,fast adiology contact,phrase,Enabled,,,,,,,,,,,,,,,,,,,,,,,,adiology.io,,,,,,,,,,,,,,,,,,,,,,,,,,,,,,,,,,,,,,,,,,,,,,,,,,,,,,,,,,,,,,,,,,,,,,,,,,,,,,,,,,,,,,,,,,,,,,,,,,,,,,,,,,,,,,,,,,,,,,,,,,,,,,,,,,,,,,,,,,,,,,,,,
"Campaign-Search-Feb 8, 2026 06:59 PM",,,,,,,,,,,Enabled,,Ad Group 6,2,Enabled,,adiology phone number downtown,phrase,Enabled,,,,,,,,,,,,,,,,,,,,,,,,adiology.io,,,,,,,,,,,,,,,,,,,,,,,,,,,,,,,,,,,,,,,,,,,,,,,,,,,,,,,,,,,,,,,,,,,,,,,,,,,,,,,,,,,,,,,,,,,,,,,,,,,,,,,,,,,,,,,,,,,,,,,,,,,,,,,,,,,,,,,,,,,,,,,,,
"Campaign-Search-Feb 8, 2026 06:59 PM",,,,,,,,,,,Enabled,,Ad Group 6,2,Enabled,,fast adiology contact,exact,Enabled,,,,,,,,,,,,,,,,,,,,,,,,adiology.io,,,,,,,,,,,,,,,,,,,,,,,,,,,,,,,,,,,,,,,,,,,,,,,,,,,,,,,,,,,,,,,,,,,,,,,,,,,,,,,,,,,,,,,,,,,,,,,,,,,,,,,,,,,,,,,,,,,,,,,,,,,,,,,,,,,,,,,,,,,,,,,,,
"Campaign-Search-Feb 8, 2026 06:59 PM",,,,,,,,,,,Enabled,,Ad Group 6,2,Enabled,,call a adiology phone number,exact,Enabled,,,,,,,,,,,,,,,,,,,,,,,,adiology.io,,,,,,,,,,,,,,,,,,,,,,,,,,,,,,,,,,,,,,,,,,,,,,,,,,,,,,,,,,,,,,,,,,,,,,,,,,,,,,,,,,,,,,,,,,,,,,,,,,,,,,,,,,,,,,,,,,,,,,,,,,,,,,,,,,,,,,,,,,,,,,,,,
"Campaign-Search-Feb 8, 2026 06:59 PM",,,,,,,,,,,Enabled,,Ad Group 6,2,Enabled,,friendly adiology phone number,phrase,Enabled,,,,,,,,,,,,,,,,,,,,,,,,adiology.io,,,,,,,,,,,,,,,,,,,,,,,,,,,,,,,,,,,,,,,,,,,,,,,,,,,,,,,,,,,,,,,,,,,,,,,,,,,,,,,,,,,,,,,,,,,,,,,,,,,,,,,,,,,,,,,,,,,,,,,,,,,,,,,,,,,,,,,,,,,,,,,,,
"Campaign-Search-Feb 8, 2026 06:59 PM",,,,,,,,,,,Enabled,,Ad Group 6,2,Enabled,,adiology services service,broad,Enabled,,,,,,,,,,,,,,,,,,,,,,,,adiology.io,,,,,,,,,,,,,,,,,,,,,,,,,,,,,,,,,,,,,,,,,,,,,,,,,,,,,,,,,,,,,,,,,,,,,,,,,,,,,,,,,,,,,,,,,,,,,,,,,,,,,,,,,,,,,,,,,,,,,,,,,,,,,,,,,,,,,,,,,,,,,,,,,
"Campaign-Search-Feb 8, 2026 06:59 PM",,,,,,,,,,,Enabled,,Ad Group 6,2,Enabled,,adiology phone number close to me,broad,Enabled,,,,,,,,,,,,,,,,,,,,,,,,adiology.io,,,,,,,,,,,,,,,,,,,,,,,,,,,,,,,,,,,,,,,,,,,,,,,,,,,,,,,,,,,,,,,,,,,,,,,,,,,,,,,,,,,,,,,,,,,,,,,,,,,,,,,,,,,,,,,,,,,,,,,,,,,,,,,,,,,,,,,,,,,,,,,,,
"Campaign-Search-Feb 8, 2026 06:59 PM",,,,,,,,,,,Enabled,,Ad Group 6,2,Enabled,,adiology contact fast,phrase,Enabled,,,,,,,,,,,,,,,,,,,,,,,,adiology.io,,,,,,,,,,,,,,,,,,,,,,,,,,,,,,,,,,,,,,,,,,,,,,,,,,,,,,,,,,,,,,,,,,,,,,,,,,,,,,,,,,,,,,,,,,,,,,,,,,,,,,,,,,,,,,,,,,,,,,,,,,,,,,,,,,,,,,,,,,,,,,,,,
"Campaign-Search-Feb 8, 2026 06:59 PM",,,,,,,,,,,Enabled,,Ad Group 6,2,Enabled,,book adiology - google campaign builder,broad,Enabled,,,,,,,,,,,,,,,,,,,,,,,,adiology.io,,,,,,,,,,,,,,,,,,,,,,,,,,,,,,,,,,,,,,,,,,,,,,,,,,,,,,,,,,,,,,,,,,,,,,,,,,,,,,,,,,,,,,,,,,,,,,,,,,,,,,,,,,,,,,,,,,,,,,,,,,,,,,,,,,,,,,,,,,,,,,,,,
"Campaign-Search-Feb 8, 2026 06:59 PM",,,,,,,,,,,Enabled,,Ad Group 6,2,Enabled,,efficient adiology - google campaign builder,broad,Enabled,,,,,,,,,,,,,,,,,,,,,,,,adiology.io,,,,,,,,,,,,,,,,,,,,,,,,,,,,,,,,,,,,,,,,,,,,,,,,,,,,,,,,,,,,,,,,,,,,,,,,,,,,,,,,,,,,,,,,,,,,,,,,,,,,,,,,,,,,,,,,,,,,,,,,,,,,,,,,,,,,,,,,,,,,,,,,,
"Campaign-Search-Feb 8, 2026 06:59 PM",,,,,,,,,,,Enabled,,Ad Group 6,2,Enabled,,adiology contact support,broad,Enabled,,,,,,,,,,,,,,,,,,,,,,,,adiology.io,,,,,,,,,,,,,,,,,,,,,,,,,,,,,,,,,,,,,,,,,,,,,,,,,,,,,,,,,,,,,,,,,,,,,,,,,,,,,,,,,,,,,,,,,,,,,,,,,,,,,,,,,,,,,,,,,,,,,,,,,,,,,,,,,,,,,,,,,,,,,,,,,
"Campaign-Search-Feb 8, 2026 06:59 PM",,,,,,,,,,,Enabled,,Ad Group 6,2,Enabled,,how to find adiology phone number,exact,Enabled,,,,,,,,,,,,,,,,,,,,,,,,adiology.io,,,,,,,,,,,,,,,,,,,,,,,,,,,,,,,,,,,,,,,,,,,,,,,,,,,,,,,,,,,,,,,,,,,,,,,,,,,,,,,,,,,,,,,,,,,,,,,,,,,,,,,,,,,,,,,,,,,,,,,,,,,,,,,,,,,,,,,,,,,,,,,,,
"Campaign-Search-Feb 8, 2026 06:59 PM",,,,,,,,,,,Enabled,,Ad Group 6,2,Enabled,,local business adiology phone number,broad,Enabled,,,,,,,,,,,,,,,,,,,,,,,,adiology.io,,,,,,,,,,,,,,,,,,,,,,,,,,,,,,,,,,,,,,,,,,,,,,,,,,,,,,,,,,,,,,,,,,,,,,,,,,,,,,,,,,,,,,,,,,,,,,,,,,,,,,,,,,,,,,,,,,,,,,,,,,,,,,,,,,,,,,,,,,,,,,,,,
"Campaign-Search-Feb 8, 2026 06:59 PM",,,,,,,,,,,Enabled,,Ad Group 6,2,Enabled,,adiology - google campaign builder night,broad,Enabled,,,,,,,,,,,,,,,,,,,,,,,,adiology.io,,,,,,,,,,,,,,,,,,,,,,,,,,,,,,,,,,,,,,,,,,,,,,,,,,,,,,,,,,,,,,,,,,,,,,,,,,,,,,,,,,,,,,,,,,,,,,,,,,,,,,,,,,,,,,,,,,,,,,,,,,,,,,,,,,,,,,,,,,,,,,,,,
"Campaign-Search-Feb 8, 2026 06:59 PM",,,,,,,,,,,Enabled,,Ad Group 6,2,Enabled,,adiology phone number top,exact,Enabled,,,,,,,,,,,,,,,,,,,,,,,,adiology.io,,,,,,,,,,,,,,,,,,,,,,,,,,,,,,,,,,,,,,,,,,,,,,,,,,,,,,,,,,,,,,,,,,,,,,,,,,,,,,,,,,,,,,,,,,,,,,,,,,,,,,,,,,,,,,,,,,,,,,,,,,,,,,,,,,,,,,,,,,,,,,,,,
"Campaign-Search-Feb 8, 2026 06:59 PM",,,,,,,,,,,Enabled,,Ad Group 6,2,Enabled,,why hire adiology phone number,phrase,Enabled,,,,,,,,,,,,,,,,,,,,,,,,adiology.io,,,,,,,,,,,,,,,,,,,,,,,,,,,,,,,,,,,,,,,,,,,,,,,,,,,,,,,,,,,,,,,,,,,,,,,,,,,,,,,,,,,,,,,,,,,,,,,,,,,,,,,,,,,,,,,,,,,,,,,,,,,,,,,,,,,,,,,,,,,,,,,,,
"Campaign-Search-Feb 8, 2026 06:59 PM",,,,,,,,,,,Enabled,,Ad Group 6,2,Enabled,,available adiology phone number,phrase,Enabled,,,,,,,,,,,,,,,,,,,,,,,,adiology.io,,,,,,,,,,,,,,,,,,,,,,,,,,,,,,,,,,,,,,,,,,,,,,,,,,,,,,,,,,,,,,,,,,,,,,,,,,,,,,,,,,,,,,,,,,,,,,,,,,,,,,,,,,,,,,,,,,,,,,,,,,,,,,,,,,,,,,,,,,,,,,,,,
"Campaign-Search-Feb 8, 2026 06:59 PM",,,,,,,,,,,Enabled,,Ad Group 6,2,Enabled,,local adiology phone number near me,phrase,Enabled,,,,,,,,,,,,,,,,,,,,,,,,adiology.io,,,,,,,,,,,,,,,,,,,,,,,,,,,,,,,,,,,,,,,,,,,,,,,,,,,,,,,,,,,,,,,,,,,,,,,,,,,,,,,,,,,,,,,,,,,,,,,,,,,,,,,,,,,,,,,,,,,,,,,,,,,,,,,,,,,,,,,,,,,,,,,,,
"Campaign-Search-Feb 8, 2026 06:59 PM",,,,,,,,,,,Enabled,,Ad Group 6,2,Enabled,,adiology services quick,exact,Enabled,,,,,,,,,,,,,,,,,,,,,,,,adiology.io,,,,,,,,,,,,,,,,,,,,,,,,,,,,,,,,,,,,,,,,,,,,,,,,,,,,,,,,,,,,,,,,,,,,,,,,,,,,,,,,,,,,,,,,,,,,,,,,,,,,,,,,,,,,,,,,,,,,,,,,,,,,,,,,,,,,,,,,,,,,,,,,,
"Campaign-Search-Feb 8, 2026 06:59 PM",,,,,,,,,,,Enabled,,Ad Group 6,2,Enabled,,now adiology phone number,broad,Enabled,,,,,,,,,,,,,,,,,,,,,,,,adiology.io,,,,,,,,,,,,,,,,,,,,,,,,,,,,,,,,,,,,,,,,,,,,,,,,,,,,,,,,,,,,,,,,,,,,,,,,,,,,,,,,,,,,,,,,,,,,,,,,,,,,,,,,,,,,,,,,,,,,,,,,,,,,,,,,,,,,,,,,,,,,,,,,,
"Campaign-Search-Feb 8, 2026 06:59 PM",,,,,,,,,,,Enabled,,Ad Group 6,2,Enabled,,adiology phone number urgent,broad,Enabled,,,,,,,,,,,,,,,,,,,,,,,,adiology.io,,,,,,,,,,,,,,,,,,,,,,,,,,,,,,,,,,,,,,,,,,,,,,,,,,,,,,,,,,,,,,,,,,,,,,,,,,,,,,,,,,,,,,,,,,,,,,,,,,,,,,,,,,,,,,,,,,,,,,,,,,,,,,,,,,,,,,,,,,,,,,,,,
"Campaign-Search-Feb 8, 2026 06:59 PM",,,,,,,,,,,Enabled,,Ad Group 6,2,Enabled,,flexible adiology phone number,phrase,Enabled,,,,,,,,,,,,,,,,,,,,,,,,adiology.io,,,,,,,,,,,,,,,,,,,,,,,,,,,,,,,,,,,,,,,,,,,,,,,,,,,,,,,,,,,,,,,,,,,,,,,,,,,,,,,,,,,,,,,,,,,,,,,,,,,,,,,,,,,,,,,,,,,,,,,,,,,,,,,,,,,,,,,,,,,,,,,,,
"Campaign-Search-Feb 8, 2026 06:59 PM",,,,,,,,,,,Enabled,,Ad Group 6,2,Enabled,,adiology phone number,broad,Enabled,,,,,,,,,,,,,,,,,,,,,,,,adiology.io,,,,,,,,,,,,,,,,,,,,,,,,,,,,,,,,,,,,,,,,,,,,,,,,,,,,,,,,,,,,,,,,,,,,,,,,,,,,,,,,,,,,,,,,,,,,,,,,,,,,,,,,,,,,,,,,,,,,,,,,,,,,,,,,,,,,,,,,,,,,,,,,,
"Campaign-Search-Feb 8, 2026 06:59 PM",,,,,,,,,,,Enabled,,Ad Group 6,2,Enabled,,fair adiology - google campaign builder,phrase,Enabled,,,,,,,,,,,,,,,,,,,,,,,,adiology.io,,,,,,,,,,,,,,,,,,,,,,,,,,,,,,,,,,,,,,,,,,,,,,,,,,,,,,,,,,,,,,,,,,,,,,,,,,,,,,,,,,,,,,,,,,,,,,,,,,,,,,,,,,,,,,,,,,,,,,,,,,,,,,,,,,,,,,,,,,,,,,,,,
"Campaign-Search-Feb 8, 2026 06:59 PM",,,,,,,,,,,Enabled,,Ad Group 6,2,Enabled,,premium adiology contact,exact,Enabled,,,,,,,,,,,,,,,,,,,,,,,,adiology.io,,,,,,,,,,,,,,,,,,,,,,,,,,,,,,,,,,,,,,,,,,,,,,,,,,,,,,,,,,,,,,,,,,,,,,,,,,,,,,,,,,,,,,,,,,,,,,,,,,,,,,,,,,,,,,,,,,,,,,,,,,,,,,,,,,,,,,,,,,,,,,,,,
"Campaign-Search-Feb 8, 2026 06:59 PM",,,,,,,,,,,Enabled,,Ad Group 6,2,Enabled,,adiology - google campaign builder premier,exact,Enabled,,,,,,,,,,,,,,,,,,,,,,,,adiology.io,,,,,,,,,,,,,,,,,,,,,,,,,,,,,,,,,,,,,,,,,,,,,,,,,,,,,,,,,,,,,,,,,,,,,,,,,,,,,,,,,,,,,,,,,,,,,,,,,,,,,,,,,,,,,,,,,,,,,,,,,,,,,,,,,,,,,,,,,,,,,,,,,
"Campaign-Search-Feb 8, 2026 06:59 PM",,,,,,,,,,,Enabled,,Ad Group 6,2,Enabled,,adiology phone number reliable,exact,Enabled,,,,,,,,,,,,,,,,,,,,,,,,adiology.io,,,,,,,,,,,,,,,,,,,,,,,,,,,,,,,,,,,,,,,,,,,,,,,,,,,,,,,,,,,,,,,,,,,,,,,,,,,,,,,,,,,,,,,,,,,,,,,,,,,,,,,,,,,,,,,,,,,,,,,,,,,,,,,,,,,,,,,,,,,,,,,,,
"Campaign-Search-Feb 8, 2026 06:59 PM",,,,,,,,,,,Enabled,,Ad Group 6,2,Enabled,,instant adiology contact,exact,Enabled,,,,,,,,,,,,,,,,,,,,,,,,adiology.io,,,,,,,,,,,,,,,,,,,,,,,,,,,,,,,,,,,,,,,,,,,,,,,,,,,,,,,,,,,,,,,,,,,,,,,,,,,,,,,,,,,,,,,,,,,,,,,,,,,,,,,,,,,,,,,,,,,,,,,,,,,,,,,,,,,,,,,,,,,,,,,,,
"Campaign-Search-Feb 8, 2026 06:59 PM",,,,,,,,,,,Enabled,,Ad Group 6,2,Enabled,,adiology contact morning,broad,Enabled,,,,,,,,,,,,,,,,,,,,,,,,adiology.io,,,,,,,,,,,,,,,,,,,,,,,,,,,,,,,,,,,,,,,,,,,,,,,,,,,,,,,,,,,,,,,,,,,,,,,,,,,,,,,,,,,,,,,,,,,,,,,,,,,,,,,,,,,,,,,,,,,,,,,,,,,,,,,,,,,,,,,,,,,,,,,,,
"Campaign-Search-Feb 8, 2026 06:59 PM",,,,,,,,,,,Enabled,,Ad Group 6,2,Enabled,,quality adiology contact,phrase,Enabled,,,,,,,,,,,,,,,,,,,,,,,,adiology.io,,,,,,,,,,,,,,,,,,,,,,,,,,,,,,,,,,,,,,,,,,,,,,,,,,,,,,,,,,,,,,,,,,,,,,,,,,,,,,,,,,,,,,,,,,,,,,,,,,,,,,,,,,,,,,,,,,,,,,,,,,,,,,,,,,,,,,,,,,,,,,,,,
"Campaign-Search-Feb 8, 2026 06:59 PM",,,,,,,,,,,Enabled,,Ad Group 6,2,Enabled,,get a adiology phone number,phrase,Enabled,,,,,,,,,,,,,,,,,,,,,,,,adiology.io,,,,,,,,,,,,,,,,,,,,,,,,,,,,,,,,,,,,,,,,,,,,,,,,,,,,,,,,,,,,,,,,,,,,,,,,,,,,,,,,,,,,,,,,,,,,,,,,,,,,,,,,,,,,,,,,,,,,,,,,,,,,,,,,,,,,,,,,,,,,,,,,,
"Campaign-Search-Feb 8, 2026 06:59 PM",,,,,,,,,,,Enabled,,Ad Group 6,2,Enabled,,express adiology - google campaign builder,exact,Enabled,,,,,,,,,,,,,,,,,,,,,,,,adiology.io,,,,,,,,,,,,,,,,,,,,,,,,,,,,,,,,,,,,,,,,,,,,,,,,,,,,,,,,,,,,,,,,,,,,,,,,,,,,,,,,,,,,,,,,,,,,,,,,,,,,,,,,,,,,,,,,,,,,,,,,,,,,,,,,,,,,,,,,,,,,,,,,,
"Campaign-Search-Feb 8, 2026 06:59 PM",,,,,,,,,,,Enabled,,Ad Group 6,2,Enabled,,professional adiology phone number nearby,phrase,Enabled,,,,,,,,,,,,,,,,,,,,,,,,adiology.io,,,,,,,,,,,,,,,,,,,,,,,,,,,,,,,,,,,,,,,,,,,,,,,,,,,,,,,,,,,,,,,,,,,,,,,,,,,,,,,,,,,,,,,,,,,,,,,,,,,,,,,,,,,,,,,,,,,,,,,,,,,,,,,,,,,,,,,,,,,,,,,,,
"Campaign-Search-Feb 8, 2026 06:59 PM",,,,,,,,,,,Enabled,,Ad Group 6,2,Enabled,,upfront adiology phone number,exact,Enabled,,,,,,,,,,,,,,,,,,,,,,,,adiology.io,,,,,,,,,,,,,,,,,,,,,,,,,,,,,,,,,,,,,,,,,,,,,,,,,,,,,,,,,,,,,,,,,,,,,,,,,,,,,,,,,,,,,,,,,,,,,,,,,,,,,,,,,,,,,,,,,,,,,,,,,,,,,,,,,,,,,,,,,,,,,,,,,
"Campaign-Search-Feb 8, 2026 06:59 PM",,,,,,,,,,,Enabled,,Ad Group 6,2,Enabled,,order adiology phone number,broad,Enabled,,,,,,,,,,,,,,,,,,,,,,,,adiology.io,,,,,,,,,,,,,,,,,,,,,,,,,,,,,,,,,,,,,,,,,,,,,,,,,,,,,,,,,,,,,,,,,,,,,,,,,,,,,,,,,,,,,,,,,,,,,,,,,,,,,,,,,,,,,,,,,,,,,,,,,,,,,,,,,,,,,,,,,,,,,,,,,
"Campaign-Search-Feb 8, 2026 06:59 PM",,,,,,,,,,,Enabled,,Ad Group 6,2,Enabled,,adiology contact immediate,exact,Enabled,,,,,,,,,,,,,,,,,,,,,,,,adiology.io,,,,,,,,,,,,,,,,,,,,,,,,,,,,,,,,,,,,,,,,,,,,,,,,,,,,,,,,,,,,,,,,,,,,,,,,,,,,,,,,,,,,,,,,,,,,,,,,,,,,,,,,,,,,,,,,,,,,,,,,,,,,,,,,,,,,,,,,,,,,,,,,,
"Campaign-Search-Feb 8, 2026 06:59 PM",,,,,,,,,,,Enabled,,Ad Group 6,2,Enabled,,adiology services online,phrase,Enabled,,,,,,,,,,,,,,,,,,,,,,,,adiology.io,,,,,,,,,,,,,,,,,,,,,,,,,,,,,,,,,,,,,,,,,,,,,,,,,,,,,,,,,,,,,,,,,,,,,,,,,,,,,,,,,,,,,,,,,,,,,,,,,,,,,,,,,,,,,,,,,,,,,,,,,,,,,,,,,,,,,,,,,,,,,,,,,
"Campaign-Search-Feb 8, 2026 06:59 PM",,,,,,,,,,,Enabled,,Ad Group 6,2,Enabled,,today adiology phone number,phrase,Enabled,,,,,,,,,,,,,,,,,,,,,,,,adiology.io,,,,,,,,,,,,,,,,,,,,,,,,,,,,,,,,,,,,,,,,,,,,,,,,,,,,,,,,,,,,,,,,,,,,,,,,,,,,,,,,,,,,,,,,,,,,,,,,,,,,,,,,,,,,,,,,,,,,,,,,,,,,,,,,,,,,,,,,,,,,,,,,,
"Campaign-Search-Feb 8, 2026 06:59 PM",,,,,,,,,,,Enabled,,Ad Group 6,2,Enabled,,dependable adiology phone number,broad,Enabled,,,,,,,,,,,,,,,,,,,,,,,,adiology.io,,,,,,,,,,,,,,,,,,,,,,,,,,,,,,,,,,,,,,,,,,,,,,,,,,,,,,,,,,,,,,,,,,,,,,,,,,,,,,,,,,,,,,,,,,,,,,,,,,,,,,,,,,,,,,,,,,,,,,,,,,,,,,,,,,,,,,,,,,,,,,,,,
"Campaign-Search-Feb 8, 2026 06:59 PM",,,,,,,,,,,Enabled,,Ad Group 6,2,Enabled,,how to hire adiology phone number,exact,Enabled,,,,,,,,,,,,,,,,,,,,,,,,adiology.io,,,,,,,,,,,,,,,,,,,,,,,,,,,,,,,,,,,,,,,,,,,,,,,,,,,,,,,,,,,,,,,,,,,,,,,,,,,,,,,,,,,,,,,,,,,,,,,,,,,,,,,,,,,,,,,,,,,,,,,,,,,,,,,,,,,,,,,,,,,,,,,,,
"Campaign-Search-Feb 8, 2026 06:59 PM",,,,,,,,,,,Enabled,,Ad Group 6,2,Enabled,,flexible adiology - google campaign builder,broad,Enabled,,,,,,,,,,,,,,,,,,,,,,,,adiology.io,,,,,,,,,,,,,,,,,,,,,,,,,,,,,,,,,,,,,,,,,,,,,,,,,,,,,,,,,,,,,,,,,,,,,,,,,,,,,,,,,,,,,,,,,,,,,,,,,,,,,,,,,,,,,,,,,,,,,,,,,,,,,,,,,,,,,,,,,,,,,,,,,
"Campaign-Search-Feb 8, 2026 06:59 PM",,,,,,,,,,,Enabled,,Ad Group 6,2,Enabled,,searching for adiology phone number,exact,Enabled,,,,,,,,,,,,,,,,,,,,,,,,adiology.io,,,,,,,,,,,,,,,,,,,,,,,,,,,,,,,,,,,,,,,,,,,,,,,,,,,,,,,,,,,,,,,,,,,,,,,,,,,,,,,,,,,,,,,,,,,,,,,,,,,,,,,,,,,,,,,,,,,,,,,,,,,,,,,,,,,,,,,,,,,,,,,,,
"Campaign-Search-Feb 8, 2026 06:59 PM",,,,,,,,,,,Enabled,,Ad Group 6,2,Enabled,,high end adiology phone number,exact,Enabled,,,,,,,,,,,,,,,,,,,,,,,,adiology.io,,,,,,,,,,,,,,,,,,,,,,,,,,,,,,,,,,,,,,,,,,,,,,,,,,,,,,,,,,,,,,,,,,,,,,,,,,,,,,,,,,,,,,,,,,,,,,,,,,,,,,,,,,,,,,,,,,,,,,,,,,,,,,,,,,,,,,,,,,,,,,,,,
"Campaign-Search-Feb 8, 2026 06:59 PM",,,,,,,,,,,Enabled,,Ad Group 6,2,Enabled,,searching for adiology phone number,phrase,Enabled,,,,,,,,,,,,,,,,,,,,,,,,adiology.io,,,,,,,,,,,,,,,,,,,,,,,,,,,,,,,,,,,,,,,,,,,,,,,,,,,,,,,,,,,,,,,,,,,,,,,,,,,,,,,,,,,,,,,,,,,,,,,,,,,,,,,,,,,,,,,,,,,,,,,,,,,,,,,,,,,,,,,,,,,,,,,,,
"Campaign-Search-Feb 8, 2026 06:59 PM",,,,,,,,,,,Enabled,,Ad Group 6,2,Enabled,,adiology phone number for small business,phrase,Enabled,,,,,,,,,,,,,,,,,,,,,,,,adiology.io,,,,,,,,,,,,,,,,,,,,,,,,,,,,,,,,,,,,,,,,,,,,,,,,,,,,,,,,,,,,,,,,,,,,,,,,,,,,,,,,,,,,,,,,,,,,,,,,,,,,,,,,,,,,,,,,,,,,,,,,,,,,,,,,,,,,,,,,,,,,,,,,,
"Campaign-Search-Feb 8, 2026 06:59 PM",,,,,,,,,,,Enabled,,Ad Group 6,2,Enabled,,purchase adiology phone number,phrase,Enabled,,,,,,,,,,,,,,,,,,,,,,,,adiology.io,,,,,,,,,,,,,,,,,,,,,,,,,,,,,,,,,,,,,,,,,,,,,,,,,,,,,,,,,,,,,,,,,,,,,,,,,,,,,,,,,,,,,,,,,,,,,,,,,,,,,,,,,,,,,,,,,,,,,,,,,,,,,,,,,,,,,,,,,,,,,,,,,
"Campaign-Search-Feb 8, 2026 06:59 PM",,,,,,,,,,,Enabled,,Ad Group 6,2,Enabled,,adiology phone number now,exact,Enabled,,,,,,,,,,,,,,,,,,,,,,,,adiology.io,,,,,,,,,,,,,,,,,,,,,,,,,,,,,,,,,,,,,,,,,,,,,,,,,,,,,,,,,,,,,,,,,,,,,,,,,,,,,,,,,,,,,,,,,,,,,,,,,,,,,,,,,,,,,,,,,,,,,,,,,,,,,,,,,,,,,,,,,,,,,,,,,
"Campaign-Search-Feb 8, 2026 06:59 PM",,,,,,,,,,,Enabled,,Ad Group 6,2,Enabled,,affordable adiology phone number nearby,phrase,Enabled,,,,,,,,,,,,,,,,,,,,,,,,adiology.io,,,,,,,,,,,,,,,,,,,,,,,,,,,,,,,,,,,,,,,,,,,,,,,,,,,,,,,,,,,,,,,,,,,,,,,,,,,,,,,,,,,,,,,,,,,,,,,,,,,,,,,,,,,,,,,,,,,,,,,,,,,,,,,,,,,,,,,,,,,,,,,,,
"Campaign-Search-Feb 8, 2026 06:59 PM",,,,,,,,,,,Enabled,,Ad Group 6,2,Enabled,,local adiology phone number,broad,Enabled,,,,,,,,,,,,,,,,,,,,,,,,adiology.io,,,,,,,,,,,,,,,,,,,,,,,,,,,,,,,,,,,,,,,,,,,,,,,,,,,,,,,,,,,,,,,,,,,,,,,,,,,,,,,,,,,,,,,,,,,,,,,,,,,,,,,,,,,,,,,,,,,,,,,,,,,,,,,,,,,,,,,,,,,,,,,,,
"Campaign-Search-Feb 8, 2026 06:59 PM",,,,,,,,,,,Enabled,,Ad Group 6,2,Enabled,,adiology phone number certified,phrase,Enabled,,,,,,,,,,,,,,,,,,,,,,,,adiology.io,,,,,,,,,,,,,,,,,,,,,,,,,,,,,,,,,,,,,,,,,,,,,,,,,,,,,,,,,,,,,,,,,,,,,,,,,,,,,,,,,,,,,,,,,,,,,,,,,,,,,,,,,,,,,,,,,,,,,,,,,,,,,,,,,,,,,,,,,,,,,,,,,
"Campaign-Search-Feb 8, 2026 06:59 PM",,,,,,,,,,,Enabled,,Ad Group 6,2,Enabled,,adiology - google campaign builder premium,broad,Enabled,,,,,,,,,,,,,,,,,,,,,,,,adiology.io,,,,,,,,,,,,,,,,,,,,,,,,,,,,,,,,,,,,,,,,,,,,,,,,,,,,,,,,,,,,,,,,,,,,,,,,,,,,,,,,,,,,,,,,,,,,,,,,,,,,,,,,,,,,,,,,,,,,,,,,,,,,,,,,,,,,,,,,,,,,,,,,,
"Campaign-Search-Feb 8, 2026 06:59 PM",,,,,,,,,,,Enabled,,Ad Group 6,2,Enabled,,immediate adiology - google campaign builder,phrase,Enabled,,,,,,,,,,,,,,,,,,,,,,,,adiology.io,,,,,,,,,,,,,,,,,,,,,,,,,,,,,,,,,,,,,,,,,,,,,,,,,,,,,,,,,,,,,,,,,,,,,,,,,,,,,,,,,,,,,,,,,,,,,,,,,,,,,,,,,,,,,,,,,,,,,,,,,,,,,,,,,,,,,,,,,,,,,,,,,
"Campaign-Search-Feb 8, 2026 06:59 PM",,,,,,,,,,,Enabled,,Ad Group 6,2,Enabled,,affordable adiology phone number nearby,exact,Enabled,,,,,,,,,,,,,,,,,,,,,,,,adiology.io,,,,,,,,,,,,,,,,,,,,,,,,,,,,,,,,,,,,,,,,,,,,,,,,,,,,,,,,,,,,,,,,,,,,,,,,,,,,,,,,,,,,,,,,,,,,,,,,,,,,,,,,,,,,,,,,,,,,,,,,,,,,,,,,,,,,,,,,,,,,,,,,,
"Campaign-Search-Feb 8, 2026 06:59 PM",,,,,,,,,,,Enabled,,Ad Group 6,2,Enabled,,adiology - google campaign builder leading,phrase,Enabled,,,,,,,,,,,,,,,,,,,,,,,,adiology.io,,,,,,,,,,,,,,,,,,,,,,,,,,,,,,,,,,,,,,,,,,,,,,,,,,,,,,,,,,,,,,,,,,,,,,,,,,,,,,,,,,,,,,,,,,,,,,,,,,,,,,,,,,,,,,,,,,,,,,,,,,,,,,,,,,,,,,,,,,,,,,,,,
"Campaign-Search-Feb 8, 2026 06:59 PM",,,,,,,,,,,Enabled,,Ad Group 6,2,Enabled,,adiology contact economical,exact,Enabled,,,,,,,,,,,,,,,,,,,,,,,,adiology.io,,,,,,,,,,,,,,,,,,,,,,,,,,,,,,,,,,,,,,,,,,,,,,,,,,,,,,,,,,,,,,,,,,,,,,,,,,,,,,,,,,,,,,,,,,,,,,,,,,,,,,,,,,,,,,,,,,,,,,,,,,,,,,,,,,,,,,,,,,,,,,,,,
"Campaign-Search-Feb 8, 2026 06:59 PM",,,,,,,,,,,Enabled,,Ad Group 6,2,Enabled,,morning adiology contact,broad,Enabled,,,,,,,,,,,,,,,,,,,,,,,,adiology.io,,,,,,,,,,,,,,,,,,,,,,,,,,,,,,,,,,,,,,,,,,,,,,,,,,,,,,,,,,,,,,,,,,,,,,,,,,,,,,,,,,,,,,,,,,,,,,,,,,,,,,,,,,,,,,,,,,,,,,,,,,,,,,,,,,,,,,,,,,,,,,,,,
"Campaign-Search-Feb 8, 2026 06:59 PM",,,,,,,,,,,Enabled,,Ad Group 6,2,Enabled,,adiology phone number residential,broad,Enabled,,,,,,,,,,,,,,,,,,,,,,,,adiology.io,,,,,,,,,,,,,,,,,,,,,,,,,,,,,,,,,,,,,,,,,,,,,,,,,,,,,,,,,,,,,,,,,,,,,,,,,,,,,,,,,,,,,,,,,,,,,,,,,,,,,,,,,,,,,,,,,,,,,,,,,,,,,,,,,,,,,,,,,,,,,,,,,
"Campaign-Search-Feb 8, 2026 06:59 PM",,,,,,,,,,,Enabled,,Ad Group 6,2,Enabled,,adiology phone number quick,broad,Enabled,,,,,,,,,,,,,,,,,,,,,,,,adiology.io,,,,,,,,,,,,,,,,,,,,,,,,,,,,,,,,,,,,,,,,,,,,,,,,,,,,,,,,,,,,,,,,,,,,,,,,,,,,,,,,,,,,,,,,,,,,,,,,,,,,,,,,,,,,,,,,,,,,,,,,,,,,,,,,,,,,,,,,,,,,,,,,,
"Campaign-Search-Feb 8, 2026 06:59 PM",,,,,,,,,,,Enabled,,Ad Group 6,2,Enabled,,adiology phone number within me,broad,Enabled,,,,,,,,,,,,,,,,,,,,,,,,adiology.io,,,,,,,,,,,,,,,,,,,,,,,,,,,,,,,,,,,,,,,,,,,,,,,,,,,,,,,,,,,,,,,,,,,,,,,,,,,,,,,,,,,,,,,,,,,,,,,,,,,,,,,,,,,,,,,,,,,,,,,,,,,,,,,,,,,,,,,,,,,,,,,,,
"Campaign-Search-Feb 8, 2026 06:59 PM",,,,,,,,,,,Enabled,,Ad Group 6,2,Enabled,,how to find adiology phone number,phrase,Enabled,,,,,,,,,,,,,,,,,,,,,,,,adiology.io,,,,,,,,,,,,,,,,,,,,,,,,,,,,,,,,,,,,,,,,,,,,,,,,,,,,,,,,,,,,,,,,,,,,,,,,,,,,,,,,,,,,,,,,,,,,,,,,,,,,,,,,,,,,,,,,,,,,,,,,,,,,,,,,,,,,,,,,,,,,,,,,,
"Campaign-Search-Feb 8, 2026 06:59 PM",,,,,,,,,,,Enabled,,Ad Group 6,2,Enabled,,adiology contact professional,phrase,Enabled,,,,,,,,,,,,,,,,,,,,,,,,adiology.io,,,,,,,,,,,,,,,,,,,,,,,,,,,,,,,,,,,,,,,,,,,,,,,,,,,,,,,,,,,,,,,,,,,,,,,,,,,,,,,,,,,,,,,,,,,,,,,,,,,,,,,,,,,,,,,,,,,,,,,,,,,,,,,,,,,,,,,,,,,,,,,,,
"Campaign-Search-Feb 8, 2026 06:59 PM",,,,,,,,,,,Enabled,,Ad Group 6,2,Enabled,,adiology - google campaign builder nearest,exact,Enabled,,,,,,,,,,,,,,,,,,,,,,,,adiology.io,,,,,,,,,,,,,,,,,,,,,,,,,,,,,,,,,,,,,,,,,,,,,,,,,,,,,,,,,,,,,,,,,,,,,,,,,,,,,,,,,,,,,,,,,,,,,,,,,,,,,,,,,,,,,,,,,,,,,,,,,,,,,,,,,,,,,,,,,,,,,,,,,
"Campaign-Search-Feb 8, 2026 06:59 PM",,,,,,,,,,,Enabled,,Ad Group 6,2,Enabled,,choose a adiology phone number,phrase,Enabled,,,,,,,,,,,,,,,,,,,,,,,,adiology.io,,,,,,,,,,,,,,,,,,,,,,,,,,,,,,,,,,,,,,,,,,,,,,,,,,,,,,,,,,,,,,,,,,,,,,,,,,,,,,,,,,,,,,,,,,,,,,,,,,,,,,,,,,,,,,,,,,,,,,,,,,,,,,,,,,,,,,,,,,,,,,,,,
"Campaign-Search-Feb 8, 2026 06:59 PM",,,,,,,,,,,Enabled,,Ad Group 6,2,Enabled,,adiology contact 24 hour,phrase,Enabled,,,,,,,,,,,,,,,,,,,,,,,,adiology.io,,,,,,,,,,,,,,,,,,,,,,,,,,,,,,,,,,,,,,,,,,,,,,,,,,,,,,,,,,,,,,,,,,,,,,,,,,,,,,,,,,,,,,,,,,,,,,,,,,,,,,,,,,,,,,,,,,,,,,,,,,,,,,,,,,,,,,,,,,,,,,,,,
"Campaign-Search-Feb 8, 2026 06:59 PM",,,,,,,,,,,Enabled,,Ad Group 6,2,Enabled,,economical adiology contact,exact,Enabled,,,,,,,,,,,,,,,,,,,,,,,,adiology.io,,,,,,,,,,,,,,,,,,,,,,,,,,,,,,,,,,,,,,,,,,,,,,,,,,,,,,,,,,,,,,,,,,,,,,,,,,,,,,,,,,,,,,,,,,,,,,,,,,,,,,,,,,,,,,,,,,,,,,,,,,,,,,,,,,,,,,,,,,,,,,,,,
"Campaign-Search-Feb 8, 2026 06:59 PM",,,,,,,,,,,Enabled,,Ad Group 6,2,Enabled,,buy adiology services,broad,Enabled,,,,,,,,,,,,,,,,,,,,,,,,adiology.io,,,,,,,,,,,,,,,,,,,,,,,,,,,,,,,,,,,,,,,,,,,,,,,,,,,,,,,,,,,,,,,,,,,,,,,,,,,,,,,,,,,,,,,,,,,,,,,,,,,,,,,,,,,,,,,,,,,,,,,,,,,,,,,,,,,,,,,,,,,,,,,,,
"Campaign-Search-Feb 8, 2026 06:59 PM",,,,,,,,,,,Enabled,,Ad Group 6,2,Enabled,,adiology - google campaign builder quality,broad,Enabled,,,,,,,,,,,,,,,,,,,,,,,,adiology.io,,,,,,,,,,,,,,,,,,,,,,,,,,,,,,,,,,,,,,,,,,,,,,,,,,,,,,,,,,,,,,,,,,,,,,,,,,,,,,,,,,,,,,,,,,,,,,,,,,,,,,,,,,,,,,,,,,,,,,,,,,,,,,,,,,,,,,,,,,,,,,,,,
"Campaign-Search-Feb 8, 2026 06:59 PM",,,,,,,,,,,Enabled,,Ad Group 6,2,Enabled,,family owned adiology phone number,phrase,Enabled,,,,,,,,,,,,,,,,,,,,,,,,adiology.io,,,,,,,,,,,,,,,,,,,,,,,,,,,,,,,,,,,,,,,,,,,,,,,,,,,,,,,,,,,,,,,,,,,,,,,,,,,,,,,,,,,,,,,,,,,,,,,,,,,,,,,,,,,,,,,,,,,,,,,,,,,,,,,,,,,,,,,,,,,,,,,,,
"Campaign-Search-Feb 8, 2026 06:59 PM",,,,,,,,,,,Enabled,,Ad Group 6,2,Enabled,,how to find adiology phone number,broad,Enabled,,,,,,,,,,,,,,,,,,,,,,,,adiology.io,,,,,,,,,,,,,,,,,,,,,,,,,,,,,,,,,,,,,,,,,,,,,,,,,,,,,,,,,,,,,,,,,,,,,,,,,,,,,,,,,,,,,,,,,,,,,,,,,,,,,,,,,,,,,,,,,,,,,,,,,,,,,,,,,,,,,,,,,,,,,,,,,
"Campaign-Search-Feb 8, 2026 06:59 PM",,,,,,,,,,,Enabled,,Ad Group 6,2,Enabled,,need a adiology phone number,broad,Enabled,,,,,,,,,,,,,,,,,,,,,,,,adiology.io,,,,,,,,,,,,,,,,,,,,,,,,,,,,,,,,,,,,,,,,,,,,,,,,,,,,,,,,,,,,,,,,,,,,,,,,,,,,,,,,,,,,,,,,,,,,,,,,,,,,,,,,,,,,,,,,,,,,,,,,,,,,,,,,,,,,,,,,,,,,,,,,,
"Campaign-Search-Feb 8, 2026 06:59 PM",,,,,,,,,,,Enabled,,Ad Group 6,2,Enabled,,immediate adiology contact,broad,Enabled,,,,,,,,,,,,,,,,,,,,,,,,adiology.io,,,,,,,,,,,,,,,,,,,,,,,,,,,,,,,,,,,,,,,,,,,,,,,,,,,,,,,,,,,,,,,,,,,,,,,,,,,,,,,,,,,,,,,,,,,,,,,,,,,,,,,,,,,,,,,,,,,,,,,,,,,,,,,,,,,,,,,,,,,,,,,,,
"Campaign-Search-Feb 8, 2026 06:59 PM",,,,,,,,,,,Enabled,,Ad Group 6,2,Enabled,,do I need adiology phone number,phrase,Enabled,,,,,,,,,,,,,,,,,,,,,,,,adiology.io,,,,,,,,,,,,,,,,,,,,,,,,,,,,,,,,,,,,,,,,,,,,,,,,,,,,,,,,,,,,,,,,,,,,,,,,,,,,,,,,,,,,,,,,,,,,,,,,,,,,,,,,,,,,,,,,,,,,,,,,,,,,,,,,,,,,,,,,,,,,,,,,,
"Campaign-Search-Feb 8, 2026 06:59 PM",,,,,,,,,,,Enabled,,Ad Group 6,2,Enabled,,call adiology phone number,phrase,Enabled,,,,,,,,,,,,,,,,,,,,,,,,adiology.io,,,,,,,,,,,,,,,,,,,,,,,,,,,,,,,,,,,,,,,,,,,,,,,,,,,,,,,,,,,,,,,,,,,,,,,,,,,,,,,,,,,,,,,,,,,,,,,,,,,,,,,,,,,,,,,,,,,,,,,,,,,,,,,,,,,,,,,,,,,,,,,,,
"Campaign-Search-Feb 8, 2026 06:59 PM",,,,,,,,,,,Enabled,,Ad Group 6,2,Enabled,,adiology phone numbers,exact,Enabled,,,,,,,,,,,,,,,,,,,,,,,,adiology.io,,,,,,,,,,,,,,,,,,,,,,,,,,,,,,,,,,,,,,,,,,,,,,,,,,,,,,,,,,,,,,,,,,,,,,,,,,,,,,,,,,,,,,,,,,,,,,,,,,,,,,,,,,,,,,,,,,,,,,,,,,,,,,,,,,,,,,,,,,,,,,,,,
"Campaign-Search-Feb 8, 2026 06:59 PM",,,,,,,,,,,Enabled,,Ad Group 6,2,Enabled,,expert adiology phone number,broad,Enabled,,,,,,,,,,,,,,,,,,,,,,,,adiology.io,,,,,,,,,,,,,,,,,,,,,,,,,,,,,,,,,,,,,,,,,,,,,,,,,,,,,,,,,,,,,,,,,,,,,,,,,,,,,,,,,,,,,,,,,,,,,,,,,,,,,,,,,,,,,,,,,,,,,,,,,,,,,,,,,,,,,,,,,,,,,,,,,
"Campaign-Search-Feb 8, 2026 06:59 PM",,,,,,,,,,,Enabled,,Ad Group 6,2,Enabled,,adiology phone number for home,broad,Enabled,,,,,,,,,,,,,,,,,,,,,,,,adiology.io,,,,,,,,,,,,,,,,,,,,,,,,,,,,,,,,,,,,,,,,,,,,,,,,,,,,,,,,,,,,,,,,,,,,,,,,,,,,,,,,,,,,,,,,,,,,,,,,,,,,,,,,,,,,,,,,,,,,,,,,,,,,,,,,,,,,,,,,,,,,,,,,,
"Campaign-Search-Feb 8, 2026 06:59 PM",,,,,,,,,,,Enabled,,Ad Group 6,2,Enabled,,book adiology phone number,phrase,Enabled,,,,,,,,,,,,,,,,,,,,,,,,adiology.io,,,,,,,,,,,,,,,,,,,,,,,,,,,,,,,,,,,,,,,,,,,,,,,,,,,,,,,,,,,,,,,,,,,,,,,,,,,,,,,,,,,,,,,,,,,,,,,,,,,,,,,,,,,,,,,,,,,,,,,,,,,,,,,,,,,,,,,,,,,,,,,,,
"Campaign-Search-Feb 8, 2026 06:59 PM",,,,,,,,,,,Enabled,,Ad Group 6,2,Enabled,,adiology - google campaign builder luxury,broad,Enabled,,,,,,,,,,,,,,,,,,,,,,,,adiology.io,,,,,,,,,,,,,,,,,,,,,,,,,,,,,,,,,,,,,,,,,,,,,,,,,,,,,,,,,,,,,,,,,,,,,,,,,,,,,,,,,,,,,,,,,,,,,,,,,,,,,,,,,,,,,,,,,,,,,,,,,,,,,,,,,,,,,,,,,,,,,,,,,
"Campaign-Search-Feb 8, 2026 06:59 PM",,,,,,,,,,,Enabled,,Ad Group 6,2,Enabled,,adiology phone number reliable,broad,Enabled,,,,,,,,,,,,,,,,,,,,,,,,adiology.io,,,,,,,,,,,,,,,,,,,,,,,,,,,,,,,,,,,,,,,,,,,,,,,,,,,,,,,,,,,,,,,,,,,,,,,,,,,,,,,,,,,,,,,,,,,,,,,,,,,,,,,,,,,,,,,,,,,,,,,,,,,,,,,,,,,,,,,,,,,,,,,,,
"Campaign-Search-Feb 8, 2026 06:59 PM",,,,,,,,,,,Enabled,,Ad Group 6,2,Enabled,,adiology services get,exact,Enabled,,,,,,,,,,,,,,,,,,,,,,,,adiology.io,,,,,,,,,,,,,,,,,,,,,,,,,,,,,,,,,,,,,,,,,,,,,,,,,,,,,,,,,,,,,,,,,,,,,,,,,,,,,,,,,,,,,,,,,,,,,,,,,,,,,,,,,,,,,,,,,,,,,,,,,,,,,,,,,,,,,,,,,,,,,,,,,
"Campaign-Search-Feb 8, 2026 06:59 PM",,,,,,,,,,,Enabled,,Ad Group 6,2,Enabled,,this week adiology phone number,exact,Enabled,,,,,,,,,,,,,,,,,,,,,,,,adiology.io,,,,,,,,,,,,,,,,,,,,,,,,,,,,,,,,,,,,,,,,,,,,,,,,,,,,,,,,,,,,,,,,,,,,,,,,,,,,,,,,,,,,,,,,,,,,,,,,,,,,,,,,,,,,,,,,,,,,,,,,,,,,,,,,,,,,,,,,,,,,,,,,,
"Campaign-Search-Feb 8, 2026 06:59 PM",,,,,,,,,,,Enabled,,Ad Group 6,2,Enabled,,adiology phone number value,phrase,Enabled,,,,,,,,,,,,,,,,,,,,,,,,adiology.io,,,,,,,,,,,,,,,,,,,,,,,,,,,,,,,,,,,,,,,,,,,,,,,,,,,,,,,,,,,,,,,,,,,,,,,,,,,,,,,,,,,,,,,,,,,,,,,,,,,,,,,,,,,,,,,,,,,,,,,,,,,,,,,,,,,,,,,,,,,,,,,,,
"Campaign-Search-Feb 8, 2026 06:59 PM",,,,,,,,,,,Enabled,,Ad Group 6,2,Enabled,,nearest adiology contact,phrase,Enabled,,,,,,,,,,,,,,,,,,,,,,,,adiology.io,,,,,,,,,,,,,,,,,,,,,,,,,,,,,,,,,,,,,,,,,,,,,,,,,,,,,,,,,,,,,,,,,,,,,,,,,,,,,,,,,,,,,,,,,,,,,,,,,,,,,,,,,,,,,,,,,,,,,,,,,,,,,,,,,,,,,,,,,,,,,,,,,
"Campaign-Search-Feb 8, 2026 06:59 PM",,,,,,,,,,,Enabled,,Ad Group 6,2,Enabled,,adiology phone number near me,broad,Enabled,,,,,,,,,,,,,,,,,,,,,,,,adiology.io,,,,,,,,,,,,,,,,,,,,,,,,,,,,,,,,,,,,,,,,,,,,,,,,,,,,,,,,,,,,,,,,,,,,,,,,,,,,,,,,,,,,,,,,,,,,,,,,,,,,,,,,,,,,,,,,,,,,,,,,,,,,,,,,,,,,,,,,,,,,,,,,,
"Campaign-Search-Feb 8, 2026 06:59 PM",,,,,,,,,,,Enabled,,Ad Group 6,2,Enabled,,adiology contact quick,exact,Enabled,,,,,,,,,,,,,,,,,,,,,,,,adiology.io,,,,,,,,,,,,,,,,,,,,,,,,,,,,,,,,,,,,,,,,,,,,,,,,,,,,,,,,,,,,,,,,,,,,,,,,,,,,,,,,,,,,,,,,,,,,,,,,,,,,,,,,,,,,,,,,,,,,,,,,,,,,,,,,,,,,,,,,,,,,,,,,,
"Campaign-Search-Feb 8, 2026 06:59 PM",,,,,,,,,,,Enabled,,Ad Group 6,2,Enabled,,adiology - google campaign builder exclusive,phrase,Enabled,,,,,,,,,,,,,,,,,,,,,,,,adiology.io,,,,,,,,,,,,,,,,,,,,,,,,,,,,,,,,,,,,,,,,,,,,,,,,,,,,,,,,,,,,,,,,,,,,,,,,,,,,,,,,,,,,,,,,,,,,,,,,,,,,,,,,,,,,,,,,,,,,,,,,,,,,,,,,,,,,,,,,,,,,,,,,,
"Campaign-Search-Feb 8, 2026 06:59 PM",,,,,,,,,,,Enabled,,Ad Group 6,2,Enabled,,adiology phone number for home local,broad,Enabled,,,,,,,,,,,,,,,,,,,,,,,,adiology.io,,,,,,,,,,,,,,,,,,,,,,,,,,,,,,,,,,,,,,,,,,,,,,,,,,,,,,,,,,,,,,,,,,,,,,,,,,,,,,,,,,,,,,,,,,,,,,,,,,,,,,,,,,,,,,,,,,,,,,,,,,,,,,,,,,,,,,,,,,,,,,,,,
"Campaign-Search-Feb 8, 2026 06:59 PM",,,,,,,,,,,Enabled,,Ad Group 6,2,Enabled,,closest adiology - google campaign builder,phrase,Enabled,,,,,,,,,,,,,,,,,,,,,,,,adiology.io,,,,,,,,,,,,,,,,,,,,,,,,,,,,,,,,,,,,,,,,,,,,,,,,,,,,,,,,,,,,,,,,,,,,,,,,,,,,,,,,,,,,,,,,,,,,,,,,,,,,,,,,,,,,,,,,,,,,,,,,,,,,,,,,,,,,,,,,,,,,,,,,,
"Campaign-Search-Feb 8, 2026 06:59 PM",,,,,,,,,,,Enabled,,Ad Group 6,2,Enabled,,adiology phone number independent,exact,Enabled,,,,,,,,,,,,,,,,,,,,,,,,adiology.io,,,,,,,,,,,,,,,,,,,,,,,,,,,,,,,,,,,,,,,,,,,,,,,,,,,,,,,,,,,,,,,,,,,,,,,,,,,,,,,,,,,,,,,,,,,,,,,,,,,,,,,,,,,,,,,,,,,,,,,,,,,,,,,,,,,,,,,,,,,,,,,,,
"Campaign-Search-Feb 8, 2026 06:59 PM",,,,,,,,,,,Enabled,,Ad Group 6,2,Enabled,,adiology contact black owned,exact,Enabled,,,,,,,,,,,,,,,,,,,,,,,,adiology.io,,,,,,,,,,,,,,,,,,,,,,,,,,,,,,,,,,,,,,,,,,,,,,,,,,,,,,,,,,,,,,,,,,,,,,,,,,,,,,,,,,,,,,,,,,,,,,,,,,,,,,,,,,,,,,,,,,,,,,,,,,,,,,,,,,,,,,,,,,,,,,,,,
"Campaign-Search-Feb 8, 2026 06:59 PM",,,,,,,,,,,Enabled,,Ad Group 6,2,Enabled,,adiology phone number within me,exact,Enabled,,,,,,,,,,,,,,,,,,,,,,,,adiology.io,,,,,,,,,,,,,,,,,,,,,,,,,,,,,,,,,,,,,,,,,,,,,,,,,,,,,,,,,,,,,,,,,,,,,,,,,,,,,,,,,,,,,,,,,,,,,,,,,,,,,,,,,,,,,,,,,,,,,,,,,,,,,,,,,,,,,,,,,,,,,,,,,
"Campaign-Search-Feb 8, 2026 06:59 PM",,,,,,,,,,,Enabled,,Ad Group 6,2,Enabled,,reasonable adiology contact,exact,Enabled,,,,,,,,,,,,,,,,,,,,,,,,adiology.io,,,,,,,,,,,,,,,,,,,,,,,,,,,,,,,,,,,,,,,,,,,,,,,,,,,,,,,,,,,,,,,,,,,,,,,,,,,,,,,,,,,,,,,,,,,,,,,,,,,,,,,,,,,,,,,,,,,,,,,,,,,,,,,,,,,,,,,,,,,,,,,,,
"Campaign-Search-Feb 8, 2026 06:59 PM",,,,,,,,,,,Enabled,,Ad Group 6,2,Enabled,,skilled adiology - google campaign builder,broad,Enabled,,,,,,,,,,,,,,,,,,,,,,,,adiology.io,,,,,,,,,,,,,,,,,,,,,,,,,,,,,,,,,,,,,,,,,,,,,,,,,,,,,,,,,,,,,,,,,,,,,,,,,,,,,,,,,,,,,,,,,,,,,,,,,,,,,,,,,,,,,,,,,,,,,,,,,,,,,,,,,,,,,,,,,,,,,,,,,
"Campaign-Search-Feb 8, 2026 06:59 PM",,,,,,,,,,,Enabled,,Ad Group 6,2,Enabled,,trusted adiology phone number near me,broad,Enabled,,,,,,,,,,,,,,,,,,,,,,,,adiology.io,,,,,,,,,,,,,,,,,,,,,,,,,,,,,,,,,,,,,,,,,,,,,,,,,,,,,,,,,,,,,,,,,,,,,,,,,,,,,,,,,,,,,,,,,,,,,,,,,,,,,,,,,,,,,,,,,,,,,,,,,,,,,,,,,,,,,,,,,,,,,,,,,
"Campaign-Search-Feb 8, 2026 06:59 PM",,,,,,,,,,,Enabled,,Ad Group 6,2,Enabled,,local adiology phone number for business,broad,Enabled,,,,,,,,,,,,,,,,,,,,,,,,adiology.io,,,,,,,,,,,,,,,,,,,,,,,,,,,,,,,,,,,,,,,,,,,,,,,,,,,,,,,,,,,,,,,,,,,,,,,,,,,,,,,,,,,,,,,,,,,,,,,,,,,,,,,,,,,,,,,,,,,,,,,,,,,,,,,,,,,,,,,,,,,,,,,,,
"Campaign-Search-Feb 8, 2026 06:59 PM",,,,,,,,,,,Enabled,,Ad Group 6,2,Enabled,,schedule a adiology phone number,phrase,Enabled,,,,,,,,,,,,,,,,,,,,,,,,adiology.io,,,,,,,,,,,,,,,,,,,,,,,,,,,,,,,,,,,,,,,,,,,,,,,,,,,,,,,,,,,,,,,,,,,,,,,,,,,,,,,,,,,,,,,,,,,,,,,,,,,,,,,,,,,,,,,,,,,,,,,,,,,,,,,,,,,,,,,,,,,,,,,,,
"Campaign-Search-Feb 8, 2026 06:59 PM",,,,,,,,,,,Enabled,,Ad Group 6,2,Enabled,,adiology contact reasonable,exact,Enabled,,,,,,,,,,,,,,,,,,,,,,,,adiology.io,,,,,,,,,,,,,,,,,,,,,,,,,,,,,,,,,,,,,,,,,,,,,,,,,,,,,,,,,,,,,,,,,,,,,,,,,,,,,,,,,,,,,,,,,,,,,,,,,,,,,,,,,,,,,,,,,,,,,,,,,,,,,,,,,,,,,,,,,,,,,,,,,
"Campaign-Search-Feb 8, 2026 06:59 PM",,,,,,,,,,,Enabled,,Ad Group 6,2,Enabled,,adiology - google campaign builder downtown,broad,Enabled,,,,,,,,,,,,,,,,,,,,,,,,adiology.io,,,,,,,,,,,,,,,,,,,,,,,,,,,,,,,,,,,,,,,,,,,,,,,,,,,,,,,,,,,,,,,,,,,,,,,,,,,,,,,,,,,,,,,,,,,,,,,,,,,,,,,,,,,,,,,,,,,,,,,,,,,,,,,,,,,,,,,,,,,,,,,,,
"Campaign-Search-Feb 8, 2026 06:59 PM",,,,,,,,,,,Enabled,,Ad Group 6,2,Enabled,,adiology - google campaign builder online,exact,Enabled,,,,,,,,,,,,,,,,,,,,,,,,adiology.io,,,,,,,,,,,,,,,,,,,,,,,,,,,,,,,,,,,,,,,,,,,,,,,,,,,,,,,,,,,,,,,,,,,,,,,,,,,,,,,,,,,,,,,,,,,,,,,,,,,,,,,,,,,,,,,,,,,,,,,,,,,,,,,,,,,,,,,,,,,,,,,,,
"Campaign-Search-Feb 8, 2026 06:59 PM",,,,,,,,,,,Enabled,,Ad Group 6,2,Enabled,,competitive adiology phone number,phrase,Enabled,,,,,,,,,,,,,,,,,,,,,,,,adiology.io,,,,,,,,,,,,,,,,,,,,,,,,,,,,,,,,,,,,,,,,,,,,,,,,,,,,,,,,,,,,,,,,,,,,,,,,,,,,,,,,,,,,,,,,,,,,,,,,,,,,,,,,,,,,,,,,,,,,,,,,,,,,,,,,,,,,,,,,,,,,,,,,,
"Campaign-Search-Feb 8, 2026 06:59 PM",,,,,,,,,,,Enabled,,Ad Group 6,2,Enabled,,certified adiology - google campaign builder,exact,Enabled,,,,,,,,,,,,,,,,,,,,,,,,adiology.io,,,,,,,,,,,,,,,,,,,,,,,,,,,,,,,,,,,,,,,,,,,,,,,,,,,,,,,,,,,,,,,,,,,,,,,,,,,,,,,,,,,,,,,,,,,,,,,,,,,,,,,,,,,,,,,,,,,,,,,,,,,,,,,,,,,,,,,,,,,,,,,,,
"Campaign-Search-Feb 8, 2026 06:59 PM",,,,,,,,,,,Enabled,,Ad Group 6,2,Enabled,,professional adiology phone number nearby,broad,Enabled,,,,,,,,,,,,,,,,,,,,,,,,adiology.io,,,,,,,,,,,,,,,,,,,,,,,,,,,,,,,,,,,,,,,,,,,,,,,,,,,,,,,,,,,,,,,,,,,,,,,,,,,,,,,,,,,,,,,,,,,,,,,,,,,,,,,,,,,,,,,,,,,,,,,,,,,,,,,,,,,,,,,,,,,,,,,,,
"Campaign-Search-Feb 8, 2026 06:59 PM",,,,,,,,,,,Enabled,,Ad Group 6,2,Enabled,,adiology phone number value,exact,Enabled,,,,,,,,,,,,,,,,,,,,,,,,adiology.io,,,,,,,,,,,,,,,,,,,,,,,,,,,,,,,,,,,,,,,,,,,,,,,,,,,,,,,,,,,,,,,,,,,,,,,,,,,,,,,,,,,,,,,,,,,,,,,,,,,,,,,,,,,,,,,,,,,,,,,,,,,,,,,,,,,,,,,,,,,,,,,,,
"Campaign-Search-Feb 8, 2026 06:59 PM",,,,,,,,,,,Enabled,,Ad Group 6,2,Enabled,,emergency adiology phone number nearby,phrase,Enabled,,,,,,,,,,,,,,,,,,,,,,,,adiology.io,,,,,,,,,,,,,,,,,,,,,,,,,,,,,,,,,,,,,,,,,,,,,,,,,,,,,,,,,,,,,,,,,,,,,,,,,,,,,,,,,,,,,,,,,,,,,,,,,,,,,,,,,,,,,,,,,,,,,,,,,,,,,,,,,,,,,,,,,,,,,,,,,
"Campaign-Search-Feb 8, 2026 06:59 PM",,,,,,,,,,,Enabled,,Ad Group 6,2,Enabled,,hire a adiology phone number,broad,Enabled,,,,,,,,,,,,,,,,,,,,,,,,adiology.io,,,,,,,,,,,,,,,,,,,,,,,,,,,,,,,,,,,,,,,,,,,,,,,,,,,,,,,,,,,,,,,,,,,,,,,,,,,,,,,,,,,,,,,,,,,,,,,,,,,,,,,,,,,,,,,,,,,,,,,,,,,,,,,,,,,,,,,,,,,,,,,,,
"Campaign-Search-Feb 8, 2026 06:59 PM",,,,,,,,,,,Enabled,,Ad Group 6,2,Enabled,,adiology phone number family owned,broad,Enabled,,,,,,,,,,,,,,,,,,,,,,,,adiology.io,,,,,,,,,,,,,,,,,,,,,,,,,,,,,,,,,,,,,,,,,,,,,,,,,,,,,,,,,,,,,,,,,,,,,,,,,,,,,,,,,,,,,,,,,,,,,,,,,,,,,,,,,,,,,,,,,,,,,,,,,,,,,,,,,,,,,,,,,,,,,,,,,
"Campaign-Search-Feb 8, 2026 06:59 PM",,,,,,,,,,,Enabled,,Ad Group 6,2,Enabled,,adiology contact now,phrase,Enabled,,,,,,,,,,,,,,,,,,,,,,,,adiology.io,,,,,,,,,,,,,,,,,,,,,,,,,,,,,,,,,,,,,,,,,,,,,,,,,,,,,,,,,,,,,,,,,,,,,,,,,,,,,,,,,,,,,,,,,,,,,,,,,,,,,,,,,,,,,,,,,,,,,,,,,,,,,,,,,,,,,,,,,,,,,,,,,
"Campaign-Search-Feb 8, 2026 06:59 PM",,,,,,,,,,,Enabled,,Ad Group 6,2,Enabled,,24 hour adiology contact,phrase,Enabled,,,,,,,,,,,,,,,,,,,,,,,,adiology.io,,,,,,,,,,,,,,,,,,,,,,,,,,,,,,,,,,,,,,,,,,,,,,,,,,,,,,,,,,,,,,,,,,,,,,,,,,,,,,,,,,,,,,,,,,,,,,,,,,,,,,,,,,,,,,,,,,,,,,,,,,,,,,,,,,,,,,,,,,,,,,,,,
"Campaign-Search-Feb 8, 2026 06:59 PM",,,,,,,,,,,Enabled,,Ad Group 6,2,Enabled,,adiology contact reasonable,broad,Enabled,,,,,,,,,,,,,,,,,,,,,,,,adiology.io,,,,,,,,,,,,,,,,,,,,,,,,,,,,,,,,,,,,,,,,,,,,,,,,,,,,,,,,,,,,,,,,,,,,,,,,,,,,,,,,,,,,,,,,,,,,,,,,,,,,,,,,,,,,,,,,,,,,,,,,,,,,,,,,,,,,,,,,,,,,,,,,,
"Campaign-Search-Feb 8, 2026 06:59 PM",,,,,,,,,,,Enabled,,Ad Group 6,2,Enabled,,immediate adiology contact,phrase,Enabled,,,,,,,,,,,,,,,,,,,,,,,,adiology.io,,,,,,,,,,,,,,,,,,,,,,,,,,,,,,,,,,,,,,,,,,,,,,,,,,,,,,,,,,,,,,,,,,,,,,,,,,,,,,,,,,,,,,,,,,,,,,,,,,,,,,,,,,,,,,,,,,,,,,,,,,,,,,,,,,,,,,,,,,,,,,,,,
"Campaign-Search-Feb 8, 2026 06:59 PM",,,,,,,,,,,Enabled,,Ad Group 7,2,Enabled,,adiology phone number to me,phrase,Enabled,,,,,,,,,,,,,,,,,,,,,,,,adiology.io,,,,,,,,,,,,,,,,,,,,,,,,,,,,,,,,,,,,,,,,,,,,,,,,,,,,,,,,,,,,,,,,,,,,,,,,,,,,,,,,,,,,,,,,,,,,,,,,,,,,,,,,,,,,,,,,,,,,,,,,,,,,,,,,,,,,,,,,,,,,,,,,,
"Campaign-Search-Feb 8, 2026 06:59 PM",,,,,,,,,,,Enabled,,Ad Group 7,2,Enabled,,adiology contact quality,exact,Enabled,,,,,,,,,,,,,,,,,,,,,,,,adiology.io,,,,,,,,,,,,,,,,,,,,,,,,,,,,,,,,,,,,,,,,,,,,,,,,,,,,,,,,,,,,,,,,,,,,,,,,,,,,,,,,,,,,,,,,,,,,,,,,,,,,,,,,,,,,,,,,,,,,,,,,,,,,,,,,,,,,,,,,,,,,,,,,,
"Campaign-Search-Feb 8, 2026 06:59 PM",,,,,,,,,,,Enabled,,Ad Group 7,2,Enabled,,trustworthy adiology phone number,exact,Enabled,,,,,,,,,,,,,,,,,,,,,,,,adiology.io,,,,,,,,,,,,,,,,,,,,,,,,,,,,,,,,,,,,,,,,,,,,,,,,,,,,,,,,,,,,,,,,,,,,,,,,,,,,,,,,,,,,,,,,,,,,,,,,,,,,,,,,,,,,,,,,,,,,,,,,,,,,,,,,,,,,,,,,,,,,,,,,,
"Campaign-Search-Feb 8, 2026 06:59 PM",,,,,,,,,,,Enabled,,Ad Group 7,2,Enabled,,adiology - google campaign builder companies,phrase,Enabled,,,,,,,,,,,,,,,,,,,,,,,,adiology.io,,,,,,,,,,,,,,,,,,,,,,,,,,,,,,,,,,,,,,,,,,,,,,,,,,,,,,,,,,,,,,,,,,,,,,,,,,,,,,,,,,,,,,,,,,,,,,,,,,,,,,,,,,,,,,,,,,,,,,,,,,,,,,,,,,,,,,,,,,,,,,,,,
"Campaign-Search-Feb 8, 2026 06:59 PM",,,,,,,,,,,Enabled,,Ad Group 7,2,Enabled,,adiology contact affordable,phrase,Enabled,,,,,,,,,,,,,,,,,,,,,,,,adiology.io,,,,,,,,,,,,,,,,,,,,,,,,,,,,,,,,,,,,,,,,,,,,,,,,,,,,,,,,,,,,,,,,,,,,,,,,,,,,,,,,,,,,,,,,,,,,,,,,,,,,,,,,,,,,,,,,,,,,,,,,,,,,,,,,,,,,,,,,,,,,,,,,,
"Campaign-Search-Feb 8, 2026 06:59 PM",,,,,,,,,,,Enabled,,Ad Group 7,2,Enabled,,adiology - google campaign builder instant,exact,Enabled,,,,,,,,,,,,,,,,,,,,,,,,adiology.io,,,,,,,,,,,,,,,,,,,,,,,,,,,,,,,,,,,,,,,,,,,,,,,,,,,,,,,,,,,,,,,,,,,,,,,,,,,,,,,,,,,,,,,,,,,,,,,,,,,,,,,,,,,,,,,,,,,,,,,,,,,,,,,,,,,,,,,,,,,,,,,,,
"Campaign-Search-Feb 8, 2026 06:59 PM",,,,,,,,,,,Enabled,,Ad Group 7,2,Enabled,,premium adiology - google campaign builder,phrase,Enabled,,,,,,,,,,,,,,,,,,,,,,,,adiology.io,,,,,,,,,,,,,,,,,,,,,,,,,,,,,,,,,,,,,,,,,,,,,,,,,,,,,,,,,,,,,,,,,,,,,,,,,,,,,,,,,,,,,,,,,,,,,,,,,,,,,,,,,,,,,,,,,,,,,,,,,,,,,,,,,,,,,,,,,,,,,,,,,
"Campaign-Search-Feb 8, 2026 06:59 PM",,,,,,,,,,,Enabled,,Ad Group 7,2,Enabled,,adiology phone number certified,exact,Enabled,,,,,,,,,,,,,,,,,,,,,,,,adiology.io,,,,,,,,,,,,,,,,,,,,,,,,,,,,,,,,,,,,,,,,,,,,,,,,,,,,,,,,,,,,,,,,,,,,,,,,,,,,,,,,,,,,,,,,,,,,,,,,,,,,,,,,,,,,,,,,,,,,,,,,,,,,,,,,,,,,,,,,,,,,,,,,,
"Campaign-Search-Feb 8, 2026 06:59 PM",,,,,,,,,,,Enabled,,Ad Group 7,2,Enabled,,buy a adiology phone number,exact,Enabled,,,,,,,,,,,,,,,,,,,,,,,,adiology.io,,,,,,,,,,,,,,,,,,,,,,,,,,,,,,,,,,,,,,,,,,,,,,,,,,,,,,,,,,,,,,,,,,,,,,,,,,,,,,,,,,,,,,,,,,,,,,,,,,,,,,,,,,,,,,,,,,,,,,,,,,,,,,,,,,,,,,,,,,,,,,,,,
"Campaign-Search-Feb 8, 2026 06:59 PM",,,,,,,,,,,Enabled,,Ad Group 7,2,Enabled,,24/7 adiology - google campaign builder,phrase,Enabled,,,,,,,,,,,,,,,,,,,,,,,,adiology.io,,,,,,,,,,,,,,,,,,,,,,,,,,,,,,,,,,,,,,,,,,,,,,,,,,,,,,,,,,,,,,,,,,,,,,,,,,,,,,,,,,,,,,,,,,,,,,,,,,,,,,,,,,,,,,,,,,,,,,,,,,,,,,,,,,,,,,,,,,,,,,,,,
"Campaign-Search-Feb 8, 2026 06:59 PM",,,,,,,,,,,Enabled,,Ad Group 7,2,Enabled,,adiology phone number for business nearby,phrase,Enabled,,,,,,,,,,,,,,,,,,,,,,,,adiology.io,,,,,,,,,,,,,,,,,,,,,,,,,,,,,,,,,,,,,,,,,,,,,,,,,,,,,,,,,,,,,,,,,,,,,,,,,,,,,,,,,,,,,,,,,,,,,,,,,,,,,,,,,,,,,,,,,,,,,,,,,,,,,,,,,,,,,,,,,,,,,,,,,
"Campaign-Search-Feb 8, 2026 06:59 PM",,,,,,,,,,,Enabled,,Ad Group 7,2,Enabled,,recommend adiology phone number,phrase,Enabled,,,,,,,,,,,,,,,,,,,,,,,,adiology.io,,,,,,,,,,,,,,,,,,,,,,,,,,,,,,,,,,,,,,,,,,,,,,,,,,,,,,,,,,,,,,,,,,,,,,,,,,,,,,,,,,,,,,,,,,,,,,,,,,,,,,,,,,,,,,,,,,,,,,,,,,,,,,,,,,,,,,,,,,,,,,,,,
"Campaign-Search-Feb 8, 2026 06:59 PM",,,,,,,,,,,Enabled,,Ad Group 7,2,Enabled,,adiology - google campaign builder,broad,Enabled,,,,,,,,,,,,,,,,,,,,,,,,adiology.io,,,,,,,,,,,,,,,,,,,,,,,,,,,,,,,,,,,,,,,,,,,,,,,,,,,,,,,,,,,,,,,,,,,,,,,,,,,,,,,,,,,,,,,,,,,,,,,,,,,,,,,,,,,,,,,,,,,,,,,,,,,,,,,,,,,,,,,,,,,,,,,,,
"Campaign-Search-Feb 8, 2026 06:59 PM",,,,,,,,,,,Enabled,,Ad Group 7,2,Enabled,,choose adiology phone number,phrase,Enabled,,,,,,,,,,,,,,,,,,,,,,,,adiology.io,,,,,,,,,,,,,,,,,,,,,,,,,,,,,,,,,,,,,,,,,,,,,,,,,,,,,,,,,,,,,,,,,,,,,,,,,,,,,,,,,,,,,,,,,,,,,,,,,,,,,,,,,,,,,,,,,,,,,,,,,,,,,,,,,,,,,,,,,,,,,,,,,
"Campaign-Search-Feb 8, 2026 06:59 PM",,,,,,,,,,,Enabled,,Ad Group 7,2,Enabled,,emergency adiology phone number local,phrase,Enabled,,,,,,,,,,,,,,,,,,,,,,,,adiology.io,,,,,,,,,,,,,,,,,,,,,,,,,,,,,,,,,,,,,,,,,,,,,,,,,,,,,,,,,,,,,,,,,,,,,,,,,,,,,,,,,,,,,,,,,,,,,,,,,,,,,,,,,,,,,,,,,,,,,,,,,,,,,,,,,,,,,,,,,,,,,,,,,
"Campaign-Search-Feb 8, 2026 06:59 PM",,,,,,,,,,,Enabled,,Ad Group 7,2,Enabled,,instant adiology contact,broad,Enabled,,,,,,,,,,,,,,,,,,,,,,,,adiology.io,,,,,,,,,,,,,,,,,,,,,,,,,,,,,,,,,,,,,,,,,,,,,,,,,,,,,,,,,,,,,,,,,,,,,,,,,,,,,,,,,,,,,,,,,,,,,,,,,,,,,,,,,,,,,,,,,,,,,,,,,,,,,,,,,,,,,,,,,,,,,,,,,
"Campaign-Search-Feb 8, 2026 06:59 PM",,,,,,,,,,,Enabled,,Ad Group 7,2,Enabled,,book a adiology phone number,exact,Enabled,,,,,,,,,,,,,,,,,,,,,,,,adiology.io,,,,,,,,,,,,,,,,,,,,,,,,,,,,,,,,,,,,,,,,,,,,,,,,,,,,,,,,,,,,,,,,,,,,,,,,,,,,,,,,,,,,,,,,,,,,,,,,,,,,,,,,,,,,,,,,,,,,,,,,,,,,,,,,,,,,,,,,,,,,,,,,,
"Campaign-Search-Feb 8, 2026 06:59 PM",,,,,,,,,,,Enabled,,Ad Group 7,2,Enabled,,adiology phone number luxury,exact,Enabled,,,,,,,,,,,,,,,,,,,,,,,,adiology.io,,,,,,,,,,,,,,,,,,,,,,,,,,,,,,,,,,,,,,,,,,,,,,,,,,,,,,,,,,,,,,,,,,,,,,,,,,,,,,,,,,,,,,,,,,,,,,,,,,,,,,,,,,,,,,,,,,,,,,,,,,,,,,,,,,,,,,,,,,,,,,,,,
"Campaign-Search-Feb 8, 2026 06:59 PM",,,,,,,,,,,Enabled,,Ad Group 7,2,Enabled,,instant adiology contact,phrase,Enabled,,,,,,,,,,,,,,,,,,,,,,,,adiology.io,,,,,,,,,,,,,,,,,,,,,,,,,,,,,,,,,,,,,,,,,,,,,,,,,,,,,,,,,,,,,,,,,,,,,,,,,,,,,,,,,,,,,,,,,,,,,,,,,,,,,,,,,,,,,,,,,,,,,,,,,,,,,,,,,,,,,,,,,,,,,,,,,
"Campaign-Search-Feb 8, 2026 06:59 PM",,,,,,,,,,,Enabled,,Ad Group 7,2,Enabled,,reliable adiology phone number,broad,Enabled,,,,,,,,,,,,,,,,,,,,,,,,adiology.io,,,,,,,,,,,,,,,,,,,,,,,,,,,,,,,,,,,,,,,,,,,,,,,,,,,,,,,,,,,,,,,,,,,,,,,,,,,,,,,,,,,,,,,,,,,,,,,,,,,,,,,,,,,,,,,,,,,,,,,,,,,,,,,,,,,,,,,,,,,,,,,,,
"Campaign-Search-Feb 8, 2026 06:59 PM",,,,,,,,,,,Enabled,,Ad Group 7,2,Enabled,,trusted adiology phone number nearby,broad,Enabled,,,,,,,,,,,,,,,,,,,,,,,,adiology.io,,,,,,,,,,,,,,,,,,,,,,,,,,,,,,,,,,,,,,,,,,,,,,,,,,,,,,,,,,,,,,,,,,,,,,,,,,,,,,,,,,,,,,,,,,,,,,,,,,,,,,,,,,,,,,,,,,,,,,,,,,,,,,,,,,,,,,,,,,,,,,,,,
"Campaign-Search-Feb 8, 2026 06:59 PM",,,,,,,,,,,Enabled,,Ad Group 7,2,Enabled,,adiology phone number closest,exact,Enabled,,,,,,,,,,,,,,,,,,,,,,,,adiology.io,,,,,,,,,,,,,,,,,,,,,,,,,,,,,,,,,,,,,,,,,,,,,,,,,,,,,,,,,,,,,,,,,,,,,,,,,,,,,,,,,,,,,,,,,,,,,,,,,,,,,,,,,,,,,,,,,,,,,,,,,,,,,,,,,,,,,,,,,,,,,,,,,
"Campaign-Search-Feb 8, 2026 06:59 PM",,,,,,,,,,,Enabled,,Ad Group 7,2,Enabled,,adiology - google campaign builder reliable,phrase,Enabled,,,,,,,,,,,,,,,,,,,,,,,,adiology.io,,,,,,,,,,,,,,,,,,,,,,,,,,,,,,,,,,,,,,,,,,,,,,,,,,,,,,,,,,,,,,,,,,,,,,,,,,,,,,,,,,,,,,,,,,,,,,,,,,,,,,,,,,,,,,,,,,,,,,,,,,,,,,,,,,,,,,,,,,,,,,,,,
"Campaign-Search-Feb 8, 2026 06:59 PM",,,,,,,,,,,Enabled,,Ad Group 7,2,Enabled,,adiology phone number now,phrase,Enabled,,,,,,,,,,,,,,,,,,,,,,,,adiology.io,,,,,,,,,,,,,,,,,,,,,,,,,,,,,,,,,,,,,,,,,,,,,,,,,,,,,,,,,,,,,,,,,,,,,,,,,,,,,,,,,,,,,,,,,,,,,,,,,,,,,,,,,,,,,,,,,,,,,,,,,,,,,,,,,,,,,,,,,,,,,,,,,
"Campaign-Search-Feb 8, 2026 06:59 PM",,,,,,,,,,,Enabled,,Ad Group 7,2,Enabled,,adiology phone number certified,broad,Enabled,,,,,,,,,,,,,,,,,,,,,,,,adiology.io,,,,,,,,,,,,,,,,,,,,,,,,,,,,,,,,,,,,,,,,,,,,,,,,,,,,,,,,,,,,,,,,,,,,,,,,,,,,,,,,,,,,,,,,,,,,,,,,,,,,,,,,,,,,,,,,,,,,,,,,,,,,,,,,,,,,,,,,,,,,,,,,,
"Campaign-Search-Feb 8, 2026 06:59 PM",,,,,,,,,,,Enabled,,Ad Group 7,2,Enabled,,how to choose adiology phone number,broad,Enabled,,,,,,,,,,,,,,,,,,,,,,,,adiology.io,,,,,,,,,,,,,,,,,,,,,,,,,,,,,,,,,,,,,,,,,,,,,,,,,,,,,,,,,,,,,,,,,,,,,,,,,,,,,,,,,,,,,,,,,,,,,,,,,,,,,,,,,,,,,,,,,,,,,,,,,,,,,,,,,,,,,,,,,,,,,,,,,
"Campaign-Search-Feb 8, 2026 06:59 PM",,,,,,,,,,,Enabled,,Ad Group 7,2,Enabled,,adiology phone number quick,phrase,Enabled,,,,,,,,,,,,,,,,,,,,,,,,adiology.io,,,,,,,,,,,,,,,,,,,,,,,,,,,,,,,,,,,,,,,,,,,,,,,,,,,,,,,,,,,,,,,,,,,,,,,,,,,,,,,,,,,,,,,,,,,,,,,,,,,,,,,,,,,,,,,,,,,,,,,,,,,,,,,,,,,,,,,,,,,,,,,,,
"Campaign-Search-Feb 8, 2026 06:59 PM",,,,,,,,,,,Enabled,,Ad Group 7,2,Enabled,,request adiology phone number,exact,Enabled,,,,,,,,,,,,,,,,,,,,,,,,adiology.io,,,,,,,,,,,,,,,,,,,,,,,,,,,,,,,,,,,,,,,,,,,,,,,,,,,,,,,,,,,,,,,,,,,,,,,,,,,,,,,,,,,,,,,,,,,,,,,,,,,,,,,,,,,,,,,,,,,,,,,,,,,,,,,,,,,,,,,,,,,,,,,,,
"Campaign-Search-Feb 8, 2026 06:59 PM",,,,,,,,,,,Enabled,,Ad Group 7,2,Enabled,,night adiology phone number,broad,Enabled,,,,,,,,,,,,,,,,,,,,,,,,adiology.io,,,,,,,,,,,,,,,,,,,,,,,,,,,,,,,,,,,,,,,,,,,,,,,,,,,,,,,,,,,,,,,,,,,,,,,,,,,,,,,,,,,,,,,,,,,,,,,,,,,,,,,,,,,,,,,,,,,,,,,,,,,,,,,,,,,,,,,,,,,,,,,,,
"Campaign-Search-Feb 8, 2026 06:59 PM",,,,,,,,,,,Enabled,,Ad Group 7,2,Enabled,,schedule adiology - google campaign builder,exact,Enabled,,,,,,,,,,,,,,,,,,,,,,,,adiology.io,,,,,,,,,,,,,,,,,,,,,,,,,,,,,,,,,,,,,,,,,,,,,,,,,,,,,,,,,,,,,,,,,,,,,,,,,,,,,,,,,,,,,,,,,,,,,,,,,,,,,,,,,,,,,,,,,,,,,,,,,,,,,,,,,,,,,,,,,,,,,,,,,
"Campaign-Search-Feb 8, 2026 06:59 PM",,,,,,,,,,,Enabled,,Ad Group 7,2,Enabled,,order a adiology phone number,phrase,Enabled,,,,,,,,,,,,,,,,,,,,,,,,adiology.io,,,,,,,,,,,,,,,,,,,,,,,,,,,,,,,,,,,,,,,,,,,,,,,,,,,,,,,,,,,,,,,,,,,,,,,,,,,,,,,,,,,,,,,,,,,,,,,,,,,,,,,,,,,,,,,,,,,,,,,,,,,,,,,,,,,,,,,,,,,,,,,,,
"Campaign-Search-Feb 8, 2026 06:59 PM",,,,,,,,,,,Enabled,,Ad Group 7,2,Enabled,,skilled adiology phone number,exact,Enabled,,,,,,,,,,,,,,,,,,,,,,,,adiology.io,,,,,,,,,,,,,,,,,,,,,,,,,,,,,,,,,,,,,,,,,,,,,,,,,,,,,,,,,,,,,,,,,,,,,,,,,,,,,,,,,,,,,,,,,,,,,,,,,,,,,,,,,,,,,,,,,,,,,,,,,,,,,,,,,,,,,,,,,,,,,,,,,
"Campaign-Search-Feb 8, 2026 06:59 PM",,,,,,,,,,,Enabled,,Ad Group 7,2,Enabled,,adiology phone number vs,exact,Enabled,,,,,,,,,,,,,,,,,,,,,,,,adiology.io,,,,,,,,,,,,,,,,,,,,,,,,,,,,,,,,,,,,,,,,,,,,,,,,,,,,,,,,,,,,,,,,,,,,,,,,,,,,,,,,,,,,,,,,,,,,,,,,,,,,,,,,,,,,,,,,,,,,,,,,,,,,,,,,,,,,,,,,,,,,,,,,,
"Campaign-Search-Feb 8, 2026 06:59 PM",,,,,,,,,,,Enabled,,Ad Group 7,2,Enabled,,competitive adiology phone number,broad,Enabled,,,,,,,,,,,,,,,,,,,,,,,,adiology.io,,,,,,,,,,,,,,,,,,,,,,,,,,,,,,,,,,,,,,,,,,,,,,,,,,,,,,,,,,,,,,,,,,,,,,,,,,,,,,,,,,,,,,,,,,,,,,,,,,,,,,,,,,,,,,,,,,,,,,,,,,,,,,,,,,,,,,,,,,,,,,,,,
"Campaign-Search-Feb 8, 2026 06:59 PM",,,,,,,,,,,Enabled,,Ad Group 7,2,Enabled,,adiology phone number luxury,phrase,Enabled,,,,,,,,,,,,,,,,,,,,,,,,adiology.io,,,,,,,,,,,,,,,,,,,,,,,,,,,,,,,,,,,,,,,,,,,,,,,,,,,,,,,,,,,,,,,,,,,,,,,,,,,,,,,,,,,,,,,,,,,,,,,,,,,,,,,,,,,,,,,,,,,,,,,,,,,,,,,,,,,,,,,,,,,,,,,,,
"Campaign-Search-Feb 8, 2026 06:59 PM",,,,,,,,,,,Enabled,,Ad Group 7,2,Enabled,,why choose adiology phone number,exact,Enabled,,,,,,,,,,,,,,,,,,,,,,,,adiology.io,,,,,,,,,,,,,,,,,,,,,,,,,,,,,,,,,,,,,,,,,,,,,,,,,,,,,,,,,,,,,,,,,,,,,,,,,,,,,,,,,,,,,,,,,,,,,,,,,,,,,,,,,,,,,,,,,,,,,,,,,,,,,,,,,,,,,,,,,,,,,,,,,
"Campaign-Search-Feb 8, 2026 06:59 PM",,,,,,,,,,,Enabled,,Ad Group 7,2,Enabled,,check a adiology phone number,exact,Enabled,,,,,,,,,,,,,,,,,,,,,,,,adiology.io,,,,,,,,,,,,,,,,,,,,,,,,,,,,,,,,,,,,,,,,,,,,,,,,,,,,,,,,,,,,,,,,,,,,,,,,,,,,,,,,,,,,,,,,,,,,,,,,,,,,,,,,,,,,,,,,,,,,,,,,,,,,,,,,,,,,,,,,,,,,,,,,,
"Campaign-Search-Feb 8, 2026 06:59 PM",,,,,,,,,,,Enabled,,Ad Group 7,2,Enabled,,fast adiology phone number,broad,Enabled,,,,,,,,,,,,,,,,,,,,,,,,adiology.io,,,,,,,,,,,,,,,,,,,,,,,,,,,,,,,,,,,,,,,,,,,,,,,,,,,,,,,,,,,,,,,,,,,,,,,,,,,,,,,,,,,,,,,,,,,,,,,,,,,,,,,,,,,,,,,,,,,,,,,,,,,,,,,,,,,,,,,,,,,,,,,,,
"Campaign-Search-Feb 8, 2026 06:59 PM",,,,,,,,,,,Enabled,,Ad Group 7,2,Enabled,,adiology phone number for business local,exact,Enabled,,,,,,,,,,,,,,,,,,,,,,,,adiology.io,,,,,,,,,,,,,,,,,,,,,,,,,,,,,,,,,,,,,,,,,,,,,,,,,,,,,,,,,,,,,,,,,,,,,,,,,,,,,,,,,,,,,,,,,,,,,,,,,,,,,,,,,,,,,,,,,,,,,,,,,,,,,,,,,,,,,,,,,,,,,,,,,
"Campaign-Search-Feb 8, 2026 06:59 PM",,,,,,,,,,,Enabled,,Ad Group 7,2,Enabled,,experienced adiology phone number local,broad,Enabled,,,,,,,,,,,,,,,,,,,,,,,,adiology.io,,,,,,,,,,,,,,,,,,,,,,,,,,,,,,,,,,,,,,,,,,,,,,,,,,,,,,,,,,,,,,,,,,,,,,,,,,,,,,,,,,,,,,,,,,,,,,,,,,,,,,,,,,,,,,,,,,,,,,,,,,,,,,,,,,,,,,,,,,,,,,,,,
"Campaign-Search-Feb 8, 2026 06:59 PM",,,,,,,,,,,Enabled,,Ad Group 7,2,Enabled,,book adiology phone number,broad,Enabled,,,,,,,,,,,,,,,,,,,,,,,,adiology.io,,,,,,,,,,,,,,,,,,,,,,,,,,,,,,,,,,,,,,,,,,,,,,,,,,,,,,,,,,,,,,,,,,,,,,,,,,,,,,,,,,,,,,,,,,,,,,,,,,,,,,,,,,,,,,,,,,,,,,,,,,,,,,,,,,,,,,,,,,,,,,,,,
"Campaign-Search-Feb 8, 2026 06:59 PM",,,,,,,,,,,Enabled,,Ad Group 7,2,Enabled,,adiology services start,broad,Enabled,,,,,,,,,,,,,,,,,,,,,,,,adiology.io,,,,,,,,,,,,,,,,,,,,,,,,,,,,,,,,,,,,,,,,,,,,,,,,,,,,,,,,,,,,,,,,,,,,,,,,,,,,,,,,,,,,,,,,,,,,,,,,,,,,,,,,,,,,,,,,,,,,,,,,,,,,,,,,,,,,,,,,,,,,,,,,,
"Campaign-Search-Feb 8, 2026 06:59 PM",,,,,,,,,,,Enabled,,Ad Group 7,2,Enabled,,insured adiology phone number,exact,Enabled,,,,,,,,,,,,,,,,,,,,,,,,adiology.io,,,,,,,,,,,,,,,,,,,,,,,,,,,,,,,,,,,,,,,,,,,,,,,,,,,,,,,,,,,,,,,,,,,,,,,,,,,,,,,,,,,,,,,,,,,,,,,,,,,,,,,,,,,,,,,,,,,,,,,,,,,,,,,,,,,,,,,,,,,,,,,,,
"Campaign-Search-Feb 8, 2026 06:59 PM",,,,,,,,,,,Enabled,,Ad Group 7,2,Enabled,,certified adiology - google campaign builder,broad,Enabled,,,,,,,,,,,,,,,,,,,,,,,,adiology.io,,,,,,,,,,,,,,,,,,,,,,,,,,,,,,,,,,,,,,,,,,,,,,,,,,,,,,,,,,,,,,,,,,,,,,,,,,,,,,,,,,,,,,,,,,,,,,,,,,,,,,,,,,,,,,,,,,,,,,,,,,,,,,,,,,,,,,,,,,,,,,,,,
"Campaign-Search-Feb 8, 2026 06:59 PM",,,,,,,,,,,Enabled,,Ad Group 7,2,Enabled,,find adiology phone number,broad,Enabled,,,,,,,,,,,,,,,,,,,,,,,,adiology.io,,,,,,,,,,,,,,,,,,,,,,,,,,,,,,,,,,,,,,,,,,,,,,,,,,,,,,,,,,,,,,,,,,,,,,,,,,,,,,,,,,,,,,,,,,,,,,,,,,,,,,,,,,,,,,,,,,,,,,,,,,,,,,,,,,,,,,,,,,,,,,,,,
"Campaign-Search-Feb 8, 2026 06:59 PM",,,,,,,,,,,Enabled,,Ad Group 7,2,Enabled,,efficient adiology phone number,broad,Enabled,,,,,,,,,,,,,,,,,,,,,,,,adiology.io,,,,,,,,,,,,,,,,,,,,,,,,,,,,,,,,,,,,,,,,,,,,,,,,,,,,,,,,,,,,,,,,,,,,,,,,,,,,,,,,,,,,,,,,,,,,,,,,,,,,,,,,,,,,,,,,,,,,,,,,,,,,,,,,,,,,,,,,,,,,,,,,,
"Campaign-Search-Feb 8, 2026 06:59 PM",,,,,,,,,,,Enabled,,Ad Group 7,2,Enabled,,reasonable adiology contact,broad,Enabled,,,,,,,,,,,,,,,,,,,,,,,,adiology.io,,,,,,,,,,,,,,,,,,,,,,,,,,,,,,,,,,,,,,,,,,,,,,,,,,,,,,,,,,,,,,,,,,,,,,,,,,,,,,,,,,,,,,,,,,,,,,,,,,,,,,,,,,,,,,,,,,,,,,,,,,,,,,,,,,,,,,,,,,,,,,,,,
"Campaign-Search-Feb 8, 2026 06:59 PM",,,,,,,,,,,Enabled,,Ad Group 7,2,Enabled,,upfront adiology - google campaign builder,exact,Enabled,,,,,,,,,,,,,,,,,,,,,,,,adiology.io,,,,,,,,,,,,,,,,,,,,,,,,,,,,,,,,,,,,,,,,,,,,,,,,,,,,,,,,,,,,,,,,,,,,,,,,,,,,,,,,,,,,,,,,,,,,,,,,,,,,,,,,,,,,,,,,,,,,,,,,,,,,,,,,,,,,,,,,,,,,,,,,,
"Campaign-Search-Feb 8, 2026 06:59 PM",,,,,,,,,,,Enabled,,Ad Group 7,2,Enabled,,adiology services today,phrase,Enabled,,,,,,,,,,,,,,,,,,,,,,,,adiology.io,,,,,,,,,,,,,,,,,,,,,,,,,,,,,,,,,,,,,,,,,,,,,,,,,,,,,,,,,,,,,,,,,,,,,,,,,,,,,,,,,,,,,,,,,,,,,,,,,,,,,,,,,,,,,,,,,,,,,,,,,,,,,,,,,,,,,,,,,,,,,,,,,
"Campaign-Search-Feb 8, 2026 06:59 PM",,,,,,,,,,,Enabled,,Ad Group 7,2,Enabled,,adiology phone number inexpensive,exact,Enabled,,,,,,,,,,,,,,,,,,,,,,,,adiology.io,,,,,,,,,,,,,,,,,,,,,,,,,,,,,,,,,,,,,,,,,,,,,,,,,,,,,,,,,,,,,,,,,,,,,,,,,,,,,,,,,,,,,,,,,,,,,,,,,,,,,,,,,,,,,,,,,,,,,,,,,,,,,,,,,,,,,,,,,,,,,,,,,
"Campaign-Search-Feb 8, 2026 06:59 PM",,,,,,,,,,,Enabled,,Ad Group 7,2,Enabled,,independent adiology - google campaign builder,broad,Enabled,,,,,,,,,,,,,,,,,,,,,,,,adiology.io,,,,,,,,,,,,,,,,,,,,,,,,,,,,,,,,,,,,,,,,,,,,,,,,,,,,,,,,,,,,,,,,,,,,,,,,,,,,,,,,,,,,,,,,,,,,,,,,,,,,,,,,,,,,,,,,,,,,,,,,,,,,,,,,,,,,,,,,,,,,,,,,,
"Campaign-Search-Feb 8, 2026 06:59 PM",,,,,,,,,,,Enabled,,Ad Group 7,2,Enabled,,adiology contact near me,broad,Enabled,,,,,,,,,,,,,,,,,,,,,,,,adiology.io,,,,,,,,,,,,,,,,,,,,,,,,,,,,,,,,,,,,,,,,,,,,,,,,,,,,,,,,,,,,,,,,,,,,,,,,,,,,,,,,,,,,,,,,,,,,,,,,,,,,,,,,,,,,,,,,,,,,,,,,,,,,,,,,,,,,,,,,,,,,,,,,,
"Campaign-Search-Feb 8, 2026 06:59 PM",,,,,,,,,,,Enabled,,Ad Group 7,2,Enabled,,choose a adiology phone number,broad,Enabled,,,,,,,,,,,,,,,,,,,,,,,,adiology.io,,,,,,,,,,,,,,,,,,,,,,,,,,,,,,,,,,,,,,,,,,,,,,,,,,,,,,,,,,,,,,,,,,,,,,,,,,,,,,,,,,,,,,,,,,,,,,,,,,,,,,,,,,,,,,,,,,,,,,,,,,,,,,,,,,,,,,,,,,,,,,,,,
"Campaign-Search-Feb 8, 2026 06:59 PM",,,,,,,,,,,Enabled,,Ad Group 7,2,Enabled,,request a adiology phone number,broad,Enabled,,,,,,,,,,,,,,,,,,,,,,,,adiology.io,,,,,,,,,,,,,,,,,,,,,,,,,,,,,,,,,,,,,,,,,,,,,,,,,,,,,,,,,,,,,,,,,,,,,,,,,,,,,,,,,,,,,,,,,,,,,,,,,,,,,,,,,,,,,,,,,,,,,,,,,,,,,,,,,,,,,,,,,,,,,,,,,
"Campaign-Search-Feb 8, 2026 06:59 PM",,,,,,,,,,,Enabled,,Ad Group 7,2,Enabled,,reasonable adiology - google campaign builder,exact,Enabled,,,,,,,,,,,,,,,,,,,,,,,,adiology.io,,,,,,,,,,,,,,,,,,,,,,,,,,,,,,,,,,,,,,,,,,,,,,,,,,,,,,,,,,,,,,,,,,,,,,,,,,,,,,,,,,,,,,,,,,,,,,,,,,,,,,,,,,,,,,,,,,,,,,,,,,,,,,,,,,,,,,,,,,,,,,,,,
"Campaign-Search-Feb 8, 2026 06:59 PM",,,,,,,,,,,Enabled,,Ad Group 7,2,Enabled,,emergency adiology phone number local,exact,Enabled,,,,,,,,,,,,,,,,,,,,,,,,adiology.io,,,,,,,,,,,,,,,,,,,,,,,,,,,,,,,,,,,,,,,,,,,,,,,,,,,,,,,,,,,,,,,,,,,,,,,,,,,,,,,,,,,,,,,,,,,,,,,,,,,,,,,,,,,,,,,,,,,,,,,,,,,,,,,,,,,,,,,,,,,,,,,,,
"Campaign-Search-Feb 8, 2026 06:59 PM",,,,,,,,,,,Enabled,,Ad Group 7,2,Enabled,,competitive adiology - google campaign builder,exact,Enabled,,,,,,,,,,,,,,,,,,,,,,,,adiology.io,,,,,,,,,,,,,,,,,,,,,,,,,,,,,,,,,,,,,,,,,,,,,,,,,,,,,,,,,,,,,,,,,,,,,,,,,,,,,,,,,,,,,,,,,,,,,,,,,,,,,,,,,,,,,,,,,,,,,,,,,,,,,,,,,,,,,,,,,,,,,,,,,
"Campaign-Search-Feb 8, 2026 06:59 PM",,,,,,,,,,,Enabled,,Ad Group 7,2,Enabled,,how to hire adiology phone number,broad,Enabled,,,,,,,,,,,,,,,,,,,,,,,,adiology.io,,,,,,,,,,,,,,,,,,,,,,,,,,,,,,,,,,,,,,,,,,,,,,,,,,,,,,,,,,,,,,,,,,,,,,,,,,,,,,,,,,,,,,,,,,,,,,,,,,,,,,,,,,,,,,,,,,,,,,,,,,,,,,,,,,,,,,,,,,,,,,,,,
"Campaign-Search-Feb 8, 2026 06:59 PM",,,,,,,,,,,Enabled,,Ad Group 7,2,Enabled,,adiology services top,exact,Enabled,,,,,,,,,,,,,,,,,,,,,,,,adiology.io,,,,,,,,,,,,,,,,,,,,,,,,,,,,,,,,,,,,,,,,,,,,,,,,,,,,,,,,,,,,,,,,,,,,,,,,,,,,,,,,,,,,,,,,,,,,,,,,,,,,,,,,,,,,,,,,,,,,,,,,,,,,,,,,,,,,,,,,,,,,,,,,,
"Campaign-Search-Feb 8, 2026 06:59 PM",,,,,,,,,,,Enabled,,Ad Group 7,2,Enabled,,adiology - google campaign builder service,phrase,Enabled,,,,,,,,,,,,,,,,,,,,,,,,adiology.io,,,,,,,,,,,,,,,,,,,,,,,,,,,,,,,,,,,,,,,,,,,,,,,,,,,,,,,,,,,,,,,,,,,,,,,,,,,,,,,,,,,,,,,,,,,,,,,,,,,,,,,,,,,,,,,,,,,,,,,,,,,,,,,,,,,,,,,,,,,,,,,,,
"Campaign-Search-Feb 8, 2026 06:59 PM",,,,,,,,,,,Enabled,,Ad Group 7,2,Enabled,,fair adiology phone number,exact,Enabled,,,,,,,,,,,,,,,,,,,,,,,,adiology.io,,,,,,,,,,,,,,,,,,,,,,,,,,,,,,,,,,,,,,,,,,,,,,,,,,,,,,,,,,,,,,,,,,,,,,,,,,,,,,,,,,,,,,,,,,,,,,,,,,,,,,,,,,,,,,,,,,,,,,,,,,,,,,,,,,,,,,,,,,,,,,,,,
"Campaign-Search-Feb 8, 2026 06:59 PM",,,,,,,,,,,Enabled,,Ad Group 7,2,Enabled,,adiology phone number around me,broad,Enabled,,,,,,,,,,,,,,,,,,,,,,,,adiology.io,,,,,,,,,,,,,,,,,,,,,,,,,,,,,,,,,,,,,,,,,,,,,,,,,,,,,,,,,,,,,,,,,,,,,,,,,,,,,,,,,,,,,,,,,,,,,,,,,,,,,,,,,,,,,,,,,,,,,,,,,,,,,,,,,,,,,,,,,,,,,,,,,
"Campaign-Search-Feb 8, 2026 06:59 PM",,,,,,,,,,,Enabled,,Ad Group 7,2,Enabled,,adiology contact affordable,exact,Enabled,,,,,,,,,,,,,,,,,,,,,,,,adiology.io,,,,,,,,,,,,,,,,,,,,,,,,,,,,,,,,,,,,,,,,,,,,,,,,,,,,,,,,,,,,,,,,,,,,,,,,,,,,,,,,,,,,,,,,,,,,,,,,,,,,,,,,,,,,,,,,,,,,,,,,,,,,,,,,,,,,,,,,,,,,,,,,,
"Campaign-Search-Feb 8, 2026 06:59 PM",,,,,,,,,,,Enabled,,Ad Group 7,2,Enabled,,adiology - google campaign builder help,broad,Enabled,,,,,,,,,,,,,,,,,,,,,,,,adiology.io,,,,,,,,,,,,,,,,,,,,,,,,,,,,,,,,,,,,,,,,,,,,,,,,,,,,,,,,,,,,,,,,,,,,,,,,,,,,,,,,,,,,,,,,,,,,,,,,,,,,,,,,,,,,,,,,,,,,,,,,,,,,,,,,,,,,,,,,,,,,,,,,,
"Campaign-Search-Feb 8, 2026 06:59 PM",,,,,,,,,,,Enabled,,Ad Group 7,2,Enabled,,should I hire adiology phone number,exact,Enabled,,,,,,,,,,,,,,,,,,,,,,,,adiology.io,,,,,,,,,,,,,,,,,,,,,,,,,,,,,,,,,,,,,,,,,,,,,,,,,,,,,,,,,,,,,,,,,,,,,,,,,,,,,,,,,,,,,,,,,,,,,,,,,,,,,,,,,,,,,,,,,,,,,,,,,,,,,,,,,,,,,,,,,,,,,,,,,
"Campaign-Search-Feb 8, 2026 06:59 PM",,,,,,,,,,,Enabled,,Ad Group 7,2,Enabled,,purchase adiology - google campaign builder,broad,Enabled,,,,,,,,,,,,,,,,,,,,,,,,adiology.io,,,,,,,,,,,,,,,,,,,,,,,,,,,,,,,,,,,,,,,,,,,,,,,,,,,,,,,,,,,,,,,,,,,,,,,,,,,,,,,,,,,,,,,,,,,,,,,,,,,,,,,,,,,,,,,,,,,,,,,,,,,,,,,,,,,,,,,,,,,,,,,,,
"Campaign-Search-Feb 8, 2026 06:59 PM",,,,,,,,,,,Enabled,,Ad Group 7,2,Enabled,,adiology - google campaign builder or,broad,Enabled,,,,,,,,,,,,,,,,,,,,,,,,adiology.io,,,,,,,,,,,,,,,,,,,,,,,,,,,,,,,,,,,,,,,,,,,,,,,,,,,,,,,,,,,,,,,,,,,,,,,,,,,,,,,,,,,,,,,,,,,,,,,,,,,,,,,,,,,,,,,,,,,,,,,,,,,,,,,,,,,,,,,,,,,,,,,,,
"Campaign-Search-Feb 8, 2026 06:59 PM",,,,,,,,,,,Enabled,,Ad Group 7,2,Enabled,,adiology - google campaign builder professional,phrase,Enabled,,,,,,,,,,,,,,,,,,,,,,,,adiology.io,,,,,,,,,,,,,,,,,,,,,,,,,,,,,,,,,,,,,,,,,,,,,,,,,,,,,,,,,,,,,,,,,,,,,,,,,,,,,,,,,,,,,,,,,,,,,,,,,,,,,,,,,,,,,,,,,,,,,,,,,,,,,,,,,,,,,,,,,,,,,,,,,
"Campaign-Search-Feb 8, 2026 06:59 PM",,,,,,,,,,,Enabled,,Ad Group 7,2,Enabled,,adiology - google campaign builder now,exact,Enabled,,,,,,,,,,,,,,,,,,,,,,,,adiology.io,,,,,,,,,,,,,,,,,,,,,,,,,,,,,,,,,,,,,,,,,,,,,,,,,,,,,,,,,,,,,,,,,,,,,,,,,,,,,,,,,,,,,,,,,,,,,,,,,,,,,,,,,,,,,,,,,,,,,,,,,,,,,,,,,,,,,,,,,,,,,,,,,
"Campaign-Search-Feb 8, 2026 06:59 PM",,,,,,,,,,,Enabled,,Ad Group 7,2,Enabled,,adiology - google campaign builder inexpensive,exact,Enabled,,,,,,,,,,,,,,,,,,,,,,,,adiology.io,,,,,,,,,,,,,,,,,,,,,,,,,,,,,,,,,,,,,,,,,,,,,,,,,,,,,,,,,,,,,,,,,,,,,,,,,,,,,,,,,,,,,,,,,,,,,,,,,,,,,,,,,,,,,,,,,,,,,,,,,,,,,,,,,,,,,,,,,,,,,,,,,
"Campaign-Search-Feb 8, 2026 06:59 PM",,,,,,,,,,,Enabled,,Ad Group 7,2,Enabled,,adiology - google campaign builder downtown,phrase,Enabled,,,,,,,,,,,,,,,,,,,,,,,,adiology.io,,,,,,,,,,,,,,,,,,,,,,,,,,,,,,,,,,,,,,,,,,,,,,,,,,,,,,,,,,,,,,,,,,,,,,,,,,,,,,,,,,,,,,,,,,,,,,,,,,,,,,,,,,,,,,,,,,,,,,,,,,,,,,,,,,,,,,,,,,,,,,,,,
"Campaign-Search-Feb 8, 2026 06:59 PM",,,,,,,,,,,Enabled,,Ad Group 7,2,Enabled,,recommend adiology phone number,exact,Enabled,,,,,,,,,,,,,,,,,,,,,,,,adiology.io,,,,,,,,,,,,,,,,,,,,,,,,,,,,,,,,,,,,,,,,,,,,,,,,,,,,,,,,,,,,,,,,,,,,,,,,,,,,,,,,,,,,,,,,,,,,,,,,,,,,,,,,,,,,,,,,,,,,,,,,,,,,,,,,,,,,,,,,,,,,,,,,,
"Campaign-Search-Feb 8, 2026 06:59 PM",,,,,,,,,,,Enabled,,Ad Group 7,2,Enabled,,nearby adiology contact,broad,Enabled,,,,,,,,,,,,,,,,,,,,,,,,adiology.io,,,,,,,,,,,,,,,,,,,,,,,,,,,,,,,,,,,,,,,,,,,,,,,,,,,,,,,,,,,,,,,,,,,,,,,,,,,,,,,,,,,,,,,,,,,,,,,,,,,,,,,,,,,,,,,,,,,,,,,,,,,,,,,,,,,,,,,,,,,,,,,,,
"Campaign-Search-Feb 8, 2026 06:59 PM",,,,,,,,,,,Enabled,,Ad Group 7,2,Enabled,,local adiology phone number for business,phrase,Enabled,,,,,,,,,,,,,,,,,,,,,,,,adiology.io,,,,,,,,,,,,,,,,,,,,,,,,,,,,,,,,,,,,,,,,,,,,,,,,,,,,,,,,,,,,,,,,,,,,,,,,,,,,,,,,,,,,,,,,,,,,,,,,,,,,,,,,,,,,,,,,,,,,,,,,,,,,,,,,,,,,,,,,,,,,,,,,,
"Campaign-Search-Feb 8, 2026 06:59 PM",,,,,,,,,,,Enabled,,Ad Group 7,2,Enabled,,reputable adiology - google campaign builder,phrase,Enabled,,,,,,,,,,,,,,,,,,,,,,,,adiology.io,,,,,,,,,,,,,,,,,,,,,,,,,,,,,,,,,,,,,,,,,,,,,,,,,,,,,,,,,,,,,,,,,,,,,,,,,,,,,,,,,,,,,,,,,,,,,,,,,,,,,,,,,,,,,,,,,,,,,,,,,,,,,,,,,,,,,,,,,,,,,,,,,
"Campaign-Search-Feb 8, 2026 06:59 PM",,,,,,,,,,,Enabled,,Ad Group 7,2,Enabled,,adiology services help,exact,Enabled,,,,,,,,,,,,,,,,,,,,,,,,adiology.io,,,,,,,,,,,,,,,,,,,,,,,,,,,,,,,,,,,,,,,,,,,,,,,,,,,,,,,,,,,,,,,,,,,,,,,,,,,,,,,,,,,,,,,,,,,,,,,,,,,,,,,,,,,,,,,,,,,,,,,,,,,,,,,,,,,,,,,,,,,,,,,,,
"Campaign-Search-Feb 8, 2026 06:59 PM",,,,,,,,,,,Enabled,,Ad Group 7,2,Enabled,,adiology contact top,broad,Enabled,,,,,,,,,,,,,,,,,,,,,,,,adiology.io,,,,,,,,,,,,,,,,,,,,,,,,,,,,,,,,,,,,,,,,,,,,,,,,,,,,,,,,,,,,,,,,,,,,,,,,,,,,,,,,,,,,,,,,,,,,,,,,,,,,,,,,,,,,,,,,,,,,,,,,,,,,,,,,,,,,,,,,,,,,,,,,,
"Campaign-Search-Feb 8, 2026 06:59 PM",,,,,,,,,,,Enabled,,Ad Group 7,2,Enabled,,reputable adiology phone number,exact,Enabled,,,,,,,,,,,,,,,,,,,,,,,,adiology.io,,,,,,,,,,,,,,,,,,,,,,,,,,,,,,,,,,,,,,,,,,,,,,,,,,,,,,,,,,,,,,,,,,,,,,,,,,,,,,,,,,,,,,,,,,,,,,,,,,,,,,,,,,,,,,,,,,,,,,,,,,,,,,,,,,,,,,,,,,,,,,,,,
"Campaign-Search-Feb 8, 2026 06:59 PM",,,,,,,,,,,Enabled,,Ad Group 7,2,Enabled,,compare a adiology phone number,phrase,Enabled,,,,,,,,,,,,,,,,,,,,,,,,adiology.io,,,,,,,,,,,,,,,,,,,,,,,,,,,,,,,,,,,,,,,,,,,,,,,,,,,,,,,,,,,,,,,,,,,,,,,,,,,,,,,,,,,,,,,,,,,,,,,,,,,,,,,,,,,,,,,,,,,,,,,,,,,,,,,,,,,,,,,,,,,,,,,,,
"Campaign-Search-Feb 8, 2026 06:59 PM",,,,,,,,,,,Enabled,,Ad Group 7,2,Enabled,,black owned adiology contact,broad,Enabled,,,,,,,,,,,,,,,,,,,,,,,,adiology.io,,,,,,,,,,,,,,,,,,,,,,,,,,,,,,,,,,,,,,,,,,,,,,,,,,,,,,,,,,,,,,,,,,,,,,,,,,,,,,,,,,,,,,,,,,,,,,,,,,,,,,,,,,,,,,,,,,,,,,,,,,,,,,,,,,,,,,,,,,,,,,,,,
"Campaign-Search-Feb 8, 2026 06:59 PM",,,,,,,,,,,Enabled,,Ad Group 7,2,Enabled,,emergency adiology phone number,broad,Enabled,,,,,,,,,,,,,,,,,,,,,,,,adiology.io,,,,,,,,,,,,,,,,,,,,,,,,,,,,,,,,,,,,,,,,,,,,,,,,,,,,,,,,,,,,,,,,,,,,,,,,,,,,,,,,,,,,,,,,,,,,,,,,,,,,,,,,,,,,,,,,,,,,,,,,,,,,,,,,,,,,,,,,,,,,,,,,,
"Campaign-Search-Feb 8, 2026 06:59 PM",,,,,,,,,,,Enabled,,Ad Group 7,2,Enabled,,adiology - google campaign builder instant,phrase,Enabled,,,,,,,,,,,,,,,,,,,,,,,,adiology.io,,,,,,,,,,,,,,,,,,,,,,,,,,,,,,,,,,,,,,,,,,,,,,,,,,,,,,,,,,,,,,,,,,,,,,,,,,,,,,,,,,,,,,,,,,,,,,,,,,,,,,,,,,,,,,,,,,,,,,,,,,,,,,,,,,,,,,,,,,,,,,,,,
"Campaign-Search-Feb 8, 2026 06:59 PM",,,,,,,,,,,Enabled,,Ad Group 7,2,Enabled,,value adiology - google campaign builder,broad,Enabled,,,,,,,,,,,,,,,,,,,,,,,,adiology.io,,,,,,,,,,,,,,,,,,,,,,,,,,,,,,,,,,,,,,,,,,,,,,,,,,,,,,,,,,,,,,,,,,,,,,,,,,,,,,,,,,,,,,,,,,,,,,,,,,,,,,,,,,,,,,,,,,,,,,,,,,,,,,,,,,,,,,,,,,,,,,,,,
"Campaign-Search-Feb 8, 2026 06:59 PM",,,,,,,,,,,Enabled,,Ad Group 7,2,Enabled,,adiology phone number woman owned,broad,Enabled,,,,,,,,,,,,,,,,,,,,,,,,adiology.io,,,,,,,,,,,,,,,,,,,,,,,,,,,,,,,,,,,,,,,,,,,,,,,,,,,,,,,,,,,,,,,,,,,,,,,,,,,,,,,,,,,,,,,,,,,,,,,,,,,,,,,,,,,,,,,,,,,,,,,,,,,,,,,,,,,,,,,,,,,,,,,,,
"Campaign-Search-Feb 8, 2026 06:59 PM",,,,,,,,,,,Enabled,,Ad Group 7,2,Enabled,,adiology contact immediate,phrase,Enabled,,,,,,,,,,,,,,,,,,,,,,,,adiology.io,,,,,,,,,,,,,,,,,,,,,,,,,,,,,,,,,,,,,,,,,,,,,,,,,,,,,,,,,,,,,,,,,,,,,,,,,,,,,,,,,,,,,,,,,,,,,,,,,,,,,,,,,,,,,,,,,,,,,,,,,,,,,,,,,,,,,,,,,,,,,,,,,
"Campaign-Search-Feb 8, 2026 06:59 PM",,,,,,,,,,,Enabled,,Ad Group 7,2,Enabled,,leading adiology phone number,broad,Enabled,,,,,,,,,,,,,,,,,,,,,,,,adiology.io,,,,,,,,,,,,,,,,,,,,,,,,,,,,,,,,,,,,,,,,,,,,,,,,,,,,,,,,,,,,,,,,,,,,,,,,,,,,,,,,,,,,,,,,,,,,,,,,,,,,,,,,,,,,,,,,,,,,,,,,,,,,,,,,,,,,,,,,,,,,,,,,,
"Campaign-Search-Feb 8, 2026 06:59 PM",,,,,,,,,,,Enabled,,Ad Group 7,2,Enabled,,adiology - google campaign builder value,phrase,Enabled,,,,,,,,,,,,,,,,,,,,,,,,adiology.io,,,,,,,,,,,,,,,,,,,,,,,,,,,,,,,,,,,,,,,,,,,,,,,,,,,,,,,,,,,,,,,,,,,,,,,,,,,,,,,,,,,,,,,,,,,,,,,,,,,,,,,,,,,,,,,,,,,,,,,,,,,,,,,,,,,,,,,,,,,,,,,,,
"Campaign-Search-Feb 8, 2026 06:59 PM",,,,,,,,,,,Enabled,,Ad Group 7,2,Enabled,,looking for adiology phone number,phrase,Enabled,,,,,,,,,,,,,,,,,,,,,,,,adiology.io,,,,,,,,,,,,,,,,,,,,,,,,,,,,,,,,,,,,,,,,,,,,,,,,,,,,,,,,,,,,,,,,,,,,,,,,,,,,,,,,,,,,,,,,,,,,,,,,,,,,,,,,,,,,,,,,,,,,,,,,,,,,,,,,,,,,,,,,,,,,,,,,,
"Campaign-Search-Feb 8, 2026 06:59 PM",,,,,,,,,,,Enabled,,Ad Group 7,2,Enabled,,adiology contact same day,broad,Enabled,,,,,,,,,,,,,,,,,,,,,,,,adiology.io,,,,,,,,,,,,,,,,,,,,,,,,,,,,,,,,,,,,,,,,,,,,,,,,,,,,,,,,,,,,,,,,,,,,,,,,,,,,,,,,,,,,,,,,,,,,,,,,,,,,,,,,,,,,,,,,,,,,,,,,,,,,,,,,,,,,,,,,,,,,,,,,,
"Campaign-Search-Feb 8, 2026 06:59 PM",,,,,,,,,,,Enabled,,Ad Group 7,2,Enabled,,adiology phone number with guarantee,broad,Enabled,,,,,,,,,,,,,,,,,,,,,,,,adiology.io,,,,,,,,,,,,,,,,,,,,,,,,,,,,,,,,,,,,,,,,,,,,,,,,,,,,,,,,,,,,,,,,,,,,,,,,,,,,,,,,,,,,,,,,,,,,,,,,,,,,,,,,,,,,,,,,,,,,,,,,,,,,,,,,,,,,,,,,,,,,,,,,,
"Campaign-Search-Feb 8, 2026 06:59 PM",,,,,,,,,,,Enabled,,Ad Group 7,2,Enabled,,adiology phone number express,exact,Enabled,,,,,,,,,,,,,,,,,,,,,,,,adiology.io,,,,,,,,,,,,,,,,,,,,,,,,,,,,,,,,,,,,,,,,,,,,,,,,,,,,,,,,,,,,,,,,,,,,,,,,,,,,,,,,,,,,,,,,,,,,,,,,,,,,,,,,,,,,,,,,,,,,,,,,,,,,,,,,,,,,,,,,,,,,,,,,,
"Campaign-Search-Feb 8, 2026 06:59 PM",,,,,,,,,,,Enabled,,Ad Group 7,2,Enabled,,adiology services get,broad,Enabled,,,,,,,,,,,,,,,,,,,,,,,,adiology.io,,,,,,,,,,,,,,,,,,,,,,,,,,,,,,,,,,,,,,,,,,,,,,,,,,,,,,,,,,,,,,,,,,,,,,,,,,,,,,,,,,,,,,,,,,,,,,,,,,,,,,,,,,,,,,,,,,,,,,,,,,,,,,,,,,,,,,,,,,,,,,,,,
"Campaign-Search-Feb 8, 2026 06:59 PM",,,,,,,,,,,Enabled,,Ad Group 7,2,Enabled,,weekend adiology - google campaign builder,exact,Enabled,,,,,,,,,,,,,,,,,,,,,,,,adiology.io,,,,,,,,,,,,,,,,,,,,,,,,,,,,,,,,,,,,,,,,,,,,,,,,,,,,,,,,,,,,,,,,,,,,,,,,,,,,,,,,,,,,,,,,,,,,,,,,,,,,,,,,,,,,,,,,,,,,,,,,,,,,,,,,,,,,,,,,,,,,,,,,,
"Campaign-Search-Feb 8, 2026 06:59 PM",,,,,,,,,,,Enabled,,Ad Group 7,2,Enabled,,adiology phone number local,exact,Enabled,,,,,,,,,,,,,,,,,,,,,,,,adiology.io,,,,,,,,,,,,,,,,,,,,,,,,,,,,,,,,,,,,,,,,,,,,,,,,,,,,,,,,,,,,,,,,,,,,,,,,,,,,,,,,,,,,,,,,,,,,,,,,,,,,,,,,,,,,,,,,,,,,,,,,,,,,,,,,,,,,,,,,,,,,,,,,,
"Campaign-Search-Feb 8, 2026 06:59 PM",,,,,,,,,,,Enabled,,Ad Group 7,2,Enabled,,local adiology - google campaign builder,exact,Enabled,,,,,,,,,,,,,,,,,,,,,,,,adiology.io,,,,,,,,,,,,,,,,,,,,,,,,,,,,,,,,,,,,,,,,,,,,,,,,,,,,,,,,,,,,,,,,,,,,,,,,,,,,,,,,,,,,,,,,,,,,,,,,,,,,,,,,,,,,,,,,,,,,,,,,,,,,,,,,,,,,,,,,,,,,,,,,,
"Campaign-Search-Feb 8, 2026 06:59 PM",,,,,,,,,,,Enabled,,Ad Group 7,2,Enabled,,adiology - google campaign builder inexpensive,phrase,Enabled,,,,,,,,,,,,,,,,,,,,,,,,adiology.io,,,,,,,,,,,,,,,,,,,,,,,,,,,,,,,,,,,,,,,,,,,,,,,,,,,,,,,,,,,,,,,,,,,,,,,,,,,,,,,,,,,,,,,,,,,,,,,,,,,,,,,,,,,,,,,,,,,,,,,,,,,,,,,,,,,,,,,,,,,,,,,,,
"Campaign-Search-Feb 8, 2026 06:59 PM",,,,,,,,,,,Enabled,,Ad Group 7,2,Enabled,,adiology - google campaign builder 24/7,exact,Enabled,,,,,,,,,,,,,,,,,,,,,,,,adiology.io,,,,,,,,,,,,,,,,,,,,,,,,,,,,,,,,,,,,,,,,,,,,,,,,,,,,,,,,,,,,,,,,,,,,,,,,,,,,,,,,,,,,,,,,,,,,,,,,,,,,,,,,,,,,,,,,,,,,,,,,,,,,,,,,,,,,,,,,,,,,,,,,,
"Campaign-Search-Feb 8, 2026 06:59 PM",,,,,,,,,,,Enabled,,Ad Group 7,2,Enabled,,find a adiology phone number,phrase,Enabled,,,,,,,,,,,,,,,,,,,,,,,,adiology.io,,,,,,,,,,,,,,,,,,,,,,,,,,,,,,,,,,,,,,,,,,,,,,,,,,,,,,,,,,,,,,,,,,,,,,,,,,,,,,,,,,,,,,,,,,,,,,,,,,,,,,,,,,,,,,,,,,,,,,,,,,,,,,,,,,,,,,,,,,,,,,,,,
"Campaign-Search-Feb 8, 2026 06:59 PM",,,,,,,,,,,Enabled,,Ad Group 7,2,Enabled,,compare adiology - google campaign builder,phrase,Enabled,,,,,,,,,,,,,,,,,,,,,,,,adiology.io,,,,,,,,,,,,,,,,,,,,,,,,,,,,,,,,,,,,,,,,,,,,,,,,,,,,,,,,,,,,,,,,,,,,,,,,,,,,,,,,,,,,,,,,,,,,,,,,,,,,,,,,,,,,,,,,,,,,,,,,,,,,,,,,,,,,,,,,,,,,,,,,,
"Campaign-Search-Feb 8, 2026 06:59 PM",,,,,,,,,,,Enabled,,Ad Group 7,2,Enabled,,courteous adiology - google campaign builder,phrase,Enabled,,,,,,,,,,,,,,,,,,,,,,,,adiology.io,,,,,,,,,,,,,,,,,,,,,,,,,,,,,,,,,,,,,,,,,,,,,,,,,,,,,,,,,,,,,,,,,,,,,,,,,,,,,,,,,,,,,,,,,,,,,,,,,,,,,,,,,,,,,,,,,,,,,,,,,,,,,,,,,,,,,,,,,,,,,,,,,
"Campaign-Search-Feb 8, 2026 06:59 PM",,,,,,,,,,,Enabled,,Ad Group 7,2,Enabled,,premium adiology phone number,exact,Enabled,,,,,,,,,,,,,,,,,,,,,,,,adiology.io,,,,,,,,,,,,,,,,,,,,,,,,,,,,,,,,,,,,,,,,,,,,,,,,,,,,,,,,,,,,,,,,,,,,,,,,,,,,,,,,,,,,,,,,,,,,,,,,,,,,,,,,,,,,,,,,,,,,,,,,,,,,,,,,,,,,,,,,,,,,,,,,,
"Campaign-Search-Feb 8, 2026 06:59 PM",,,,,,,,,,,Enabled,,Ad Group 7,2,Enabled,,adiology services near me,phrase,Enabled,,,,,,,,,,,,,,,,,,,,,,,,adiology.io,,,,,,,,,,,,,,,,,,,,,,,,,,,,,,,,,,,,,,,,,,,,,,,,,,,,,,,,,,,,,,,,,,,,,,,,,,,,,,,,,,,,,,,,,,,,,,,,,,,,,,,,,,,,,,,,,,,,,,,,,,,,,,,,,,,,,,,,,,,,,,,,,
"Campaign-Search-Feb 8, 2026 06:59 PM",,,,,,,,,,,Enabled,,Ad Group 7,2,Enabled,,reputable adiology phone number,broad,Enabled,,,,,,,,,,,,,,,,,,,,,,,,adiology.io,,,,,,,,,,,,,,,,,,,,,,,,,,,,,,,,,,,,,,,,,,,,,,,,,,,,,,,,,,,,,,,,,,,,,,,,,,,,,,,,,,,,,,,,,,,,,,,,,,,,,,,,,,,,,,,,,,,,,,,,,,,,,,,,,,,,,,,,,,,,,,,,,
"Campaign-Search-Feb 8, 2026 06:59 PM",,,,,,,,,,,Enabled,,Ad Group 7,2,Enabled,,adiology phone number reasonable,broad,Enabled,,,,,,,,,,,,,,,,,,,,,,,,adiology.io,,,,,,,,,,,,,,,,,,,,,,,,,,,,,,,,,,,,,,,,,,,,,,,,,,,,,,,,,,,,,,,,,,,,,,,,,,,,,,,,,,,,,,,,,,,,,,,,,,,,,,,,,,,,,,,,,,,,,,,,,,,,,,,,,,,,,,,,,,,,,,,,,
"Campaign-Search-Feb 8, 2026 06:59 PM",,,,,,,,,,,Enabled,,Ad Group 7,2,Enabled,,licensed adiology - google campaign builder,broad,Enabled,,,,,,,,,,,,,,,,,,,,,,,,adiology.io,,,,,,,,,,,,,,,,,,,,,,,,,,,,,,,,,,,,,,,,,,,,,,,,,,,,,,,,,,,,,,,,,,,,,,,,,,,,,,,,,,,,,,,,,,,,,,,,,,,,,,,,,,,,,,,,,,,,,,,,,,,,,,,,,,,,,,,,,,,,,,,,,
"Campaign-Search-Feb 8, 2026 06:59 PM",,,,,,,,,,,Enabled,,Ad Group 7,2,Enabled,,professional adiology phone number,broad,Enabled,,,,,,,,,,,,,,,,,,,,,,,,adiology.io,,,,,,,,,,,,,,,,,,,,,,,,,,,,,,,,,,,,,,,,,,,,,,,,,,,,,,,,,,,,,,,,,,,,,,,,,,,,,,,,,,,,,,,,,,,,,,,,,,,,,,,,,,,,,,,,,,,,,,,,,,,,,,,,,,,,,,,,,,,,,,,,,
"Campaign-Search-Feb 8, 2026 06:59 PM",,,,,,,,,,,Enabled,,Ad Group 7,2,Enabled,,urgent adiology - google campaign builder,broad,Enabled,,,,,,,,,,,,,,,,,,,,,,,,adiology.io,,,,,,,,,,,,,,,,,,,,,,,,,,,,,,,,,,,,,,,,,,,,,,,,,,,,,,,,,,,,,,,,,,,,,,,,,,,,,,,,,,,,,,,,,,,,,,,,,,,,,,,,,,,,,,,,,,,,,,,,,,,,,,,,,,,,,,,,,,,,,,,,,
"Campaign-Search-Feb 8, 2026 06:59 PM",,,,,,,,,,,Enabled,,Ad Group 7,2,Enabled,,veteran owned adiology contact,exact,Enabled,,,,,,,,,,,,,,,,,,,,,,,,adiology.io,,,,,,,,,,,,,,,,,,,,,,,,,,,,,,,,,,,,,,,,,,,,,,,,,,,,,,,,,,,,,,,,,,,,,,,,,,,,,,,,,,,,,,,,,,,,,,,,,,,,,,,,,,,,,,,,,,,,,,,,,,,,,,,,,,,,,,,,,,,,,,,,,
"Campaign-Search-Feb 8, 2026 06:59 PM",,,,,,,,,,,Enabled,,Ad Group 7,2,Enabled,,nearby adiology - google campaign builder,phrase,Enabled,,,,,,,,,,,,,,,,,,,,,,,,adiology.io,,,,,,,,,,,,,,,,,,,,,,,,,,,,,,,,,,,,,,,,,,,,,,,,,,,,,,,,,,,,,,,,,,,,,,,,,,,,,,,,,,,,,,,,,,,,,,,,,,,,,,,,,,,,,,,,,,,,,,,,,,,,,,,,,,,,,,,,,,,,,,,,,
"Campaign-Search-Feb 8, 2026 06:59 PM",,,,,,,,,,,Enabled,,Ad Group 7,2,Enabled,,adiology phone number veteran owned,broad,Enabled,,,,,,,,,,,,,,,,,,,,,,,,adiology.io,,,,,,,,,,,,,,,,,,,,,,,,,,,,,,,,,,,,,,,,,,,,,,,,,,,,,,,,,,,,,,,,,,,,,,,,,,,,,,,,,,,,,,,,,,,,,,,,,,,,,,,,,,,,,,,,,,,,,,,,,,,,,,,,,,,,,,,,,,,,,,,,,
"Campaign-Search-Feb 8, 2026 06:59 PM",,,,,,,,,,,Enabled,,Ad Group 7,2,Enabled,,adiology phone number nearby,broad,Enabled,,,,,,,,,,,,,,,,,,,,,,,,adiology.io,,,,,,,,,,,,,,,,,,,,,,,,,,,,,,,,,,,,,,,,,,,,,,,,,,,,,,,,,,,,,,,,,,,,,,,,,,,,,,,,,,,,,,,,,,,,,,,,,,,,,,,,,,,,,,,,,,,,,,,,,,,,,,,,,,,,,,,,,,,,,,,,,
"Campaign-Search-Feb 8, 2026 06:59 PM",,,,,,,,,,,Enabled,,Ad Group 7,2,Enabled,,woman owned adiology phone number,broad,Enabled,,,,,,,,,,,,,,,,,,,,,,,,adiology.io,,,,,,,,,,,,,,,,,,,,,,,,,,,,,,,,,,,,,,,,,,,,,,,,,,,,,,,,,,,,,,,,,,,,,,,,,,,,,,,,,,,,,,,,,,,,,,,,,,,,,,,,,,,,,,,,,,,,,,,,,,,,,,,,,,,,,,,,,,,,,,,,,
"Campaign-Search-Feb 8, 2026 06:59 PM",,,,,,,,,,,Enabled,,Ad Group 7,2,Enabled,,experienced adiology phone number,phrase,Enabled,,,,,,,,,,,,,,,,,,,,,,,,adiology.io,,,,,,,,,,,,,,,,,,,,,,,,,,,,,,,,,,,,,,,,,,,,,,,,,,,,,,,,,,,,,,,,,,,,,,,,,,,,,,,,,,,,,,,,,,,,,,,,,,,,,,,,,,,,,,,,,,,,,,,,,,,,,,,,,,,,,,,,,,,,,,,,,
"Campaign-Search-Feb 8, 2026 06:59 PM",,,,,,,,,,,Enabled,,Ad Group 7,2,Enabled,,adiology - google campaign builder vs,broad,Enabled,,,,,,,,,,,,,,,,,,,,,,,,adiology.io,,,,,,,,,,,,,,,,,,,,,,,,,,,,,,,,,,,,,,,,,,,,,,,,,,,,,,,,,,,,,,,,,,,,,,,,,,,,,,,,,,,,,,,,,,,,,,,,,,,,,,,,,,,,,,,,,,,,,,,,,,,,,,,,,,,,,,,,,,,,,,,,,
"Campaign-Search-Feb 8, 2026 06:59 PM",,,,,,,,,,,Enabled,,Ad Group 7,2,Enabled,,adiology services local,phrase,Enabled,,,,,,,,,,,,,,,,,,,,,,,,adiology.io,,,,,,,,,,,,,,,,,,,,,,,,,,,,,,,,,,,,,,,,,,,,,,,,,,,,,,,,,,,,,,,,,,,,,,,,,,,,,,,,,,,,,,,,,,,,,,,,,,,,,,,,,,,,,,,,,,,,,,,,,,,,,,,,,,,,,,,,,,,,,,,,,
"Campaign-Search-Feb 8, 2026 06:59 PM",,,,,,,,,,,Enabled,,Ad Group 7,2,Enabled,,adiology phone number within me,phrase,Enabled,,,,,,,,,,,,,,,,,,,,,,,,adiology.io,,,,,,,,,,,,,,,,,,,,,,,,,,,,,,,,,,,,,,,,,,,,,,,,,,,,,,,,,,,,,,,,,,,,,,,,,,,,,,,,,,,,,,,,,,,,,,,,,,,,,,,,,,,,,,,,,,,,,,,,,,,,,,,,,,,,,,,,,,,,,,,,,
"Campaign-Search-Feb 8, 2026 06:59 PM",,,,,,,,,,,Enabled,,Ad Group 7,2,Enabled,,premier adiology - google campaign builder,phrase,Enabled,,,,,,,,,,,,,,,,,,,,,,,,adiology.io,,,,,,,,,,,,,,,,,,,,,,,,,,,,,,,,,,,,,,,,,,,,,,,,,,,,,,,,,,,,,,,,,,,,,,,,,,,,,,,,,,,,,,,,,,,,,,,,,,,,,,,,,,,,,,,,,,,,,,,,,,,,,,,,,,,,,,,,,,,,,,,,,
"Campaign-Search-Feb 8, 2026 06:59 PM",,,,,,,,,,,Enabled,,Ad Group 7,2,Enabled,,nearby adiology contact,phrase,Enabled,,,,,,,,,,,,,,,,,,,,,,,,adiology.io,,,,,,,,,,,,,,,,,,,,,,,,,,,,,,,,,,,,,,,,,,,,,,,,,,,,,,,,,,,,,,,,,,,,,,,,,,,,,,,,,,,,,,,,,,,,,,,,,,,,,,,,,,,,,,,,,,,,,,,,,,,,,,,,,,,,,,,,,,,,,,,,,
"Campaign-Search-Feb 8, 2026 06:59 PM",,,,,,,,,,,Enabled,,Ad Group 7,2,Enabled,,adiology contact service,broad,Enabled,,,,,,,,,,,,,,,,,,,,,,,,adiology.io,,,,,,,,,,,,,,,,,,,,,,,,,,,,,,,,,,,,,,,,,,,,,,,,,,,,,,,,,,,,,,,,,,,,,,,,,,,,,,,,,,,,,,,,,,,,,,,,,,,,,,,,,,,,,,,,,,,,,,,,,,,,,,,,,,,,,,,,,,,,,,,,,
"Campaign-Search-Feb 8, 2026 06:59 PM",,,,,,,,,,,Enabled,,Ad Group 7,2,Enabled,,adiology phone number 24 hour,broad,Enabled,,,,,,,,,,,,,,,,,,,,,,,,adiology.io,,,,,,,,,,,,,,,,,,,,,,,,,,,,,,,,,,,,,,,,,,,,,,,,,,,,,,,,,,,,,,,,,,,,,,,,,,,,,,,,,,,,,,,,,,,,,,,,,,,,,,,,,,,,,,,,,,,,,,,,,,,,,,,,,,,,,,,,,,,,,,,,,
"Campaign-Search-Feb 8, 2026 06:59 PM",,,,,,,,,,,Enabled,,Ad Group 7,2,Enabled,,same day adiology contact,exact,Enabled,,,,,,,,,,,,,,,,,,,,,,,,adiology.io,,,,,,,,,,,,,,,,,,,,,,,,,,,,,,,,,,,,,,,,,,,,,,,,,,,,,,,,,,,,,,,,,,,,,,,,,,,,,,,,,,,,,,,,,,,,,,,,,,,,,,,,,,,,,,,,,,,,,,,,,,,,,,,,,,,,,,,,,,,,,,,,,
"Campaign-Search-Feb 8, 2026 06:59 PM",,,,,,,,,,,Enabled,,Ad Group 7,2,Enabled,,adiology - google campaign builder closest,broad,Enabled,,,,,,,,,,,,,,,,,,,,,,,,adiology.io,,,,,,,,,,,,,,,,,,,,,,,,,,,,,,,,,,,,,,,,,,,,,,,,,,,,,,,,,,,,,,,,,,,,,,,,,,,,,,,,,,,,,,,,,,,,,,,,,,,,,,,,,,,,,,,,,,,,,,,,,,,,,,,,,,,,,,,,,,,,,,,,,
"Campaign-Search-Feb 8, 2026 06:59 PM",,,,,,,,,,,Enabled,,Ad Group 7,2,Enabled,,local adiology phone number,phrase,Enabled,,,,,,,,,,,,,,,,,,,,,,,,adiology.io,,,,,,,,,,,,,,,,,,,,,,,,,,,,,,,,,,,,,,,,,,,,,,,,,,,,,,,,,,,,,,,,,,,,,,,,,,,,,,,,,,,,,,,,,,,,,,,,,,,,,,,,,,,,,,,,,,,,,,,,,,,,,,,,,,,,,,,,,,,,,,,,,
"Campaign-Search-Feb 8, 2026 06:59 PM",,,,,,,,,,,Enabled,,Ad Group 7,2,Enabled,,review a adiology phone number,broad,Enabled,,,,,,,,,,,,,,,,,,,,,,,,adiology.io,,,,,,,,,,,,,,,,,,,,,,,,,,,,,,,,,,,,,,,,,,,,,,,,,,,,,,,,,,,,,,,,,,,,,,,,,,,,,,,,,,,,,,,,,,,,,,,,,,,,,,,,,,,,,,,,,,,,,,,,,,,,,,,,,,,,,,,,,,,,,,,,,
"Campaign-Search-Feb 8, 2026 06:59 PM",,,,,,,,,,,Enabled,,Ad Group 7,2,Enabled,,adiology phone number 24 hour,exact,Enabled,,,,,,,,,,,,,,,,,,,,,,,,adiology.io,,,,,,,,,,,,,,,,,,,,,,,,,,,,,,,,,,,,,,,,,,,,,,,,,,,,,,,,,,,,,,,,,,,,,,,,,,,,,,,,,,,,,,,,,,,,,,,,,,,,,,,,,,,,,,,,,,,,,,,,,,,,,,,,,,,,,,,,,,,,,,,,,
"Campaign-Search-Feb 8, 2026 06:59 PM",,,,,,,,,,,Enabled,,Ad Group 7,2,Enabled,,how much is adiology phone number,exact,Enabled,,,,,,,,,,,,,,,,,,,,,,,,adiology.io,,,,,,,,,,,,,,,,,,,,,,,,,,,,,,,,,,,,,,,,,,,,,,,,,,,,,,,,,,,,,,,,,,,,,,,,,,,,,,,,,,,,,,,,,,,,,,,,,,,,,,,,,,,,,,,,,,,,,,,,,,,,,,,,,,,,,,,,,,,,,,,,,
"Campaign-Search-Feb 8, 2026 06:59 PM",,,,,,,,,,,Enabled,,Ad Group 7,2,Enabled,,adiology contact night,phrase,Enabled,,,,,,,,,,,,,,,,,,,,,,,,adiology.io,,,,,,,,,,,,,,,,,,,,,,,,,,,,,,,,,,,,,,,,,,,,,,,,,,,,,,,,,,,,,,,,,,,,,,,,,,,,,,,,,,,,,,,,,,,,,,,,,,,,,,,,,,,,,,,,,,,,,,,,,,,,,,,,,,,,,,,,,,,,,,,,,
"Campaign-Search-Feb 8, 2026 06:59 PM",,,,,,,,,,,Enabled,,Ad Group 7,2,Enabled,,adiology contact support,phrase,Enabled,,,,,,,,,,,,,,,,,,,,,,,,adiology.io,,,,,,,,,,,,,,,,,,,,,,,,,,,,,,,,,,,,,,,,,,,,,,,,,,,,,,,,,,,,,,,,,,,,,,,,,,,,,,,,,,,,,,,,,,,,,,,,,,,,,,,,,,,,,,,,,,,,,,,,,,,,,,,,,,,,,,,,,,,,,,,,,
"Campaign-Search-Feb 8, 2026 06:59 PM",,,,,,,,,,,Enabled,,Ad Group 7,2,Enabled,,adiology contact price,exact,Enabled,,,,,,,,,,,,,,,,,,,,,,,,adiology.io,,,,,,,,,,,,,,,,,,,,,,,,,,,,,,,,,,,,,,,,,,,,,,,,,,,,,,,,,,,,,,,,,,,,,,,,,,,,,,,,,,,,,,,,,,,,,,,,,,,,,,,,,,,,,,,,,,,,,,,,,,,,,,,,,,,,,,,,,,,,,,,,,
"Campaign-Search-Feb 8, 2026 06:59 PM",,,,,,,,,,,Enabled,,Ad Group 7,2,Enabled,,black owned adiology contact,phrase,Enabled,,,,,,,,,,,,,,,,,,,,,,,,adiology.io,,,,,,,,,,,,,,,,,,,,,,,,,,,,,,,,,,,,,,,,,,,,,,,,,,,,,,,,,,,,,,,,,,,,,,,,,,,,,,,,,,,,,,,,,,,,,,,,,,,,,,,,,,,,,,,,,,,,,,,,,,,,,,,,,,,,,,,,,,,,,,,,,
"Campaign-Search-Feb 8, 2026 06:59 PM",,,,,,,,,,,Enabled,,Ad Group 7,2,Enabled,,adiology phone number same day,exact,Enabled,,,,,,,,,,,,,,,,,,,,,,,,adiology.io,,,,,,,,,,,,,,,,,,,,,,,,,,,,,,,,,,,,,,,,,,,,,,,,,,,,,,,,,,,,,,,,,,,,,,,,,,,,,,,,,,,,,,,,,,,,,,,,,,,,,,,,,,,,,,,,,,,,,,,,,,,,,,,,,,,,,,,,,,,,,,,,,
"Campaign-Search-Feb 8, 2026 06:59 PM",,,,,,,,,,,Enabled,,Ad Group 7,2,Enabled,,adiology contact same day,exact,Enabled,,,,,,,,,,,,,,,,,,,,,,,,adiology.io,,,,,,,,,,,,,,,,,,,,,,,,,,,,,,,,,,,,,,,,,,,,,,,,,,,,,,,,,,,,,,,,,,,,,,,,,,,,,,,,,,,,,,,,,,,,,,,,,,,,,,,,,,,,,,,,,,,,,,,,,,,,,,,,,,,,,,,,,,,,,,,,,
"Campaign-Search-Feb 8, 2026 06:59 PM",,,,,,,,,,,Enabled,,Ad Group 7,2,Enabled,,adiology - google campaign builder residential,phrase,Enabled,,,,,,,,,,,,,,,,,,,,,,,,adiology.io,,,,,,,,,,,,,,,,,,,,,,,,,,,,,,,,,,,,,,,,,,,,,,,,,,,,,,,,,,,,,,,,,,,,,,,,,,,,,,,,,,,,,,,,,,,,,,,,,,,,,,,,,,,,,,,,,,,,,,,,,,,,,,,,,,,,,,,,,,,,,,,,,
"Campaign-Search-Feb 8, 2026 06:59 PM",,,,,,,,,,,Enabled,,Ad Group 7,2,Enabled,,review adiology - google campaign builder,broad,Enabled,,,,,,,,,,,,,,,,,,,,,,,,adiology.io,,,,,,,,,,,,,,,,,,,,,,,,,,,,,,,,,,,,,,,,,,,,,,,,,,,,,,,,,,,,,,,,,,,,,,,,,,,,,,,,,,,,,,,,,,,,,,,,,,,,,,,,,,,,,,,,,,,,,,,,,,,,,,,,,,,,,,,,,,,,,,,,,
"Campaign-Search-Feb 8, 2026 06:59 PM",,,,,,,,,,,Enabled,,Ad Group 7,2,Enabled,,adiology - google campaign builder trusted,exact,Enabled,,,,,,,,,,,,,,,,,,,,,,,,adiology.io,,,,,,,,,,,,,,,,,,,,,,,,,,,,,,,,,,,,,,,,,,,,,,,,,,,,,,,,,,,,,,,,,,,,,,,,,,,,,,,,,,,,,,,,,,,,,,,,,,,,,,,,,,,,,,,,,,,,,,,,,,,,,,,,,,,,,,,,,,,,,,,,,
"Campaign-Search-Feb 8, 2026 06:59 PM",,,,,,,,,,,Enabled,,Ad Group 7,2,Enabled,,affordable adiology phone number local,exact,Enabled,,,,,,,,,,,,,,,,,,,,,,,,adiology.io,,,,,,,,,,,,,,,,,,,,,,,,,,,,,,,,,,,,,,,,,,,,,,,,,,,,,,,,,,,,,,,,,,,,,,,,,,,,,,,,,,,,,,,,,,,,,,,,,,,,,,,,,,,,,,,,,,,,,,,,,,,,,,,,,,,,,,,,,,,,,,,,,
"Campaign-Search-Feb 8, 2026 06:59 PM",,,,,,,,,,,Enabled,,Ad Group 7,2,Enabled,,weekend adiology contact,broad,Enabled,,,,,,,,,,,,,,,,,,,,,,,,adiology.io,,,,,,,,,,,,,,,,,,,,,,,,,,,,,,,,,,,,,,,,,,,,,,,,,,,,,,,,,,,,,,,,,,,,,,,,,,,,,,,,,,,,,,,,,,,,,,,,,,,,,,,,,,,,,,,,,,,,,,,,,,,,,,,,,,,,,,,,,,,,,,,,,
"Campaign-Search-Feb 8, 2026 06:59 PM",,,,,,,,,,,Enabled,,Ad Group 7,2,Enabled,,adiology - google campaign builder professional,broad,Enabled,,,,,,,,,,,,,,,,,,,,,,,,adiology.io,,,,,,,,,,,,,,,,,,,,,,,,,,,,,,,,,,,,,,,,,,,,,,,,,,,,,,,,,,,,,,,,,,,,,,,,,,,,,,,,,,,,,,,,,,,,,,,,,,,,,,,,,,,,,,,,,,,,,,,,,,,,,,,,,,,,,,,,,,,,,,,,,
"Campaign-Search-Feb 8, 2026 06:59 PM",,,,,,,,,,,Enabled,,Ad Group 7,2,Enabled,,adiology phone number start,broad,Enabled,,,,,,,,,,,,,,,,,,,,,,,,adiology.io,,,,,,,,,,,,,,,,,,,,,,,,,,,,,,,,,,,,,,,,,,,,,,,,,,,,,,,,,,,,,,,,,,,,,,,,,,,,,,,,,,,,,,,,,,,,,,,,,,,,,,,,,,,,,,,,,,,,,,,,,,,,,,,,,,,,,,,,,,,,,,,,,
"Campaign-Search-Feb 8, 2026 06:59 PM",,,,,,,,,,,Enabled,,Ad Group 7,2,Enabled,,adiology phone number service,phrase,Enabled,,,,,,,,,,,,,,,,,,,,,,,,adiology.io,,,,,,,,,,,,,,,,,,,,,,,,,,,,,,,,,,,,,,,,,,,,,,,,,,,,,,,,,,,,,,,,,,,,,,,,,,,,,,,,,,,,,,,,,,,,,,,,,,,,,,,,,,,,,,,,,,,,,,,,,,,,,,,,,,,,,,,,,,,,,,,,,
"Campaign-Search-Feb 8, 2026 06:59 PM",,,,,,,,,,,Enabled,,Ad Group 7,2,Enabled,,quick adiology contact,exact,Enabled,,,,,,,,,,,,,,,,,,,,,,,,adiology.io,,,,,,,,,,,,,,,,,,,,,,,,,,,,,,,,,,,,,,,,,,,,,,,,,,,,,,,,,,,,,,,,,,,,,,,,,,,,,,,,,,,,,,,,,,,,,,,,,,,,,,,,,,,,,,,,,,,,,,,,,,,,,,,,,,,,,,,,,,,,,,,,,
"Campaign-Search-Feb 8, 2026 06:59 PM",,,,,,,,,,,Enabled,,Ad Group 7,2,Enabled,,adiology services support,exact,Enabled,,,,,,,,,,,,,,,,,,,,,,,,adiology.io,,,,,,,,,,,,,,,,,,,,,,,,,,,,,,,,,,,,,,,,,,,,,,,,,,,,,,,,,,,,,,,,,,,,,,,,,,,,,,,,,,,,,,,,,,,,,,,,,,,,,,,,,,,,,,,,,,,,,,,,,,,,,,,,,,,,,,,,,,,,,,,,,
"Campaign-Search-Feb 8, 2026 06:59 PM",,,,,,,,,,,Enabled,,Ad Group 7,2,Enabled,,adiology services price,broad,Enabled,,,,,,,,,,,,,,,,,,,,,,,,adiology.io,,,,,,,,,,,,,,,,,,,,,,,,,,,,,,,,,,,,,,,,,,,,,,,,,,,,,,,,,,,,,,,,,,,,,,,,,,,,,,,,,,,,,,,,,,,,,,,,,,,,,,,,,,,,,,,,,,,,,,,,,,,,,,,,,,,,,,,,,,,,,,,,,
"Campaign-Search-Feb 8, 2026 06:59 PM",,,,,,,,,,,Enabled,,Ad Group 7,2,Enabled,,adiology - google campaign builder urgent,broad,Enabled,,,,,,,,,,,,,,,,,,,,,,,,adiology.io,,,,,,,,,,,,,,,,,,,,,,,,,,,,,,,,,,,,,,,,,,,,,,,,,,,,,,,,,,,,,,,,,,,,,,,,,,,,,,,,,,,,,,,,,,,,,,,,,,,,,,,,,,,,,,,,,,,,,,,,,,,,,,,,,,,,,,,,,,,,,,,,,
"Campaign-Search-Feb 8, 2026 06:59 PM",,,,,,,,,,,Enabled,,Ad Group 7,2,Enabled,,inexpensive adiology phone number,exact,Enabled,,,,,,,,,,,,,,,,,,,,,,,,adiology.io,,,,,,,,,,,,,,,,,,,,,,,,,,,,,,,,,,,,,,,,,,,,,,,,,,,,,,,,,,,,,,,,,,,,,,,,,,,,,,,,,,,,,,,,,,,,,,,,,,,,,,,,,,,,,,,,,,,,,,,,,,,,,,,,,,,,,,,,,,,,,,,,,
"Campaign-Search-Feb 8, 2026 06:59 PM",,,,,,,,,,,Enabled,,Ad Group 7,2,Enabled,,searching for adiology phone number,broad,Enabled,,,,,,,,,,,,,,,,,,,,,,,,adiology.io,,,,,,,,,,,,,,,,,,,,,,,,,,,,,,,,,,,,,,,,,,,,,,,,,,,,,,,,,,,,,,,,,,,,,,,,,,,,,,,,,,,,,,,,,,,,,,,,,,,,,,,,,,,,,,,,,,,,,,,,,,,,,,,,,,,,,,,,,,,,,,,,,
"Campaign-Search-Feb 8, 2026 06:59 PM",,,,,,,,,,,Enabled,,Ad Group 7,2,Enabled,,same day adiology contact,phrase,Enabled,,,,,,,,,,,,,,,,,,,,,,,,adiology.io,,,,,,,,,,,,,,,,,,,,,,,,,,,,,,,,,,,,,,,,,,,,,,,,,,,,,,,,,,,,,,,,,,,,,,,,,,,,,,,,,,,,,,,,,,,,,,,,,,,,,,,,,,,,,,,,,,,,,,,,,,,,,,,,,,,,,,,,,,,,,,,,,
"Campaign-Search-Feb 8, 2026 06:59 PM",,,,,,,,,,,Enabled,,Ad Group 7,2,Enabled,,adiology phone number for home local,exact,Enabled,,,,,,,,,,,,,,,,,,,,,,,,adiology.io,,,,,,,,,,,,,,,,,,,,,,,,,,,,,,,,,,,,,,,,,,,,,,,,,,,,,,,,,,,,,,,,,,,,,,,,,,,,,,,,,,,,,,,,,,,,,,,,,,,,,,,,,,,,,,,,,,,,,,,,,,,,,,,,,,,,,,,,,,,,,,,,,
"Campaign-Search-Feb 8, 2026 06:59 PM",,,,,,,,,,,Enabled,,Ad Group 7,2,Enabled,,economical adiology contact,broad,Enabled,,,,,,,,,,,,,,,,,,,,,,,,adiology.io,,,,,,,,,,,,,,,,,,,,,,,,,,,,,,,,,,,,,,,,,,,,,,,,,,,,,,,,,,,,,,,,,,,,,,,,,,,,,,,,,,,,,,,,,,,,,,,,,,,,,,,,,,,,,,,,,,,,,,,,,,,,,,,,,,,,,,,,,,,,,,,,,
"Campaign-Search-Feb 8, 2026 06:59 PM",,,,,,,,,,,Enabled,,Ad Group 7,2,Enabled,,professional adiology contact,phrase,Enabled,,,,,,,,,,,,,,,,,,,,,,,,adiology.io,,,,,,,,,,,,,,,,,,,,,,,,,,,,,,,,,,,,,,,,,,,,,,,,,,,,,,,,,,,,,,,,,,,,,,,,,,,,,,,,,,,,,,,,,,,,,,,,,,,,,,,,,,,,,,,,,,,,,,,,,,,,,,,,,,,,,,,,,,,,,,,,,
"Campaign-Search-Feb 8, 2026 06:59 PM",,,,,,,,,,,Enabled,,Ad Group 7,2,Enabled,,same day adiology contact,broad,Enabled,,,,,,,,,,,,,,,,,,,,,,,,adiology.io,,,,,,,,,,,,,,,,,,,,,,,,,,,,,,,,,,,,,,,,,,,,,,,,,,,,,,,,,,,,,,,,,,,,,,,,,,,,,,,,,,,,,,,,,,,,,,,,,,,,,,,,,,,,,,,,,,,,,,,,,,,,,,,,,,,,,,,,,,,,,,,,,
"Campaign-Search-Feb 8, 2026 06:59 PM",,,,,,,,,,,Enabled,,Ad Group 7,2,Enabled,,adiology phone number for commercial,exact,Enabled,,,,,,,,,,,,,,,,,,,,,,,,adiology.io,,,,,,,,,,,,,,,,,,,,,,,,,,,,,,,,,,,,,,,,,,,,,,,,,,,,,,,,,,,,,,,,,,,,,,,,,,,,,,,,,,,,,,,,,,,,,,,,,,,,,,,,,,,,,,,,,,,,,,,,,,,,,,,,,,,,,,,,,,,,,,,,,
"Campaign-Search-Feb 8, 2026 06:59 PM",,,,,,,,,,,Enabled,,Ad Group 7,2,Enabled,,economical adiology - google campaign builder,broad,Enabled,,,,,,,,,,,,,,,,,,,,,,,,adiology.io,,,,,,,,,,,,,,,,,,,,,,,,,,,,,,,,,,,,,,,,,,,,,,,,,,,,,,,,,,,,,,,,,,,,,,,,,,,,,,,,,,,,,,,,,,,,,,,,,,,,,,,,,,,,,,,,,,,,,,,,,,,,,,,,,,,,,,,,,,,,,,,,,
"Campaign-Search-Feb 8, 2026 06:59 PM",,,,,,,,,,,Enabled,,Ad Group 7,2,Enabled,,where to find adiology phone number,phrase,Enabled,,,,,,,,,,,,,,,,,,,,,,,,adiology.io,,,,,,,,,,,,,,,,,,,,,,,,,,,,,,,,,,,,,,,,,,,,,,,,,,,,,,,,,,,,,,,,,,,,,,,,,,,,,,,,,,,,,,,,,,,,,,,,,,,,,,,,,,,,,,,,,,,,,,,,,,,,,,,,,,,,,,,,,,,,,,,,,
"Campaign-Search-Feb 8, 2026 06:59 PM",,,,,,,,,,,Enabled,,Ad Group 7,2,Enabled,,adiology phone number closest,broad,Enabled,,,,,,,,,,,,,,,,,,,,,,,,adiology.io,,,,,,,,,,,,,,,,,,,,,,,,,,,,,,,,,,,,,,,,,,,,,,,,,,,,,,,,,,,,,,,,,,,,,,,,,,,,,,,,,,,,,,,,,,,,,,,,,,,,,,,,,,,,,,,,,,,,,,,,,,,,,,,,,,,,,,,,,,,,,,,,,
"Campaign-Search-Feb 8, 2026 06:59 PM",,,,,,,,,,,Enabled,,Ad Group 7,2,Enabled,,premier adiology phone number,broad,Enabled,,,,,,,,,,,,,,,,,,,,,,,,adiology.io,,,,,,,,,,,,,,,,,,,,,,,,,,,,,,,,,,,,,,,,,,,,,,,,,,,,,,,,,,,,,,,,,,,,,,,,,,,,,,,,,,,,,,,,,,,,,,,,,,,,,,,,,,,,,,,,,,,,,,,,,,,,,,,,,,,,,,,,,,,,,,,,,
"Campaign-Search-Feb 8, 2026 06:59 PM",,,,,,,,,,,Enabled,,Ad Group 7,2,Enabled,,adiology services online,broad,Enabled,,,,,,,,,,,,,,,,,,,,,,,,adiology.io,,,,,,,,,,,,,,,,,,,,,,,,,,,,,,,,,,,,,,,,,,,,,,,,,,,,,,,,,,,,,,,,,,,,,,,,,,,,,,,,,,,,,,,,,,,,,,,,,,,,,,,,,,,,,,,,,,,,,,,,,,,,,,,,,,,,,,,,,,,,,,,,,
"Campaign-Search-Feb 8, 2026 06:59 PM",,,,,,,,,,,Enabled,,Ad Group 7,2,Enabled,,what is adiology phone number,phrase,Enabled,,,,,,,,,,,,,,,,,,,,,,,,adiology.io,,,,,,,,,,,,,,,,,,,,,,,,,,,,,,,,,,,,,,,,,,,,,,,,,,,,,,,,,,,,,,,,,,,,,,,,,,,,,,,,,,,,,,,,,,,,,,,,,,,,,,,,,,,,,,,,,,,,,,,,,,,,,,,,,,,,,,,,,,,,,,,,,
"Campaign-Search-Feb 8, 2026 06:59 PM",,,,,,,,,,,Enabled,,Ad Group 7,2,Enabled,,reasonable adiology phone number,broad,Enabled,,,,,,,,,,,,,,,,,,,,,,,,adiology.io,,,,,,,,,,,,,,,,,,,,,,,,,,,,,,,,,,,,,,,,,,,,,,,,,,,,,,,,,,,,,,,,,,,,,,,,,,,,,,,,,,,,,,,,,,,,,,,,,,,,,,,,,,,,,,,,,,,,,,,,,,,,,,,,,,,,,,,,,,,,,,,,,
"Campaign-Search-Feb 8, 2026 06:59 PM",,,,,,,,,,,Enabled,,Ad Group 7,2,Enabled,,adiology contact instant,exact,Enabled,,,,,,,,,,,,,,,,,,,,,,,,adiology.io,,,,,,,,,,,,,,,,,,,,,,,,,,,,,,,,,,,,,,,,,,,,,,,,,,,,,,,,,,,,,,,,,,,,,,,,,,,,,,,,,,,,,,,,,,,,,,,,,,,,,,,,,,,,,,,,,,,,,,,,,,,,,,,,,,,,,,,,,,,,,,,,,
"Campaign-Search-Feb 8, 2026 06:59 PM",,,,,,,,,,,Enabled,,Ad Group 7,2,Enabled,,emergency adiology contact,phrase,Enabled,,,,,,,,,,,,,,,,,,,,,,,,adiology.io,,,,,,,,,,,,,,,,,,,,,,,,,,,,,,,,,,,,,,,,,,,,,,,,,,,,,,,,,,,,,,,,,,,,,,,,,,,,,,,,,,,,,,,,,,,,,,,,,,,,,,,,,,,,,,,,,,,,,,,,,,,,,,,,,,,,,,,,,,,,,,,,,
"Campaign-Search-Feb 8, 2026 06:59 PM",,,,,,,,,,,Enabled,,Ad Group 7,2,Enabled,,adiology phone number help,broad,Enabled,,,,,,,,,,,,,,,,,,,,,,,,adiology.io,,,,,,,,,,,,,,,,,,,,,,,,,,,,,,,,,,,,,,,,,,,,,,,,,,,,,,,,,,,,,,,,,,,,,,,,,,,,,,,,,,,,,,,,,,,,,,,,,,,,,,,,,,,,,,,,,,,,,,,,,,,,,,,,,,,,,,,,,,,,,,,,,
"Campaign-Search-Feb 8, 2026 06:59 PM",,,,,,,,,,,Enabled,,Ad Group 7,2,Enabled,,24 hour adiology contact,exact,Enabled,,,,,,,,,,,,,,,,,,,,,,,,adiology.io,,,,,,,,,,,,,,,,,,,,,,,,,,,,,,,,,,,,,,,,,,,,,,,,,,,,,,,,,,,,,,,,,,,,,,,,,,,,,,,,,,,,,,,,,,,,,,,,,,,,,,,,,,,,,,,,,,,,,,,,,,,,,,,,,,,,,,,,,,,,,,,,,
"Campaign-Search-Feb 8, 2026 06:59 PM",,,,,,,,,,,Enabled,,Ad Group 7,2,Enabled,,adiology contact price,phrase,Enabled,,,,,,,,,,,,,,,,,,,,,,,,adiology.io,,,,,,,,,,,,,,,,,,,,,,,,,,,,,,,,,,,,,,,,,,,,,,,,,,,,,,,,,,,,,,,,,,,,,,,,,,,,,,,,,,,,,,,,,,,,,,,,,,,,,,,,,,,,,,,,,,,,,,,,,,,,,,,,,,,,,,,,,,,,,,,,,
"Campaign-Search-Feb 8, 2026 06:59 PM",,,,,,,,,,,Enabled,,Ad Group 7,2,Enabled,,flexible adiology - google campaign builder,phrase,Enabled,,,,,,,,,,,,,,,,,,,,,,,,adiology.io,,,,,,,,,,,,,,,,,,,,,,,,,,,,,,,,,,,,,,,,,,,,,,,,,,,,,,,,,,,,,,,,,,,,,,,,,,,,,,,,,,,,,,,,,,,,,,,,,,,,,,,,,,,,,,,,,,,,,,,,,,,,,,,,,,,,,,,,,,,,,,,,,
"Campaign-Search-Feb 8, 2026 06:59 PM",,,,,,,,,,,Enabled,,Ad Group 7,2,Enabled,,honest adiology - google campaign builder,broad,Enabled,,,,,,,,,,,,,,,,,,,,,,,,adiology.io,,,,,,,,,,,,,,,,,,,,,,,,,,,,,,,,,,,,,,,,,,,,,,,,,,,,,,,,,,,,,,,,,,,,,,,,,,,,,,,,,,,,,,,,,,,,,,,,,,,,,,,,,,,,,,,,,,,,,,,,,,,,,,,,,,,,,,,,,,,,,,,,,
"Campaign-Search-Feb 8, 2026 06:59 PM",,,,,,,,,,,Enabled,,Ad Group 7,2,Enabled,,local adiology phone number for home,broad,Enabled,,,,,,,,,,,,,,,,,,,,,,,,adiology.io,,,,,,,,,,,,,,,,,,,,,,,,,,,,,,,,,,,,,,,,,,,,,,,,,,,,,,,,,,,,,,,,,,,,,,,,,,,,,,,,,,,,,,,,,,,,,,,,,,,,,,,,,,,,,,,,,,,,,,,,,,,,,,,,,,,,,,,,,,,,,,,,,
"Campaign-Search-Feb 8, 2026 06:59 PM",,,,,,,,,,,Enabled,,Ad Group 7,2,Enabled,,adiology - google campaign builder reasonable,phrase,Enabled,,,,,,,,,,,,,,,,,,,,,,,,adiology.io,,,,,,,,,,,,,,,,,,,,,,,,,,,,,,,,,,,,,,,,,,,,,,,,,,,,,,,,,,,,,,,,,,,,,,,,,,,,,,,,,,,,,,,,,,,,,,,,,,,,,,,,,,,,,,,,,,,,,,,,,,,,,,,,,,,,,,,,,,,,,,,,,
"Campaign-Search-Feb 8, 2026 06:59 PM",,,,,,,,,,,Enabled,,Ad Group 7,2,Enabled,,order adiology - google campaign builder,phrase,Enabled,,,,,,,,,,,,,,,,,,,,,,,,adiology.io,,,,,,,,,,,,,,,,,,,,,,,,,,,,,,,,,,,,,,,,,,,,,,,,,,,,,,,,,,,,,,,,,,,,,,,,,,,,,,,,,,,,,,,,,,,,,,,,,,,,,,,,,,,,,,,,,,,,,,,,,,,,,,,,,,,,,,,,,,,,,,,,,
"Campaign-Search-Feb 8, 2026 06:59 PM",,,,,,,,,,,Enabled,,Ad Group 7,2,Enabled,,adiology services near me,exact,Enabled,,,,,,,,,,,,,,,,,,,,,,,,adiology.io,,,,,,,,,,,,,,,,,,,,,,,,,,,,,,,,,,,,,,,,,,,,,,,,,,,,,,,,,,,,,,,,,,,,,,,,,,,,,,,,,,,,,,,,,,,,,,,,,,,,,,,,,,,,,,,,,,,,,,,,,,,,,,,,,,,,,,,,,,,,,,,,,
"Campaign-Search-Feb 8, 2026 06:59 PM",,,,,,,,,,,Enabled,,Ad Group 7,2,Enabled,,adiology phone number today,exact,Enabled,,,,,,,,,,,,,,,,,,,,,,,,adiology.io,,,,,,,,,,,,,,,,,,,,,,,,,,,,,,,,,,,,,,,,,,,,,,,,,,,,,,,,,,,,,,,,,,,,,,,,,,,,,,,,,,,,,,,,,,,,,,,,,,,,,,,,,,,,,,,,,,,,,,,,,,,,,,,,,,,,,,,,,,,,,,,,,
"Campaign-Search-Feb 8, 2026 06:59 PM",,,,,,,,,,,Enabled,,Ad Group 7,2,Enabled,,adiology - google campaign builder immediate,exact,Enabled,,,,,,,,,,,,,,,,,,,,,,,,adiology.io,,,,,,,,,,,,,,,,,,,,,,,,,,,,,,,,,,,,,,,,,,,,,,,,,,,,,,,,,,,,,,,,,,,,,,,,,,,,,,,,,,,,,,,,,,,,,,,,,,,,,,,,,,,,,,,,,,,,,,,,,,,,,,,,,,,,,,,,,,,,,,,,,
"Campaign-Search-Feb 8, 2026 06:59 PM",,,,,,,,,,,Enabled,,Ad Group 7,2,Enabled,,buy adiology services,exact,Enabled,,,,,,,,,,,,,,,,,,,,,,,,adiology.io,,,,,,,,,,,,,,,,,,,,,,,,,,,,,,,,,,,,,,,,,,,,,,,,,,,,,,,,,,,,,,,,,,,,,,,,,,,,,,,,,,,,,,,,,,,,,,,,,,,,,,,,,,,,,,,,,,,,,,,,,,,,,,,,,,,,,,,,,,,,,,,,,
"Campaign-Search-Feb 8, 2026 06:59 PM",,,,,,,,,,,Enabled,,Ad Group 7,2,Enabled,,now adiology - google campaign builder,broad,Enabled,,,,,,,,,,,,,,,,,,,,,,,,adiology.io,,,,,,,,,,,,,,,,,,,,,,,,,,,,,,,,,,,,,,,,,,,,,,,,,,,,,,,,,,,,,,,,,,,,,,,,,,,,,,,,,,,,,,,,,,,,,,,,,,,,,,,,,,,,,,,,,,,,,,,,,,,,,,,,,,,,,,,,,,,,,,,,,
"Campaign-Search-Feb 8, 2026 06:59 PM",,,,,,,,,,,Enabled,,Ad Group 8,2,Enabled,,adiology phone number with warranty,phrase,Enabled,,,,,,,,,,,,,,,,,,,,,,,,adiology.io,,,,,,,,,,,,,,,,,,,,,,,,,,,,,,,,,,,,,,,,,,,,,,,,,,,,,,,,,,,,,,,,,,,,,,,,,,,,,,,,,,,,,,,,,,,,,,,,,,,,,,,,,,,,,,,,,,,,,,,,,,,,,,,,,,,,,,,,,,,,,,,,,
"Campaign-Search-Feb 8, 2026 06:59 PM",,,,,,,,,,,Enabled,,Ad Group 8,2,Enabled,,adiology phone number emergency,phrase,Enabled,,,,,,,,,,,,,,,,,,,,,,,,adiology.io,,,,,,,,,,,,,,,,,,,,,,,,,,,,,,,,,,,,,,,,,,,,,,,,,,,,,,,,,,,,,,,,,,,,,,,,,,,,,,,,,,,,,,,,,,,,,,,,,,,,,,,,,,,,,,,,,,,,,,,,,,,,,,,,,,,,,,,,,,,,,,,,,
"Campaign-Search-Feb 8, 2026 06:59 PM",,,,,,,,,,,Enabled,,Ad Group 8,2,Enabled,,compare adiology phone number,broad,Enabled,,,,,,,,,,,,,,,,,,,,,,,,adiology.io,,,,,,,,,,,,,,,,,,,,,,,,,,,,,,,,,,,,,,,,,,,,,,,,,,,,,,,,,,,,,,,,,,,,,,,,,,,,,,,,,,,,,,,,,,,,,,,,,,,,,,,,,,,,,,,,,,,,,,,,,,,,,,,,,,,,,,,,,,,,,,,,,
"Campaign-Search-Feb 8, 2026 06:59 PM",,,,,,,,,,,Enabled,,Ad Group 8,2,Enabled,,adiology phone number immediate,phrase,Enabled,,,,,,,,,,,,,,,,,,,,,,,,adiology.io,,,,,,,,,,,,,,,,,,,,,,,,,,,,,,,,,,,,,,,,,,,,,,,,,,,,,,,,,,,,,,,,,,,,,,,,,,,,,,,,,,,,,,,,,,,,,,,,,,,,,,,,,,,,,,,,,,,,,,,,,,,,,,,,,,,,,,,,,,,,,,,,,
"Campaign-Search-Feb 8, 2026 06:59 PM",,,,,,,,,,,Enabled,,Ad Group 8,2,Enabled,,affordable adiology phone number,exact,Enabled,,,,,,,,,,,,,,,,,,,,,,,,adiology.io,,,,,,,,,,,,,,,,,,,,,,,,,,,,,,,,,,,,,,,,,,,,,,,,,,,,,,,,,,,,,,,,,,,,,,,,,,,,,,,,,,,,,,,,,,,,,,,,,,,,,,,,,,,,,,,,,,,,,,,,,,,,,,,,,,,,,,,,,,,,,,,,,
"Campaign-Search-Feb 8, 2026 06:59 PM",,,,,,,,,,,Enabled,,Ad Group 8,2,Enabled,,professional adiology phone number for business,phrase,Enabled,,,,,,,,,,,,,,,,,,,,,,,,adiology.io,,,,,,,,,,,,,,,,,,,,,,,,,,,,,,,,,,,,,,,,,,,,,,,,,,,,,,,,,,,,,,,,,,,,,,,,,,,,,,,,,,,,,,,,,,,,,,,,,,,,,,,,,,,,,,,,,,,,,,,,,,,,,,,,,,,,,,,,,,,,,,,,,
"Campaign-Search-Feb 8, 2026 06:59 PM",,,,,,,,,,,Enabled,,Ad Group 8,2,Enabled,,adiology - google campaign builder nearby,exact,Enabled,,,,,,,,,,,,,,,,,,,,,,,,adiology.io,,,,,,,,,,,,,,,,,,,,,,,,,,,,,,,,,,,,,,,,,,,,,,,,,,,,,,,,,,,,,,,,,,,,,,,,,,,,,,,,,,,,,,,,,,,,,,,,,,,,,,,,,,,,,,,,,,,,,,,,,,,,,,,,,,,,,,,,,,,,,,,,,
"Campaign-Search-Feb 8, 2026 06:59 PM",,,,,,,,,,,Enabled,,Ad Group 8,2,Enabled,,adiology - google campaign builder express,phrase,Enabled,,,,,,,,,,,,,,,,,,,,,,,,adiology.io,,,,,,,,,,,,,,,,,,,,,,,,,,,,,,,,,,,,,,,,,,,,,,,,,,,,,,,,,,,,,,,,,,,,,,,,,,,,,,,,,,,,,,,,,,,,,,,,,,,,,,,,,,,,,,,,,,,,,,,,,,,,,,,,,,,,,,,,,,,,,,,,,
"Campaign-Search-Feb 8, 2026 06:59 PM",,,,,,,,,,,Enabled,,Ad Group 8,2,Enabled,,emergency adiology contact,broad,Enabled,,,,,,,,,,,,,,,,,,,,,,,,adiology.io,,,,,,,,,,,,,,,,,,,,,,,,,,,,,,,,,,,,,,,,,,,,,,,,,,,,,,,,,,,,,,,,,,,,,,,,,,,,,,,,,,,,,,,,,,,,,,,,,,,,,,,,,,,,,,,,,,,,,,,,,,,,,,,,,,,,,,,,,,,,,,,,,
"Campaign-Search-Feb 8, 2026 06:59 PM",,,,,,,,,,,Enabled,,Ad Group 8,2,Enabled,,certified adiology phone number,phrase,Enabled,,,,,,,,,,,,,,,,,,,,,,,,adiology.io,,,,,,,,,,,,,,,,,,,,,,,,,,,,,,,,,,,,,,,,,,,,,,,,,,,,,,,,,,,,,,,,,,,,,,,,,,,,,,,,,,,,,,,,,,,,,,,,,,,,,,,,,,,,,,,,,,,,,,,,,,,,,,,,,,,,,,,,,,,,,,,,,
"Campaign-Search-Feb 8, 2026 06:59 PM",,,,,,,,,,,Enabled,,Ad Group 8,2,Enabled,,adiology phone number fast,exact,Enabled,,,,,,,,,,,,,,,,,,,,,,,,adiology.io,,,,,,,,,,,,,,,,,,,,,,,,,,,,,,,,,,,,,,,,,,,,,,,,,,,,,,,,,,,,,,,,,,,,,,,,,,,,,,,,,,,,,,,,,,,,,,,,,,,,,,,,,,,,,,,,,,,,,,,,,,,,,,,,,,,,,,,,,,,,,,,,,
"Campaign-Search-Feb 8, 2026 06:59 PM",,,,,,,,,,,Enabled,,Ad Group 8,2,Enabled,,adiology contact night,exact,Enabled,,,,,,,,,,,,,,,,,,,,,,,,adiology.io,,,,,,,,,,,,,,,,,,,,,,,,,,,,,,,,,,,,,,,,,,,,,,,,,,,,,,,,,,,,,,,,,,,,,,,,,,,,,,,,,,,,,,,,,,,,,,,,,,,,,,,,,,,,,,,,,,,,,,,,,,,,,,,,,,,,,,,,,,,,,,,,,
"Campaign-Search-Feb 8, 2026 06:59 PM",,,,,,,,,,,Enabled,,Ad Group 8,2,Enabled,,adiology - google campaign builder instant,broad,Enabled,,,,,,,,,,,,,,,,,,,,,,,,adiology.io,,,,,,,,,,,,,,,,,,,,,,,,,,,,,,,,,,,,,,,,,,,,,,,,,,,,,,,,,,,,,,,,,,,,,,,,,,,,,,,,,,,,,,,,,,,,,,,,,,,,,,,,,,,,,,,,,,,,,,,,,,,,,,,,,,,,,,,,,,,,,,,,,
"Campaign-Search-Feb 8, 2026 06:59 PM",,,,,,,,,,,Enabled,,Ad Group 8,2,Enabled,,adiology services price,exact,Enabled,,,,,,,,,,,,,,,,,,,,,,,,adiology.io,,,,,,,,,,,,,,,,,,,,,,,,,,,,,,,,,,,,,,,,,,,,,,,,,,,,,,,,,,,,,,,,,,,,,,,,,,,,,,,,,,,,,,,,,,,,,,,,,,,,,,,,,,,,,,,,,,,,,,,,,,,,,,,,,,,,,,,,,,,,,,,,,
"Campaign-Search-Feb 8, 2026 06:59 PM",,,,,,,,,,,Enabled,,Ad Group 8,2,Enabled,,adiology phone number for residential,phrase,Enabled,,,,,,,,,,,,,,,,,,,,,,,,adiology.io,,,,,,,,,,,,,,,,,,,,,,,,,,,,,,,,,,,,,,,,,,,,,,,,,,,,,,,,,,,,,,,,,,,,,,,,,,,,,,,,,,,,,,,,,,,,,,,,,,,,,,,,,,,,,,,,,,,,,,,,,,,,,,,,,,,,,,,,,,,,,,,,,
"Campaign-Search-Feb 8, 2026 06:59 PM",,,,,,,,,,,Enabled,,Ad Group 8,2,Enabled,,luxury adiology - google campaign builder,exact,Enabled,,,,,,,,,,,,,,,,,,,,,,,,adiology.io,,,,,,,,,,,,,,,,,,,,,,,,,,,,,,,,,,,,,,,,,,,,,,,,,,,,,,,,,,,,,,,,,,,,,,,,,,,,,,,,,,,,,,,,,,,,,,,,,,,,,,,,,,,,,,,,,,,,,,,,,,,,,,,,,,,,,,,,,,,,,,,,,
"Campaign-Search-Feb 8, 2026 06:59 PM",,,,,,,,,,,Enabled,,Ad Group 8,2,Enabled,,adiology contact nearest,broad,Enabled,,,,,,,,,,,,,,,,,,,,,,,,adiology.io,,,,,,,,,,,,,,,,,,,,,,,,,,,,,,,,,,,,,,,,,,,,,,,,,,,,,,,,,,,,,,,,,,,,,,,,,,,,,,,,,,,,,,,,,,,,,,,,,,,,,,,,,,,,,,,,,,,,,,,,,,,,,,,,,,,,,,,,,,,,,,,,,
"Campaign-Search-Feb 8, 2026 06:59 PM",,,,,,,,,,,Enabled,,Ad Group 8,2,Enabled,,how to choose adiology phone number,exact,Enabled,,,,,,,,,,,,,,,,,,,,,,,,adiology.io,,,,,,,,,,,,,,,,,,,,,,,,,,,,,,,,,,,,,,,,,,,,,,,,,,,,,,,,,,,,,,,,,,,,,,,,,,,,,,,,,,,,,,,,,,,,,,,,,,,,,,,,,,,,,,,,,,,,,,,,,,,,,,,,,,,,,,,,,,,,,,,,,
"Campaign-Search-Feb 8, 2026 06:59 PM",,,,,,,,,,,Enabled,,Ad Group 8,2,Enabled,,adiology contact service,phrase,Enabled,,,,,,,,,,,,,,,,,,,,,,,,adiology.io,,,,,,,,,,,,,,,,,,,,,,,,,,,,,,,,,,,,,,,,,,,,,,,,,,,,,,,,,,,,,,,,,,,,,,,,,,,,,,,,,,,,,,,,,,,,,,,,,,,,,,,,,,,,,,,,,,,,,,,,,,,,,,,,,,,,,,,,,,,,,,,,,
"Campaign-Search-Feb 8, 2026 06:59 PM",,,,,,,,,,,Enabled,,Ad Group 8,2,Enabled,,instant adiology phone number,exact,Enabled,,,,,,,,,,,,,,,,,,,,,,,,adiology.io,,,,,,,,,,,,,,,,,,,,,,,,,,,,,,,,,,,,,,,,,,,,,,,,,,,,,,,,,,,,,,,,,,,,,,,,,,,,,,,,,,,,,,,,,,,,,,,,,,,,,,,,,,,,,,,,,,,,,,,,,,,,,,,,,,,,,,,,,,,,,,,,,
"Campaign-Search-Feb 8, 2026 06:59 PM",,,,,,,,,,,Enabled,,Ad Group 8,2,Enabled,,adiology phone number for me,broad,Enabled,,,,,,,,,,,,,,,,,,,,,,,,adiology.io,,,,,,,,,,,,,,,,,,,,,,,,,,,,,,,,,,,,,,,,,,,,,,,,,,,,,,,,,,,,,,,,,,,,,,,,,,,,,,,,,,,,,,,,,,,,,,,,,,,,,,,,,,,,,,,,,,,,,,,,,,,,,,,,,,,,,,,,,,,,,,,,,
"Campaign-Search-Feb 8, 2026 06:59 PM",,,,,,,,,,,Enabled,,Ad Group 8,2,Enabled,,affordable adiology phone number for business,broad,Enabled,,,,,,,,,,,,,,,,,,,,,,,,adiology.io,,,,,,,,,,,,,,,,,,,,,,,,,,,,,,,,,,,,,,,,,,,,,,,,,,,,,,,,,,,,,,,,,,,,,,,,,,,,,,,,,,,,,,,,,,,,,,,,,,,,,,,,,,,,,,,,,,,,,,,,,,,,,,,,,,,,,,,,,,,,,,,,,
"Campaign-Search-Feb 8, 2026 06:59 PM",,,,,,,,,,,Enabled,,Ad Group 8,2,Enabled,,what is adiology phone number,broad,Enabled,,,,,,,,,,,,,,,,,,,,,,,,adiology.io,,,,,,,,,,,,,,,,,,,,,,,,,,,,,,,,,,,,,,,,,,,,,,,,,,,,,,,,,,,,,,,,,,,,,,,,,,,,,,,,,,,,,,,,,,,,,,,,,,,,,,,,,,,,,,,,,,,,,,,,,,,,,,,,,,,,,,,,,,,,,,,,,
"Campaign-Search-Feb 8, 2026 06:59 PM",,,,,,,,,,,Enabled,,Ad Group 8,2,Enabled,,fast adiology - google campaign builder,phrase,Enabled,,,,,,,,,,,,,,,,,,,,,,,,adiology.io,,,,,,,,,,,,,,,,,,,,,,,,,,,,,,,,,,,,,,,,,,,,,,,,,,,,,,,,,,,,,,,,,,,,,,,,,,,,,,,,,,,,,,,,,,,,,,,,,,,,,,,,,,,,,,,,,,,,,,,,,,,,,,,,,,,,,,,,,,,,,,,,,
"Campaign-Search-Feb 8, 2026 06:59 PM",,,,,,,,,,,Enabled,,Ad Group 8,2,Enabled,,adiology services quality,phrase,Enabled,,,,,,,,,,,,,,,,,,,,,,,,adiology.io,,,,,,,,,,,,,,,,,,,,,,,,,,,,,,,,,,,,,,,,,,,,,,,,,,,,,,,,,,,,,,,,,,,,,,,,,,,,,,,,,,,,,,,,,,,,,,,,,,,,,,,,,,,,,,,,,,,,,,,,,,,,,,,,,,,,,,,,,,,,,,,,,
"Campaign-Search-Feb 8, 2026 06:59 PM",,,,,,,,,,,Enabled,,Ad Group 8,2,Enabled,,adiology phone number with warranty,exact,Enabled,,,,,,,,,,,,,,,,,,,,,,,,adiology.io,,,,,,,,,,,,,,,,,,,,,,,,,,,,,,,,,,,,,,,,,,,,,,,,,,,,,,,,,,,,,,,,,,,,,,,,,,,,,,,,,,,,,,,,,,,,,,,,,,,,,,,,,,,,,,,,,,,,,,,,,,,,,,,,,,,,,,,,,,,,,,,,,
"Campaign-Search-Feb 8, 2026 06:59 PM",,,,,,,,,,,Enabled,,Ad Group 8,2,Enabled,,review adiology - google campaign builder,phrase,Enabled,,,,,,,,,,,,,,,,,,,,,,,,adiology.io,,,,,,,,,,,,,,,,,,,,,,,,,,,,,,,,,,,,,,,,,,,,,,,,,,,,,,,,,,,,,,,,,,,,,,,,,,,,,,,,,,,,,,,,,,,,,,,,,,,,,,,,,,,,,,,,,,,,,,,,,,,,,,,,,,,,,,,,,,,,,,,,,
"Campaign-Search-Feb 8, 2026 06:59 PM",,,,,,,,,,,Enabled,,Ad Group 8,2,Enabled,,adiology contact fast,broad,Enabled,,,,,,,,,,,,,,,,,,,,,,,,adiology.io,,,,,,,,,,,,,,,,,,,,,,,,,,,,,,,,,,,,,,,,,,,,,,,,,,,,,,,,,,,,,,,,,,,,,,,,,,,,,,,,,,,,,,,,,,,,,,,,,,,,,,,,,,,,,,,,,,,,,,,,,,,,,,,,,,,,,,,,,,,,,,,,,
"Campaign-Search-Feb 8, 2026 06:59 PM",,,,,,,,,,,Enabled,,Ad Group 8,2,Enabled,,reasonable adiology contact,phrase,Enabled,,,,,,,,,,,,,,,,,,,,,,,,adiology.io,,,,,,,,,,,,,,,,,,,,,,,,,,,,,,,,,,,,,,,,,,,,,,,,,,,,,,,,,,,,,,,,,,,,,,,,,,,,,,,,,,,,,,,,,,,,,,,,,,,,,,,,,,,,,,,,,,,,,,,,,,,,,,,,,,,,,,,,,,,,,,,,,
"Campaign-Search-Feb 8, 2026 06:59 PM",,,,,,,,,,,Enabled,,Ad Group 8,2,Enabled,,adiology contact local,phrase,Enabled,,,,,,,,,,,,,,,,,,,,,,,,adiology.io,,,,,,,,,,,,,,,,,,,,,,,,,,,,,,,,,,,,,,,,,,,,,,,,,,,,,,,,,,,,,,,,,,,,,,,,,,,,,,,,,,,,,,,,,,,,,,,,,,,,,,,,,,,,,,,,,,,,,,,,,,,,,,,,,,,,,,,,,,,,,,,,,
"Campaign-Search-Feb 8, 2026 06:59 PM",,,,,,,,,,,Enabled,,Ad Group 8,2,Enabled,,adiology phone number for me,phrase,Enabled,,,,,,,,,,,,,,,,,,,,,,,,adiology.io,,,,,,,,,,,,,,,,,,,,,,,,,,,,,,,,,,,,,,,,,,,,,,,,,,,,,,,,,,,,,,,,,,,,,,,,,,,,,,,,,,,,,,,,,,,,,,,,,,,,,,,,,,,,,,,,,,,,,,,,,,,,,,,,,,,,,,,,,,,,,,,,,
"Campaign-Search-Feb 8, 2026 06:59 PM",,,,,,,,,,,Enabled,,Ad Group 8,2,Enabled,,adiology phone number in city,phrase,Enabled,,,,,,,,,,,,,,,,,,,,,,,,adiology.io,,,,,,,,,,,,,,,,,,,,,,,,,,,,,,,,,,,,,,,,,,,,,,,,,,,,,,,,,,,,,,,,,,,,,,,,,,,,,,,,,,,,,,,,,,,,,,,,,,,,,,,,,,,,,,,,,,,,,,,,,,,,,,,,,,,,,,,,,,,,,,,,,
"Campaign-Search-Feb 8, 2026 06:59 PM",,,,,,,,,,,Enabled,,Ad Group 8,2,Enabled,,trusted adiology phone number local,exact,Enabled,,,,,,,,,,,,,,,,,,,,,,,,adiology.io,,,,,,,,,,,,,,,,,,,,,,,,,,,,,,,,,,,,,,,,,,,,,,,,,,,,,,,,,,,,,,,,,,,,,,,,,,,,,,,,,,,,,,,,,,,,,,,,,,,,,,,,,,,,,,,,,,,,,,,,,,,,,,,,,,,,,,,,,,,,,,,,,
"Campaign-Search-Feb 8, 2026 06:59 PM",,,,,,,,,,,Enabled,,Ad Group 8,2,Enabled,,professional adiology contact,exact,Enabled,,,,,,,,,,,,,,,,,,,,,,,,adiology.io,,,,,,,,,,,,,,,,,,,,,,,,,,,,,,,,,,,,,,,,,,,,,,,,,,,,,,,,,,,,,,,,,,,,,,,,,,,,,,,,,,,,,,,,,,,,,,,,,,,,,,,,,,,,,,,,,,,,,,,,,,,,,,,,,,,,,,,,,,,,,,,,,
"Campaign-Search-Feb 8, 2026 06:59 PM",,,,,,,,,,,Enabled,,Ad Group 8,2,Enabled,,what is adiology phone number,exact,Enabled,,,,,,,,,,,,,,,,,,,,,,,,adiology.io,,,,,,,,,,,,,,,,,,,,,,,,,,,,,,,,,,,,,,,,,,,,,,,,,,,,,,,,,,,,,,,,,,,,,,,,,,,,,,,,,,,,,,,,,,,,,,,,,,,,,,,,,,,,,,,,,,,,,,,,,,,,,,,,,,,,,,,,,,,,,,,,,
"Campaign-Search-Feb 8, 2026 06:59 PM",,,,,,,,,,,Enabled,,Ad Group 8,2,Enabled,,find adiology - google campaign builder,phrase,Enabled,,,,,,,,,,,,,,,,,,,,,,,,adiology.io,,,,,,,,,,,,,,,,,,,,,,,,,,,,,,,,,,,,,,,,,,,,,,,,,,,,,,,,,,,,,,,,,,,,,,,,,,,,,,,,,,,,,,,,,,,,,,,,,,,,,,,,,,,,,,,,,,,,,,,,,,,,,,,,,,,,,,,,,,,,,,,,,
"Campaign-Search-Feb 8, 2026 06:59 PM",,,,,,,,,,,Enabled,,Ad Group 8,2,Enabled,,find a adiology phone number,broad,Enabled,,,,,,,,,,,,,,,,,,,,,,,,adiology.io,,,,,,,,,,,,,,,,,,,,,,,,,,,,,,,,,,,,,,,,,,,,,,,,,,,,,,,,,,,,,,,,,,,,,,,,,,,,,,,,,,,,,,,,,,,,,,,,,,,,,,,,,,,,,,,,,,,,,,,,,,,,,,,,,,,,,,,,,,,,,,,,,
"Campaign-Search-Feb 8, 2026 06:59 PM",,,,,,,,,,,Enabled,,Ad Group 8,2,Enabled,,adiology phone number now,broad,Enabled,,,,,,,,,,,,,,,,,,,,,,,,adiology.io,,,,,,,,,,,,,,,,,,,,,,,,,,,,,,,,,,,,,,,,,,,,,,,,,,,,,,,,,,,,,,,,,,,,,,,,,,,,,,,,,,,,,,,,,,,,,,,,,,,,,,,,,,,,,,,,,,,,,,,,,,,,,,,,,,,,,,,,,,,,,,,,,
"Campaign-Search-Feb 8, 2026 06:59 PM",,,,,,,,,,,Enabled,,Ad Group 8,2,Enabled,,skilled adiology - google campaign builder,phrase,Enabled,,,,,,,,,,,,,,,,,,,,,,,,adiology.io,,,,,,,,,,,,,,,,,,,,,,,,,,,,,,,,,,,,,,,,,,,,,,,,,,,,,,,,,,,,,,,,,,,,,,,,,,,,,,,,,,,,,,,,,,,,,,,,,,,,,,,,,,,,,,,,,,,,,,,,,,,,,,,,,,,,,,,,,,,,,,,,,
"Campaign-Search-Feb 8, 2026 06:59 PM",,,,,,,,,,,Enabled,,Ad Group 8,2,Enabled,,immediate adiology phone number,broad,Enabled,,,,,,,,,,,,,,,,,,,,,,,,adiology.io,,,,,,,,,,,,,,,,,,,,,,,,,,,,,,,,,,,,,,,,,,,,,,,,,,,,,,,,,,,,,,,,,,,,,,,,,,,,,,,,,,,,,,,,,,,,,,,,,,,,,,,,,,,,,,,,,,,,,,,,,,,,,,,,,,,,,,,,,,,,,,,,,
"Campaign-Search-Feb 8, 2026 06:59 PM",,,,,,,,,,,Enabled,,Ad Group 8,2,Enabled,,affordable adiology phone number near me,phrase,Enabled,,,,,,,,,,,,,,,,,,,,,,,,adiology.io,,,,,,,,,,,,,,,,,,,,,,,,,,,,,,,,,,,,,,,,,,,,,,,,,,,,,,,,,,,,,,,,,,,,,,,,,,,,,,,,,,,,,,,,,,,,,,,,,,,,,,,,,,,,,,,,,,,,,,,,,,,,,,,,,,,,,,,,,,,,,,,,,
"Campaign-Search-Feb 8, 2026 06:59 PM",,,,,,,,,,,Enabled,,Ad Group 8,2,Enabled,,adiology - google campaign builder weekend,broad,Enabled,,,,,,,,,,,,,,,,,,,,,,,,adiology.io,,,,,,,,,,,,,,,,,,,,,,,,,,,,,,,,,,,,,,,,,,,,,,,,,,,,,,,,,,,,,,,,,,,,,,,,,,,,,,,,,,,,,,,,,,,,,,,,,,,,,,,,,,,,,,,,,,,,,,,,,,,,,,,,,,,,,,,,,,,,,,,,,
"Campaign-Search-Feb 8, 2026 06:59 PM",,,,,,,,,,,Enabled,,Ad Group 8,2,Enabled,,certified adiology phone number near me,phrase,Enabled,,,,,,,,,,,,,,,,,,,,,,,,adiology.io,,,,,,,,,,,,,,,,,,,,,,,,,,,,,,,,,,,,,,,,,,,,,,,,,,,,,,,,,,,,,,,,,,,,,,,,,,,,,,,,,,,,,,,,,,,,,,,,,,,,,,,,,,,,,,,,,,,,,,,,,,,,,,,,,,,,,,,,,,,,,,,,,
"Campaign-Search-Feb 8, 2026 06:59 PM",,,,,,,,,,,Enabled,,Ad Group 8,2,Enabled,,adiology contact weekend,exact,Enabled,,,,,,,,,,,,,,,,,,,,,,,,adiology.io,,,,,,,,,,,,,,,,,,,,,,,,,,,,,,,,,,,,,,,,,,,,,,,,,,,,,,,,,,,,,,,,,,,,,,,,,,,,,,,,,,,,,,,,,,,,,,,,,,,,,,,,,,,,,,,,,,,,,,,,,,,,,,,,,,,,,,,,,,,,,,,,,
"Campaign-Search-Feb 8, 2026 06:59 PM",,,,,,,,,,,Enabled,,Ad Group 8,2,Enabled,,adiology contact veteran owned,broad,Enabled,,,,,,,,,,,,,,,,,,,,,,,,adiology.io,,,,,,,,,,,,,,,,,,,,,,,,,,,,,,,,,,,,,,,,,,,,,,,,,,,,,,,,,,,,,,,,,,,,,,,,,,,,,,,,,,,,,,,,,,,,,,,,,,,,,,,,,,,,,,,,,,,,,,,,,,,,,,,,,,,,,,,,,,,,,,,,,
"Campaign-Search-Feb 8, 2026 06:59 PM",,,,,,,,,,,Enabled,,Ad Group 8,2,Enabled,,how much is adiology phone number,phrase,Enabled,,,,,,,,,,,,,,,,,,,,,,,,adiology.io,,,,,,,,,,,,,,,,,,,,,,,,,,,,,,,,,,,,,,,,,,,,,,,,,,,,,,,,,,,,,,,,,,,,,,,,,,,,,,,,,,,,,,,,,,,,,,,,,,,,,,,,,,,,,,,,,,,,,,,,,,,,,,,,,,,,,,,,,,,,,,,,,
"Campaign-Search-Feb 8, 2026 06:59 PM",,,,,,,,,,,Enabled,,Ad Group 8,2,Enabled,,need adiology phone number,phrase,Enabled,,,,,,,,,,,,,,,,,,,,,,,,adiology.io,,,,,,,,,,,,,,,,,,,,,,,,,,,,,,,,,,,,,,,,,,,,,,,,,,,,,,,,,,,,,,,,,,,,,,,,,,,,,,,,,,,,,,,,,,,,,,,,,,,,,,,,,,,,,,,,,,,,,,,,,,,,,,,,,,,,,,,,,,,,,,,,,
"Campaign-Search-Feb 8, 2026 06:59 PM",,,,,,,,,,,Enabled,,Ad Group 8,2,Enabled,,expert adiology phone number,exact,Enabled,,,,,,,,,,,,,,,,,,,,,,,,adiology.io,,,,,,,,,,,,,,,,,,,,,,,,,,,,,,,,,,,,,,,,,,,,,,,,,,,,,,,,,,,,,,,,,,,,,,,,,,,,,,,,,,,,,,,,,,,,,,,,,,,,,,,,,,,,,,,,,,,,,,,,,,,,,,,,,,,,,,,,,,,,,,,,,
"Campaign-Search-Feb 8, 2026 06:59 PM",,,,,,,,,,,Enabled,,Ad Group 8,2,Enabled,,adiology contact help,phrase,Enabled,,,,,,,,,,,,,,,,,,,,,,,,adiology.io,,,,,,,,,,,,,,,,,,,,,,,,,,,,,,,,,,,,,,,,,,,,,,,,,,,,,,,,,,,,,,,,,,,,,,,,,,,,,,,,,,,,,,,,,,,,,,,,,,,,,,,,,,,,,,,,,,,,,,,,,,,,,,,,,,,,,,,,,,,,,,,,,
"Campaign-Search-Feb 8, 2026 06:59 PM",,,,,,,,,,,Enabled,,Ad Group 8,2,Enabled,,adiology phone number with guarantee,exact,Enabled,,,,,,,,,,,,,,,,,,,,,,,,adiology.io,,,,,,,,,,,,,,,,,,,,,,,,,,,,,,,,,,,,,,,,,,,,,,,,,,,,,,,,,,,,,,,,,,,,,,,,,,,,,,,,,,,,,,,,,,,,,,,,,,,,,,,,,,,,,,,,,,,,,,,,,,,,,,,,,,,,,,,,,,,,,,,,,
"Campaign-Search-Feb 8, 2026 06:59 PM",,,,,,,,,,,Enabled,,Ad Group 8,2,Enabled,,adiology phone number services,broad,Enabled,,,,,,,,,,,,,,,,,,,,,,,,adiology.io,,,,,,,,,,,,,,,,,,,,,,,,,,,,,,,,,,,,,,,,,,,,,,,,,,,,,,,,,,,,,,,,,,,,,,,,,,,,,,,,,,,,,,,,,,,,,,,,,,,,,,,,,,,,,,,,,,,,,,,,,,,,,,,,,,,,,,,,,,,,,,,,,
"Campaign-Search-Feb 8, 2026 06:59 PM",,,,,,,,,,,Enabled,,Ad Group 8,2,Enabled,,adiology phone number for residential,broad,Enabled,,,,,,,,,,,,,,,,,,,,,,,,adiology.io,,,,,,,,,,,,,,,,,,,,,,,,,,,,,,,,,,,,,,,,,,,,,,,,,,,,,,,,,,,,,,,,,,,,,,,,,,,,,,,,,,,,,,,,,,,,,,,,,,,,,,,,,,,,,,,,,,,,,,,,,,,,,,,,,,,,,,,,,,,,,,,,,
"Campaign-Search-Feb 8, 2026 06:59 PM",,,,,,,,,,,Enabled,,Ad Group 8,2,Enabled,,night adiology contact,broad,Enabled,,,,,,,,,,,,,,,,,,,,,,,,adiology.io,,,,,,,,,,,,,,,,,,,,,,,,,,,,,,,,,,,,,,,,,,,,,,,,,,,,,,,,,,,,,,,,,,,,,,,,,,,,,,,,,,,,,,,,,,,,,,,,,,,,,,,,,,,,,,,,,,,,,,,,,,,,,,,,,,,,,,,,,,,,,,,,,
"Campaign-Search-Feb 8, 2026 06:59 PM",,,,,,,,,,,Enabled,,Ad Group 8,2,Enabled,,compare adiology phone number,phrase,Enabled,,,,,,,,,,,,,,,,,,,,,,,,adiology.io,,,,,,,,,,,,,,,,,,,,,,,,,,,,,,,,,,,,,,,,,,,,,,,,,,,,,,,,,,,,,,,,,,,,,,,,,,,,,,,,,,,,,,,,,,,,,,,,,,,,,,,,,,,,,,,,,,,,,,,,,,,,,,,,,,,,,,,,,,,,,,,,,
"Campaign-Search-Feb 8, 2026 06:59 PM",,,,,,,,,,,Enabled,,Ad Group 8,2,Enabled,,adiology contact night,broad,Enabled,,,,,,,,,,,,,,,,,,,,,,,,adiology.io,,,,,,,,,,,,,,,,,,,,,,,,,,,,,,,,,,,,,,,,,,,,,,,,,,,,,,,,,,,,,,,,,,,,,,,,,,,,,,,,,,,,,,,,,,,,,,,,,,,,,,,,,,,,,,,,,,,,,,,,,,,,,,,,,,,,,,,,,,,,,,,,,
"Campaign-Search-Feb 8, 2026 06:59 PM",,,,,,,,,,,Enabled,,Ad Group 8,2,Enabled,,night adiology - google campaign builder,phrase,Enabled,,,,,,,,,,,,,,,,,,,,,,,,adiology.io,,,,,,,,,,,,,,,,,,,,,,,,,,,,,,,,,,,,,,,,,,,,,,,,,,,,,,,,,,,,,,,,,,,,,,,,,,,,,,,,,,,,,,,,,,,,,,,,,,,,,,,,,,,,,,,,,,,,,,,,,,,,,,,,,,,,,,,,,,,,,,,,,
"Campaign-Search-Feb 8, 2026 06:59 PM",,,,,,,,,,,Enabled,,Ad Group 8,2,Enabled,,fast adiology phone number,exact,Enabled,,,,,,,,,,,,,,,,,,,,,,,,adiology.io,,,,,,,,,,,,,,,,,,,,,,,,,,,,,,,,,,,,,,,,,,,,,,,,,,,,,,,,,,,,,,,,,,,,,,,,,,,,,,,,,,,,,,,,,,,,,,,,,,,,,,,,,,,,,,,,,,,,,,,,,,,,,,,,,,,,,,,,,,,,,,,,,
"Campaign-Search-Feb 8, 2026 06:59 PM",,,,,,,,,,,Enabled,,Ad Group 8,2,Enabled,,experienced adiology phone number,exact,Enabled,,,,,,,,,,,,,,,,,,,,,,,,adiology.io,,,,,,,,,,,,,,,,,,,,,,,,,,,,,,,,,,,,,,,,,,,,,,,,,,,,,,,,,,,,,,,,,,,,,,,,,,,,,,,,,,,,,,,,,,,,,,,,,,,,,,,,,,,,,,,,,,,,,,,,,,,,,,,,,,,,,,,,,,,,,,,,,
"Campaign-Search-Feb 8, 2026 06:59 PM",,,,,,,,,,,Enabled,,Ad Group 8,2,Enabled,,adiology phone number economical,exact,Enabled,,,,,,,,,,,,,,,,,,,,,,,,adiology.io,,,,,,,,,,,,,,,,,,,,,,,,,,,,,,,,,,,,,,,,,,,,,,,,,,,,,,,,,,,,,,,,,,,,,,,,,,,,,,,,,,,,,,,,,,,,,,,,,,,,,,,,,,,,,,,,,,,,,,,,,,,,,,,,,,,,,,,,,,,,,,,,,
"Campaign-Search-Feb 8, 2026 06:59 PM",,,,,,,,,,,Enabled,,Ad Group 8,2,Enabled,,adiology phone number expert,broad,Enabled,,,,,,,,,,,,,,,,,,,,,,,,adiology.io,,,,,,,,,,,,,,,,,,,,,,,,,,,,,,,,,,,,,,,,,,,,,,,,,,,,,,,,,,,,,,,,,,,,,,,,,,,,,,,,,,,,,,,,,,,,,,,,,,,,,,,,,,,,,,,,,,,,,,,,,,,,,,,,,,,,,,,,,,,,,,,,,
"Campaign-Search-Feb 8, 2026 06:59 PM",,,,,,,,,,,Enabled,,Ad Group 8,2,Enabled,,affordable adiology - google campaign builder,exact,Enabled,,,,,,,,,,,,,,,,,,,,,,,,adiology.io,,,,,,,,,,,,,,,,,,,,,,,,,,,,,,,,,,,,,,,,,,,,,,,,,,,,,,,,,,,,,,,,,,,,,,,,,,,,,,,,,,,,,,,,,,,,,,,,,,,,,,,,,,,,,,,,,,,,,,,,,,,,,,,,,,,,,,,,,,,,,,,,,
"Campaign-Search-Feb 8, 2026 06:59 PM",,,,,,,,,,,Enabled,,Ad Group 8,2,Enabled,,check adiology phone number,broad,Enabled,,,,,,,,,,,,,,,,,,,,,,,,adiology.io,,,,,,,,,,,,,,,,,,,,,,,,,,,,,,,,,,,,,,,,,,,,,,,,,,,,,,,,,,,,,,,,,,,,,,,,,,,,,,,,,,,,,,,,,,,,,,,,,,,,,,,,,,,,,,,,,,,,,,,,,,,,,,,,,,,,,,,,,,,,,,,,,
"Campaign-Search-Feb 8, 2026 06:59 PM",,,,,,,,,,,Enabled,,Ad Group 8,2,Enabled,,top adiology - google campaign builder,exact,Enabled,,,,,,,,,,,,,,,,,,,,,,,,adiology.io,,,,,,,,,,,,,,,,,,,,,,,,,,,,,,,,,,,,,,,,,,,,,,,,,,,,,,,,,,,,,,,,,,,,,,,,,,,,,,,,,,,,,,,,,,,,,,,,,,,,,,,,,,,,,,,,,,,,,,,,,,,,,,,,,,,,,,,,,,,,,,,,,
"Campaign-Search-Feb 8, 2026 06:59 PM",,,,,,,,,,,Enabled,,Ad Group 8,2,Enabled,,adiology phone number small business,broad,Enabled,,,,,,,,,,,,,,,,,,,,,,,,adiology.io,,,,,,,,,,,,,,,,,,,,,,,,,,,,,,,,,,,,,,,,,,,,,,,,,,,,,,,,,,,,,,,,,,,,,,,,,,,,,,,,,,,,,,,,,,,,,,,,,,,,,,,,,,,,,,,,,,,,,,,,,,,,,,,,,,,,,,,,,,,,,,,,,
"Campaign-Search-Feb 8, 2026 06:59 PM",,,,,,,,,,,Enabled,,Ad Group 8,2,Enabled,,night adiology contact,phrase,Enabled,,,,,,,,,,,,,,,,,,,,,,,,adiology.io,,,,,,,,,,,,,,,,,,,,,,,,,,,,,,,,,,,,,,,,,,,,,,,,,,,,,,,,,,,,,,,,,,,,,,,,,,,,,,,,,,,,,,,,,,,,,,,,,,,,,,,,,,,,,,,,,,,,,,,,,,,,,,,,,,,,,,,,,,,,,,,,,
"Campaign-Search-Feb 8, 2026 06:59 PM",,,,,,,,,,,Enabled,,Ad Group 8,2,Enabled,,adiology phone number high end,broad,Enabled,,,,,,,,,,,,,,,,,,,,,,,,adiology.io,,,,,,,,,,,,,,,,,,,,,,,,,,,,,,,,,,,,,,,,,,,,,,,,,,,,,,,,,,,,,,,,,,,,,,,,,,,,,,,,,,,,,,,,,,,,,,,,,,,,,,,,,,,,,,,,,,,,,,,,,,,,,,,,,,,,,,,,,,,,,,,,,
"Campaign-Search-Feb 8, 2026 06:59 PM",,,,,,,,,,,Enabled,,Ad Group 8,2,Enabled,,certified adiology phone number near me,broad,Enabled,,,,,,,,,,,,,,,,,,,,,,,,adiology.io,,,,,,,,,,,,,,,,,,,,,,,,,,,,,,,,,,,,,,,,,,,,,,,,,,,,,,,,,,,,,,,,,,,,,,,,,,,,,,,,,,,,,,,,,,,,,,,,,,,,,,,,,,,,,,,,,,,,,,,,,,,,,,,,,,,,,,,,,,,,,,,,,
"Campaign-Search-Feb 8, 2026 06:59 PM",,,,,,,,,,,Enabled,,Ad Group 8,2,Enabled,,buy a adiology phone number,broad,Enabled,,,,,,,,,,,,,,,,,,,,,,,,adiology.io,,,,,,,,,,,,,,,,,,,,,,,,,,,,,,,,,,,,,,,,,,,,,,,,,,,,,,,,,,,,,,,,,,,,,,,,,,,,,,,,,,,,,,,,,,,,,,,,,,,,,,,,,,,,,,,,,,,,,,,,,,,,,,,,,,,,,,,,,,,,,,,,,
"Campaign-Search-Feb 8, 2026 06:59 PM",,,,,,,,,,,Enabled,,Ad Group 8,2,Enabled,,adiology phone number services,phrase,Enabled,,,,,,,,,,,,,,,,,,,,,,,,adiology.io,,,,,,,,,,,,,,,,,,,,,,,,,,,,,,,,,,,,,,,,,,,,,,,,,,,,,,,,,,,,,,,,,,,,,,,,,,,,,,,,,,,,,,,,,,,,,,,,,,,,,,,,,,,,,,,,,,,,,,,,,,,,,,,,,,,,,,,,,,,,,,,,,
"Campaign-Search-Feb 8, 2026 06:59 PM",,,,,,,,,,,Enabled,,Ad Group 8,2,Enabled,,adiology - google campaign builder weekend,exact,Enabled,,,,,,,,,,,,,,,,,,,,,,,,adiology.io,,,,,,,,,,,,,,,,,,,,,,,,,,,,,,,,,,,,,,,,,,,,,,,,,,,,,,,,,,,,,,,,,,,,,,,,,,,,,,,,,,,,,,,,,,,,,,,,,,,,,,,,,,,,,,,,,,,,,,,,,,,,,,,,,,,,,,,,,,,,,,,,,
"Campaign-Search-Feb 8, 2026 06:59 PM",,,,,,,,,,,Enabled,,Ad Group 8,2,Enabled,,leading adiology - google campaign builder,broad,Enabled,,,,,,,,,,,,,,,,,,,,,,,,adiology.io,,,,,,,,,,,,,,,,,,,,,,,,,,,,,,,,,,,,,,,,,,,,,,,,,,,,,,,,,,,,,,,,,,,,,,,,,,,,,,,,,,,,,,,,,,,,,,,,,,,,,,,,,,,,,,,,,,,,,,,,,,,,,,,,,,,,,,,,,,,,,,,,,
"Campaign-Search-Feb 8, 2026 06:59 PM",,,,,,,,,,,Enabled,,Ad Group 8,2,Enabled,,bonded adiology phone number,exact,Enabled,,,,,,,,,,,,,,,,,,,,,,,,adiology.io,,,,,,,,,,,,,,,,,,,,,,,,,,,,,,,,,,,,,,,,,,,,,,,,,,,,,,,,,,,,,,,,,,,,,,,,,,,,,,,,,,,,,,,,,,,,,,,,,,,,,,,,,,,,,,,,,,,,,,,,,,,,,,,,,,,,,,,,,,,,,,,,,
"Campaign-Search-Feb 8, 2026 06:59 PM",,,,,,,,,,,Enabled,,Ad Group 8,2,Enabled,,adiology contact 24 hour,broad,Enabled,,,,,,,,,,,,,,,,,,,,,,,,adiology.io,,,,,,,,,,,,,,,,,,,,,,,,,,,,,,,,,,,,,,,,,,,,,,,,,,,,,,,,,,,,,,,,,,,,,,,,,,,,,,,,,,,,,,,,,,,,,,,,,,,,,,,,,,,,,,,,,,,,,,,,,,,,,,,,,,,,,,,,,,,,,,,,,
"Campaign-Search-Feb 8, 2026 06:59 PM",,,,,,,,,,,Enabled,,Ad Group 8,2,Enabled,,adiology contact instant,broad,Enabled,,,,,,,,,,,,,,,,,,,,,,,,adiology.io,,,,,,,,,,,,,,,,,,,,,,,,,,,,,,,,,,,,,,,,,,,,,,,,,,,,,,,,,,,,,,,,,,,,,,,,,,,,,,,,,,,,,,,,,,,,,,,,,,,,,,,,,,,,,,,,,,,,,,,,,,,,,,,,,,,,,,,,,,,,,,,,,
"Campaign-Search-Feb 8, 2026 06:59 PM",,,,,,,,,,,Enabled,,Ad Group 8,2,Enabled,,adiology phone numbers,phrase,Enabled,,,,,,,,,,,,,,,,,,,,,,,,adiology.io,,,,,,,,,,,,,,,,,,,,,,,,,,,,,,,,,,,,,,,,,,,,,,,,,,,,,,,,,,,,,,,,,,,,,,,,,,,,,,,,,,,,,,,,,,,,,,,,,,,,,,,,,,,,,,,,,,,,,,,,,,,,,,,,,,,,,,,,,,,,,,,,,
"Campaign-Search-Feb 8, 2026 06:59 PM",,,,,,,,,,,Enabled,,Ad Group 8,2,Enabled,,reliable adiology - google campaign builder,exact,Enabled,,,,,,,,,,,,,,,,,,,,,,,,adiology.io,,,,,,,,,,,,,,,,,,,,,,,,,,,,,,,,,,,,,,,,,,,,,,,,,,,,,,,,,,,,,,,,,,,,,,,,,,,,,,,,,,,,,,,,,,,,,,,,,,,,,,,,,,,,,,,,,,,,,,,,,,,,,,,,,,,,,,,,,,,,,,,,,
"Campaign-Search-Feb 8, 2026 06:59 PM",,,,,,,,,,,Enabled,,Ad Group 8,2,Enabled,,urgent adiology phone number,exact,Enabled,,,,,,,,,,,,,,,,,,,,,,,,adiology.io,,,,,,,,,,,,,,,,,,,,,,,,,,,,,,,,,,,,,,,,,,,,,,,,,,,,,,,,,,,,,,,,,,,,,,,,,,,,,,,,,,,,,,,,,,,,,,,,,,,,,,,,,,,,,,,,,,,,,,,,,,,,,,,,,,,,,,,,,,,,,,,,,
"Campaign-Search-Feb 8, 2026 06:59 PM",,,,,,,,,,,Enabled,,Ad Group 8,2,Enabled,,budget adiology - google campaign builder,broad,Enabled,,,,,,,,,,,,,,,,,,,,,,,,adiology.io,,,,,,,,,,,,,,,,,,,,,,,,,,,,,,,,,,,,,,,,,,,,,,,,,,,,,,,,,,,,,,,,,,,,,,,,,,,,,,,,,,,,,,,,,,,,,,,,,,,,,,,,,,,,,,,,,,,,,,,,,,,,,,,,,,,,,,,,,,,,,,,,,
"Campaign-Search-Feb 8, 2026 06:59 PM",,,,,,,,,,,Enabled,,Ad Group 8,2,Enabled,,adiology phone number companies,phrase,Enabled,,,,,,,,,,,,,,,,,,,,,,,,adiology.io,,,,,,,,,,,,,,,,,,,,,,,,,,,,,,,,,,,,,,,,,,,,,,,,,,,,,,,,,,,,,,,,,,,,,,,,,,,,,,,,,,,,,,,,,,,,,,,,,,,,,,,,,,,,,,,,,,,,,,,,,,,,,,,,,,,,,,,,,,,,,,,,,
"Campaign-Search-Feb 8, 2026 06:59 PM",,,,,,,,,,,Enabled,,Ad Group 8,2,Enabled,,local adiology phone number nearby,broad,Enabled,,,,,,,,,,,,,,,,,,,,,,,,adiology.io,,,,,,,,,,,,,,,,,,,,,,,,,,,,,,,,,,,,,,,,,,,,,,,,,,,,,,,,,,,,,,,,,,,,,,,,,,,,,,,,,,,,,,,,,,,,,,,,,,,,,,,,,,,,,,,,,,,,,,,,,,,,,,,,,,,,,,,,,,,,,,,,,
"Campaign-Search-Feb 8, 2026 06:59 PM",,,,,,,,,,,Enabled,,Ad Group 8,2,Enabled,,adiology - google campaign builder services,exact,Enabled,,,,,,,,,,,,,,,,,,,,,,,,adiology.io,,,,,,,,,,,,,,,,,,,,,,,,,,,,,,,,,,,,,,,,,,,,,,,,,,,,,,,,,,,,,,,,,,,,,,,,,,,,,,,,,,,,,,,,,,,,,,,,,,,,,,,,,,,,,,,,,,,,,,,,,,,,,,,,,,,,,,,,,,,,,,,,,
"Campaign-Search-Feb 8, 2026 06:59 PM",,,,,,,,,,,Enabled,,Ad Group 8,2,Enabled,,affordable adiology phone number near me,exact,Enabled,,,,,,,,,,,,,,,,,,,,,,,,adiology.io,,,,,,,,,,,,,,,,,,,,,,,,,,,,,,,,,,,,,,,,,,,,,,,,,,,,,,,,,,,,,,,,,,,,,,,,,,,,,,,,,,,,,,,,,,,,,,,,,,,,,,,,,,,,,,,,,,,,,,,,,,,,,,,,,,,,,,,,,,,,,,,,,
"Campaign-Search-Feb 8, 2026 06:59 PM",,,,,,,,,,,Enabled,,Ad Group 8,2,Enabled,,adiology phone number budget,phrase,Enabled,,,,,,,,,,,,,,,,,,,,,,,,adiology.io,,,,,,,,,,,,,,,,,,,,,,,,,,,,,,,,,,,,,,,,,,,,,,,,,,,,,,,,,,,,,,,,,,,,,,,,,,,,,,,,,,,,,,,,,,,,,,,,,,,,,,,,,,,,,,,,,,,,,,,,,,,,,,,,,,,,,,,,,,,,,,,,,
"Campaign-Search-Feb 8, 2026 06:59 PM",,,,,,,,,,,Enabled,,Ad Group 8,2,Enabled,,adiology contact,exact,Enabled,,,,,,,,,,,,,,,,,,,,,,,,adiology.io,,,,,,,,,,,,,,,,,,,,,,,,,,,,,,,,,,,,,,,,,,,,,,,,,,,,,,,,,,,,,,,,,,,,,,,,,,,,,,,,,,,,,,,,,,,,,,,,,,,,,,,,,,,,,,,,,,,,,,,,,,,,,,,,,,,,,,,,,,,,,,,,,
"Campaign-Search-Feb 8, 2026 06:59 PM",,,,,,,,,,,Enabled,,Ad Group 8,2,Enabled,,rapid adiology phone number,broad,Enabled,,,,,,,,,,,,,,,,,,,,,,,,adiology.io,,,,,,,,,,,,,,,,,,,,,,,,,,,,,,,,,,,,,,,,,,,,,,,,,,,,,,,,,,,,,,,,,,,,,,,,,,,,,,,,,,,,,,,,,,,,,,,,,,,,,,,,,,,,,,,,,,,,,,,,,,,,,,,,,,,,,,,,,,,,,,,,,
"Campaign-Search-Feb 8, 2026 06:59 PM",,,,,,,,,,,Enabled,,Ad Group 8,2,Enabled,,adiology contact near me,exact,Enabled,,,,,,,,,,,,,,,,,,,,,,,,adiology.io,,,,,,,,,,,,,,,,,,,,,,,,,,,,,,,,,,,,,,,,,,,,,,,,,,,,,,,,,,,,,,,,,,,,,,,,,,,,,,,,,,,,,,,,,,,,,,,,,,,,,,,,,,,,,,,,,,,,,,,,,,,,,,,,,,,,,,,,,,,,,,,,,
"Campaign-Search-Feb 8, 2026 06:59 PM",,,,,,,,,,,Enabled,,Ad Group 8,2,Enabled,,now adiology phone number,exact,Enabled,,,,,,,,,,,,,,,,,,,,,,,,adiology.io,,,,,,,,,,,,,,,,,,,,,,,,,,,,,,,,,,,,,,,,,,,,,,,,,,,,,,,,,,,,,,,,,,,,,,,,,,,,,,,,,,,,,,,,,,,,,,,,,,,,,,,,,,,,,,,,,,,,,,,,,,,,,,,,,,,,,,,,,,,,,,,,,
"Campaign-Search-Feb 8, 2026 06:59 PM",,,,,,,,,,,Enabled,,Ad Group 8,2,Enabled,,experienced adiology phone number near me,exact,Enabled,,,,,,,,,,,,,,,,,,,,,,,,adiology.io,,,,,,,,,,,,,,,,,,,,,,,,,,,,,,,,,,,,,,,,,,,,,,,,,,,,,,,,,,,,,,,,,,,,,,,,,,,,,,,,,,,,,,,,,,,,,,,,,,,,,,,,,,,,,,,,,,,,,,,,,,,,,,,,,,,,,,,,,,,,,,,,,
"Campaign-Search-Feb 8, 2026 06:59 PM",,,,,,,,,,,Enabled,,Ad Group 8,2,Enabled,,instant adiology - google campaign builder,exact,Enabled,,,,,,,,,,,,,,,,,,,,,,,,adiology.io,,,,,,,,,,,,,,,,,,,,,,,,,,,,,,,,,,,,,,,,,,,,,,,,,,,,,,,,,,,,,,,,,,,,,,,,,,,,,,,,,,,,,,,,,,,,,,,,,,,,,,,,,,,,,,,,,,,,,,,,,,,,,,,,,,,,,,,,,,,,,,,,,
"Campaign-Search-Feb 8, 2026 06:59 PM",,,,,,,,,,,Enabled,,Ad Group 8,2,Enabled,,adiology - google campaign builder or,exact,Enabled,,,,,,,,,,,,,,,,,,,,,,,,adiology.io,,,,,,,,,,,,,,,,,,,,,,,,,,,,,,,,,,,,,,,,,,,,,,,,,,,,,,,,,,,,,,,,,,,,,,,,,,,,,,,,,,,,,,,,,,,,,,,,,,,,,,,,,,,,,,,,,,,,,,,,,,,,,,,,,,,,,,,,,,,,,,,,,
"Campaign-Search-Feb 8, 2026 06:59 PM",,,,,,,,,,,Enabled,,Ad Group 8,2,Enabled,,budget adiology - google campaign builder,exact,Enabled,,,,,,,,,,,,,,,,,,,,,,,,adiology.io,,,,,,,,,,,,,,,,,,,,,,,,,,,,,,,,,,,,,,,,,,,,,,,,,,,,,,,,,,,,,,,,,,,,,,,,,,,,,,,,,,,,,,,,,,,,,,,,,,,,,,,,,,,,,,,,,,,,,,,,,,,,,,,,,,,,,,,,,,,,,,,,,
"Campaign-Search-Feb 8, 2026 06:59 PM",,,,,,,,,,,Enabled,,Ad Group 8,2,Enabled,,adiology - google campaign builder weekend,phrase,Enabled,,,,,,,,,,,,,,,,,,,,,,,,adiology.io,,,,,,,,,,,,,,,,,,,,,,,,,,,,,,,,,,,,,,,,,,,,,,,,,,,,,,,,,,,,,,,,,,,,,,,,,,,,,,,,,,,,,,,,,,,,,,,,,,,,,,,,,,,,,,,,,,,,,,,,,,,,,,,,,,,,,,,,,,,,,,,,,
"Campaign-Search-Feb 8, 2026 06:59 PM",,,,,,,,,,,Enabled,,Ad Group 8,2,Enabled,,adiology services try,broad,Enabled,,,,,,,,,,,,,,,,,,,,,,,,adiology.io,,,,,,,,,,,,,,,,,,,,,,,,,,,,,,,,,,,,,,,,,,,,,,,,,,,,,,,,,,,,,,,,,,,,,,,,,,,,,,,,,,,,,,,,,,,,,,,,,,,,,,,,,,,,,,,,,,,,,,,,,,,,,,,,,,,,,,,,,,,,,,,,,
"Campaign-Search-Feb 8, 2026 06:59 PM",,,,,,,,,,,Enabled,,Ad Group 8,2,Enabled,,adiology contact top,phrase,Enabled,,,,,,,,,,,,,,,,,,,,,,,,adiology.io,,,,,,,,,,,,,,,,,,,,,,,,,,,,,,,,,,,,,,,,,,,,,,,,,,,,,,,,,,,,,,,,,,,,,,,,,,,,,,,,,,,,,,,,,,,,,,,,,,,,,,,,,,,,,,,,,,,,,,,,,,,,,,,,,,,,,,,,,,,,,,,,,
"Campaign-Search-Feb 8, 2026 06:59 PM",,,,,,,,,,,Enabled,,Ad Group 8,2,Enabled,,affordable adiology phone number local,phrase,Enabled,,,,,,,,,,,,,,,,,,,,,,,,adiology.io,,,,,,,,,,,,,,,,,,,,,,,,,,,,,,,,,,,,,,,,,,,,,,,,,,,,,,,,,,,,,,,,,,,,,,,,,,,,,,,,,,,,,,,,,,,,,,,,,,,,,,,,,,,,,,,,,,,,,,,,,,,,,,,,,,,,,,,,,,,,,,,,,
"Campaign-Search-Feb 8, 2026 06:59 PM",,,,,,,,,,,Enabled,,Ad Group 8,2,Enabled,,adiology phone number price,exact,Enabled,,,,,,,,,,,,,,,,,,,,,,,,adiology.io,,,,,,,,,,,,,,,,,,,,,,,,,,,,,,,,,,,,,,,,,,,,,,,,,,,,,,,,,,,,,,,,,,,,,,,,,,,,,,,,,,,,,,,,,,,,,,,,,,,,,,,,,,,,,,,,,,,,,,,,,,,,,,,,,,,,,,,,,,,,,,,,,
"Campaign-Search-Feb 8, 2026 06:59 PM",,,,,,,,,,,Enabled,,Ad Group 8,2,Enabled,,adiology contact support,exact,Enabled,,,,,,,,,,,,,,,,,,,,,,,,adiology.io,,,,,,,,,,,,,,,,,,,,,,,,,,,,,,,,,,,,,,,,,,,,,,,,,,,,,,,,,,,,,,,,,,,,,,,,,,,,,,,,,,,,,,,,,,,,,,,,,,,,,,,,,,,,,,,,,,,,,,,,,,,,,,,,,,,,,,,,,,,,,,,,,
"Campaign-Search-Feb 8, 2026 06:59 PM",,,,,,,,,,,Enabled,,Ad Group 8,2,Enabled,,insured adiology - google campaign builder,exact,Enabled,,,,,,,,,,,,,,,,,,,,,,,,adiology.io,,,,,,,,,,,,,,,,,,,,,,,,,,,,,,,,,,,,,,,,,,,,,,,,,,,,,,,,,,,,,,,,,,,,,,,,,,,,,,,,,,,,,,,,,,,,,,,,,,,,,,,,,,,,,,,,,,,,,,,,,,,,,,,,,,,,,,,,,,,,,,,,,
"Campaign-Search-Feb 8, 2026 06:59 PM",,,,,,,,,,,Enabled,,Ad Group 8,2,Enabled,,adiology phone number this week,exact,Enabled,,,,,,,,,,,,,,,,,,,,,,,,adiology.io,,,,,,,,,,,,,,,,,,,,,,,,,,,,,,,,,,,,,,,,,,,,,,,,,,,,,,,,,,,,,,,,,,,,,,,,,,,,,,,,,,,,,,,,,,,,,,,,,,,,,,,,,,,,,,,,,,,,,,,,,,,,,,,,,,,,,,,,,,,,,,,,,
"Campaign-Search-Feb 8, 2026 06:59 PM",,,,,,,,,,,Enabled,,Ad Group 8,2,Enabled,,adiology contact,phrase,Enabled,,,,,,,,,,,,,,,,,,,,,,,,adiology.io,,,,,,,,,,,,,,,,,,,,,,,,,,,,,,,,,,,,,,,,,,,,,,,,,,,,,,,,,,,,,,,,,,,,,,,,,,,,,,,,,,,,,,,,,,,,,,,,,,,,,,,,,,,,,,,,,,,,,,,,,,,,,,,,,,,,,,,,,,,,,,,,,
"Campaign-Search-Feb 8, 2026 06:59 PM",,,,,,,,,,,Enabled,,Ad Group 8,2,Enabled,,instant adiology - google campaign builder,phrase,Enabled,,,,,,,,,,,,,,,,,,,,,,,,adiology.io,,,,,,,,,,,,,,,,,,,,,,,,,,,,,,,,,,,,,,,,,,,,,,,,,,,,,,,,,,,,,,,,,,,,,,,,,,,,,,,,,,,,,,,,,,,,,,,,,,,,,,,,,,,,,,,,,,,,,,,,,,,,,,,,,,,,,,,,,,,,,,,,,
"Campaign-Search-Feb 8, 2026 06:59 PM",,,,,,,,,,,Enabled,,Ad Group 8,2,Enabled,,reasonable adiology phone number,exact,Enabled,,,,,,,,,,,,,,,,,,,,,,,,adiology.io,,,,,,,,,,,,,,,,,,,,,,,,,,,,,,,,,,,,,,,,,,,,,,,,,,,,,,,,,,,,,,,,,,,,,,,,,,,,,,,,,,,,,,,,,,,,,,,,,,,,,,,,,,,,,,,,,,,,,,,,,,,,,,,,,,,,,,,,,,,,,,,,,
"Campaign-Search-Feb 8, 2026 06:59 PM",,,,,,,,,,,Enabled,,Ad Group 8,2,Enabled,,adiology contact nearby,exact,Enabled,,,,,,,,,,,,,,,,,,,,,,,,adiology.io,,,,,,,,,,,,,,,,,,,,,,,,,,,,,,,,,,,,,,,,,,,,,,,,,,,,,,,,,,,,,,,,,,,,,,,,,,,,,,,,,,,,,,,,,,,,,,,,,,,,,,,,,,,,,,,,,,,,,,,,,,,,,,,,,,,,,,,,,,,,,,,,,
"Campaign-Search-Feb 8, 2026 06:59 PM",,,,,,,,,,,Enabled,,Ad Group 8,2,Enabled,,adiology phone number independent,broad,Enabled,,,,,,,,,,,,,,,,,,,,,,,,adiology.io,,,,,,,,,,,,,,,,,,,,,,,,,,,,,,,,,,,,,,,,,,,,,,,,,,,,,,,,,,,,,,,,,,,,,,,,,,,,,,,,,,,,,,,,,,,,,,,,,,,,,,,,,,,,,,,,,,,,,,,,,,,,,,,,,,,,,,,,,,,,,,,,,
"Campaign-Search-Feb 8, 2026 06:59 PM",,,,,,,,,,,Enabled,,Ad Group 8,2,Enabled,,close adiology phone number,broad,Enabled,,,,,,,,,,,,,,,,,,,,,,,,adiology.io,,,,,,,,,,,,,,,,,,,,,,,,,,,,,,,,,,,,,,,,,,,,,,,,,,,,,,,,,,,,,,,,,,,,,,,,,,,,,,,,,,,,,,,,,,,,,,,,,,,,,,,,,,,,,,,,,,,,,,,,,,,,,,,,,,,,,,,,,,,,,,,,,
"Campaign-Search-Feb 8, 2026 06:59 PM",,,,,,,,,,,Enabled,,Ad Group 8,2,Enabled,,where to get adiology phone number,exact,Enabled,,,,,,,,,,,,,,,,,,,,,,,,adiology.io,,,,,,,,,,,,,,,,,,,,,,,,,,,,,,,,,,,,,,,,,,,,,,,,,,,,,,,,,,,,,,,,,,,,,,,,,,,,,,,,,,,,,,,,,,,,,,,,,,,,,,,,,,,,,,,,,,,,,,,,,,,,,,,,,,,,,,,,,,,,,,,,,
"Campaign-Search-Feb 8, 2026 06:59 PM",,,,,,,,,,,Enabled,,Ad Group 8,2,Enabled,,expert adiology - google campaign builder,broad,Enabled,,,,,,,,,,,,,,,,,,,,,,,,adiology.io,,,,,,,,,,,,,,,,,,,,,,,,,,,,,,,,,,,,,,,,,,,,,,,,,,,,,,,,,,,,,,,,,,,,,,,,,,,,,,,,,,,,,,,,,,,,,,,,,,,,,,,,,,,,,,,,,,,,,,,,,,,,,,,,,,,,,,,,,,,,,,,,,
"Campaign-Search-Feb 8, 2026 06:59 PM",,,,,,,,,,,Enabled,,Ad Group 8,2,Enabled,,adiology phone number high end,exact,Enabled,,,,,,,,,,,,,,,,,,,,,,,,adiology.io,,,,,,,,,,,,,,,,,,,,,,,,,,,,,,,,,,,,,,,,,,,,,,,,,,,,,,,,,,,,,,,,,,,,,,,,,,,,,,,,,,,,,,,,,,,,,,,,,,,,,,,,,,,,,,,,,,,,,,,,,,,,,,,,,,,,,,,,,,,,,,,,,
"Campaign-Search-Feb 8, 2026 06:59 PM",,,,,,,,,,,Enabled,,Ad Group 8,2,Enabled,,choose adiology - google campaign builder,phrase,Enabled,,,,,,,,,,,,,,,,,,,,,,,,adiology.io,,,,,,,,,,,,,,,,,,,,,,,,,,,,,,,,,,,,,,,,,,,,,,,,,,,,,,,,,,,,,,,,,,,,,,,,,,,,,,,,,,,,,,,,,,,,,,,,,,,,,,,,,,,,,,,,,,,,,,,,,,,,,,,,,,,,,,,,,,,,,,,,,
"Campaign-Search-Feb 8, 2026 06:59 PM",,,,,,,,,,,Enabled,,Ad Group 8,2,Enabled,,adiology phone number budget,exact,Enabled,,,,,,,,,,,,,,,,,,,,,,,,adiology.io,,,,,,,,,,,,,,,,,,,,,,,,,,,,,,,,,,,,,,,,,,,,,,,,,,,,,,,,,,,,,,,,,,,,,,,,,,,,,,,,,,,,,,,,,,,,,,,,,,,,,,,,,,,,,,,,,,,,,,,,,,,,,,,,,,,,,,,,,,,,,,,,,
"Campaign-Search-Feb 8, 2026 06:59 PM",,,,,,,,,,,Enabled,,Ad Group 8,2,Enabled,,adiology contact get,exact,Enabled,,,,,,,,,,,,,,,,,,,,,,,,adiology.io,,,,,,,,,,,,,,,,,,,,,,,,,,,,,,,,,,,,,,,,,,,,,,,,,,,,,,,,,,,,,,,,,,,,,,,,,,,,,,,,,,,,,,,,,,,,,,,,,,,,,,,,,,,,,,,,,,,,,,,,,,,,,,,,,,,,,,,,,,,,,,,,,
"Campaign-Search-Feb 8, 2026 06:59 PM",,,,,,,,,,,Enabled,,Ad Group 8,2,Enabled,,adiology phone number affordable,exact,Enabled,,,,,,,,,,,,,,,,,,,,,,,,adiology.io,,,,,,,,,,,,,,,,,,,,,,,,,,,,,,,,,,,,,,,,,,,,,,,,,,,,,,,,,,,,,,,,,,,,,,,,,,,,,,,,,,,,,,,,,,,,,,,,,,,,,,,,,,,,,,,,,,,,,,,,,,,,,,,,,,,,,,,,,,,,,,,,,
"Campaign-Search-Feb 8, 2026 06:59 PM",,,,,,,,,,,Enabled,,Ad Group 8,2,Enabled,,hire adiology - google campaign builder,phrase,Enabled,,,,,,,,,,,,,,,,,,,,,,,,adiology.io,,,,,,,,,,,,,,,,,,,,,,,,,,,,,,,,,,,,,,,,,,,,,,,,,,,,,,,,,,,,,,,,,,,,,,,,,,,,,,,,,,,,,,,,,,,,,,,,,,,,,,,,,,,,,,,,,,,,,,,,,,,,,,,,,,,,,,,,,,,,,,,,,
"Campaign-Search-Feb 8, 2026 06:59 PM",,,,,,,,,,,Enabled,,Ad Group 8,2,Enabled,,select adiology - google campaign builder,broad,Enabled,,,,,,,,,,,,,,,,,,,,,,,,adiology.io,,,,,,,,,,,,,,,,,,,,,,,,,,,,,,,,,,,,,,,,,,,,,,,,,,,,,,,,,,,,,,,,,,,,,,,,,,,,,,,,,,,,,,,,,,,,,,,,,,,,,,,,,,,,,,,,,,,,,,,,,,,,,,,,,,,,,,,,,,,,,,,,,
"Campaign-Search-Feb 8, 2026 06:59 PM",,,,,,,,,,,Enabled,,Ad Group 8,2,Enabled,,adiology contact,broad,Enabled,,,,,,,,,,,,,,,,,,,,,,,,adiology.io,,,,,,,,,,,,,,,,,,,,,,,,,,,,,,,,,,,,,,,,,,,,,,,,,,,,,,,,,,,,,,,,,,,,,,,,,,,,,,,,,,,,,,,,,,,,,,,,,,,,,,,,,,,,,,,,,,,,,,,,,,,,,,,,,,,,,,,,,,,,,,,,,
"Campaign-Search-Feb 8, 2026 06:59 PM",,,,,,,,,,,Enabled,,Ad Group 8,2,Enabled,,adiology - google campaign builder recommended,broad,Enabled,,,,,,,,,,,,,,,,,,,,,,,,adiology.io,,,,,,,,,,,,,,,,,,,,,,,,,,,,,,,,,,,,,,,,,,,,,,,,,,,,,,,,,,,,,,,,,,,,,,,,,,,,,,,,,,,,,,,,,,,,,,,,,,,,,,,,,,,,,,,,,,,,,,,,,,,,,,,,,,,,,,,,,,,,,,,,,
"Campaign-Search-Feb 8, 2026 06:59 PM",,,,,,,,,,,Enabled,,Ad Group 8,2,Enabled,,accredited adiology phone number,broad,Enabled,,,,,,,,,,,,,,,,,,,,,,,,adiology.io,,,,,,,,,,,,,,,,,,,,,,,,,,,,,,,,,,,,,,,,,,,,,,,,,,,,,,,,,,,,,,,,,,,,,,,,,,,,,,,,,,,,,,,,,,,,,,,,,,,,,,,,,,,,,,,,,,,,,,,,,,,,,,,,,,,,,,,,,,,,,,,,,
"Campaign-Search-Feb 8, 2026 06:59 PM",,,,,,,,,,,Enabled,,Ad Group 8,2,Enabled,,recommended adiology phone number,phrase,Enabled,,,,,,,,,,,,,,,,,,,,,,,,adiology.io,,,,,,,,,,,,,,,,,,,,,,,,,,,,,,,,,,,,,,,,,,,,,,,,,,,,,,,,,,,,,,,,,,,,,,,,,,,,,,,,,,,,,,,,,,,,,,,,,,,,,,,,,,,,,,,,,,,,,,,,,,,,,,,,,,,,,,,,,,,,,,,,,
"Campaign-Search-Feb 8, 2026 06:59 PM",,,,,,,,,,,Enabled,,Ad Group 8,2,Enabled,,adiology phone number reputable,broad,Enabled,,,,,,,,,,,,,,,,,,,,,,,,adiology.io,,,,,,,,,,,,,,,,,,,,,,,,,,,,,,,,,,,,,,,,,,,,,,,,,,,,,,,,,,,,,,,,,,,,,,,,,,,,,,,,,,,,,,,,,,,,,,,,,,,,,,,,,,,,,,,,,,,,,,,,,,,,,,,,,,,,,,,,,,,,,,,,,
"Campaign-Search-Feb 8, 2026 06:59 PM",,,,,,,,,,,Enabled,,Ad Group 8,2,Enabled,,available adiology - google campaign builder,broad,Enabled,,,,,,,,,,,,,,,,,,,,,,,,adiology.io,,,,,,,,,,,,,,,,,,,,,,,,,,,,,,,,,,,,,,,,,,,,,,,,,,,,,,,,,,,,,,,,,,,,,,,,,,,,,,,,,,,,,,,,,,,,,,,,,,,,,,,,,,,,,,,,,,,,,,,,,,,,,,,,,,,,,,,,,,,,,,,,,
"Campaign-Search-Feb 8, 2026 06:59 PM",,,,,,,,,,,Enabled,,Ad Group 8,2,Enabled,,need adiology - google campaign builder,exact,Enabled,,,,,,,,,,,,,,,,,,,,,,,,adiology.io,,,,,,,,,,,,,,,,,,,,,,,,,,,,,,,,,,,,,,,,,,,,,,,,,,,,,,,,,,,,,,,,,,,,,,,,,,,,,,,,,,,,,,,,,,,,,,,,,,,,,,,,,,,,,,,,,,,,,,,,,,,,,,,,,,,,,,,,,,,,,,,,,
"Campaign-Search-Feb 8, 2026 06:59 PM",,,,,,,,,,,Enabled,,Ad Group 8,2,Enabled,,highest rated adiology phone number,phrase,Enabled,,,,,,,,,,,,,,,,,,,,,,,,adiology.io,,,,,,,,,,,,,,,,,,,,,,,,,,,,,,,,,,,,,,,,,,,,,,,,,,,,,,,,,,,,,,,,,,,,,,,,,,,,,,,,,,,,,,,,,,,,,,,,,,,,,,,,,,,,,,,,,,,,,,,,,,,,,,,,,,,,,,,,,,,,,,,,,
"Campaign-Search-Feb 8, 2026 06:59 PM",,,,,,,,,,,Enabled,,Ad Group 8,2,Enabled,,adiology phone number reasonable,phrase,Enabled,,,,,,,,,,,,,,,,,,,,,,,,adiology.io,,,,,,,,,,,,,,,,,,,,,,,,,,,,,,,,,,,,,,,,,,,,,,,,,,,,,,,,,,,,,,,,,,,,,,,,,,,,,,,,,,,,,,,,,,,,,,,,,,,,,,,,,,,,,,,,,,,,,,,,,,,,,,,,,,,,,,,,,,,,,,,,,
"Campaign-Search-Feb 8, 2026 06:59 PM",,,,,,,,,,,Enabled,,Ad Group 8,2,Enabled,,thorough adiology - google campaign builder,phrase,Enabled,,,,,,,,,,,,,,,,,,,,,,,,adiology.io,,,,,,,,,,,,,,,,,,,,,,,,,,,,,,,,,,,,,,,,,,,,,,,,,,,,,,,,,,,,,,,,,,,,,,,,,,,,,,,,,,,,,,,,,,,,,,,,,,,,,,,,,,,,,,,,,,,,,,,,,,,,,,,,,,,,,,,,,,,,,,,,,
"Campaign-Search-Feb 8, 2026 06:59 PM",,,,,,,,,,,Enabled,,Ad Group 8,2,Enabled,,24/7 adiology phone number,phrase,Enabled,,,,,,,,,,,,,,,,,,,,,,,,adiology.io,,,,,,,,,,,,,,,,,,,,,,,,,,,,,,,,,,,,,,,,,,,,,,,,,,,,,,,,,,,,,,,,,,,,,,,,,,,,,,,,,,,,,,,,,,,,,,,,,,,,,,,,,,,,,,,,,,,,,,,,,,,,,,,,,,,,,,,,,,,,,,,,,
"Campaign-Search-Feb 8, 2026 06:59 PM",,,,,,,,,,,Enabled,,Ad Group 8,2,Enabled,,looking for a adiology phone number,broad,Enabled,,,,,,,,,,,,,,,,,,,,,,,,adiology.io,,,,,,,,,,,,,,,,,,,,,,,,,,,,,,,,,,,,,,,,,,,,,,,,,,,,,,,,,,,,,,,,,,,,,,,,,,,,,,,,,,,,,,,,,,,,,,,,,,,,,,,,,,,,,,,,,,,,,,,,,,,,,,,,,,,,,,,,,,,,,,,,,
"Campaign-Search-Feb 8, 2026 06:59 PM",,,,,,,,,,,Enabled,,Ad Group 8,2,Enabled,,adiology phone number start,exact,Enabled,,,,,,,,,,,,,,,,,,,,,,,,adiology.io,,,,,,,,,,,,,,,,,,,,,,,,,,,,,,,,,,,,,,,,,,,,,,,,,,,,,,,,,,,,,,,,,,,,,,,,,,,,,,,,,,,,,,,,,,,,,,,,,,,,,,,,,,,,,,,,,,,,,,,,,,,,,,,,,,,,,,,,,,,,,,,,,
"Campaign-Search-Feb 8, 2026 06:59 PM",,,,,,,,,,,Enabled,,Ad Group 8,2,Enabled,,adiology services service,phrase,Enabled,,,,,,,,,,,,,,,,,,,,,,,,adiology.io,,,,,,,,,,,,,,,,,,,,,,,,,,,,,,,,,,,,,,,,,,,,,,,,,,,,,,,,,,,,,,,,,,,,,,,,,,,,,,,,,,,,,,,,,,,,,,,,,,,,,,,,,,,,,,,,,,,,,,,,,,,,,,,,,,,,,,,,,,,,,,,,,
"Campaign-Search-Feb 8, 2026 06:59 PM",,,,,,,,,,,Enabled,,Ad Group 8,2,Enabled,,adiology contact today,exact,Enabled,,,,,,,,,,,,,,,,,,,,,,,,adiology.io,,,,,,,,,,,,,,,,,,,,,,,,,,,,,,,,,,,,,,,,,,,,,,,,,,,,,,,,,,,,,,,,,,,,,,,,,,,,,,,,,,,,,,,,,,,,,,,,,,,,,,,,,,,,,,,,,,,,,,,,,,,,,,,,,,,,,,,,,,,,,,,,,
"Campaign-Search-Feb 8, 2026 06:59 PM",,,,,,,,,,,Enabled,,Ad Group 8,2,Enabled,,veteran owned adiology contact,broad,Enabled,,,,,,,,,,,,,,,,,,,,,,,,adiology.io,,,,,,,,,,,,,,,,,,,,,,,,,,,,,,,,,,,,,,,,,,,,,,,,,,,,,,,,,,,,,,,,,,,,,,,,,,,,,,,,,,,,,,,,,,,,,,,,,,,,,,,,,,,,,,,,,,,,,,,,,,,,,,,,,,,,,,,,,,,,,,,,,
"Campaign-Search-Feb 8, 2026 06:59 PM",,,,,,,,,,,Enabled,,Ad Group 8,2,Enabled,,purchase a adiology phone number,exact,Enabled,,,,,,,,,,,,,,,,,,,,,,,,adiology.io,,,,,,,,,,,,,,,,,,,,,,,,,,,,,,,,,,,,,,,,,,,,,,,,,,,,,,,,,,,,,,,,,,,,,,,,,,,,,,,,,,,,,,,,,,,,,,,,,,,,,,,,,,,,,,,,,,,,,,,,,,,,,,,,,,,,,,,,,,,,,,,,,
"Campaign-Search-Feb 8, 2026 06:59 PM",,,,,,,,,,,Enabled,,Ad Group 8,2,Enabled,,adiology phone number for business local,broad,Enabled,,,,,,,,,,,,,,,,,,,,,,,,adiology.io,,,,,,,,,,,,,,,,,,,,,,,,,,,,,,,,,,,,,,,,,,,,,,,,,,,,,,,,,,,,,,,,,,,,,,,,,,,,,,,,,,,,,,,,,,,,,,,,,,,,,,,,,,,,,,,,,,,,,,,,,,,,,,,,,,,,,,,,,,,,,,,,,
"Campaign-Search-Feb 8, 2026 06:59 PM",,,,,,,,,,,Enabled,,Ad Group 8,2,Enabled,,experienced adiology phone number nearby,phrase,Enabled,,,,,,,,,,,,,,,,,,,,,,,,adiology.io,,,,,,,,,,,,,,,,,,,,,,,,,,,,,,,,,,,,,,,,,,,,,,,,,,,,,,,,,,,,,,,,,,,,,,,,,,,,,,,,,,,,,,,,,,,,,,,,,,,,,,,,,,,,,,,,,,,,,,,,,,,,,,,,,,,,,,,,,,,,,,,,,
"Campaign-Search-Feb 8, 2026 06:59 PM",,,,,,,,,,,Enabled,,Ad Group 8,2,Enabled,,adiology phone number same day,phrase,Enabled,,,,,,,,,,,,,,,,,,,,,,,,adiology.io,,,,,,,,,,,,,,,,,,,,,,,,,,,,,,,,,,,,,,,,,,,,,,,,,,,,,,,,,,,,,,,,,,,,,,,,,,,,,,,,,,,,,,,,,,,,,,,,,,,,,,,,,,,,,,,,,,,,,,,,,,,,,,,,,,,,,,,,,,,,,,,,,
"Campaign-Search-Feb 8, 2026 06:59 PM",,,,,,,,,,,Enabled,,Ad Group 8,2,Enabled,,adiology phone number nearest,broad,Enabled,,,,,,,,,,,,,,,,,,,,,,,,adiology.io,,,,,,,,,,,,,,,,,,,,,,,,,,,,,,,,,,,,,,,,,,,,,,,,,,,,,,,,,,,,,,,,,,,,,,,,,,,,,,,,,,,,,,,,,,,,,,,,,,,,,,,,,,,,,,,,,,,,,,,,,,,,,,,,,,,,,,,,,,,,,,,,,
"Campaign-Search-Feb 8, 2026 06:59 PM",,,,,,,,,,,Enabled,,Ad Group 8,2,Enabled,,black owned adiology contact,exact,Enabled,,,,,,,,,,,,,,,,,,,,,,,,adiology.io,,,,,,,,,,,,,,,,,,,,,,,,,,,,,,,,,,,,,,,,,,,,,,,,,,,,,,,,,,,,,,,,,,,,,,,,,,,,,,,,,,,,,,,,,,,,,,,,,,,,,,,,,,,,,,,,,,,,,,,,,,,,,,,,,,,,,,,,,,,,,,,,,
"Campaign-Search-Feb 8, 2026 06:59 PM",,,,,,,,,,,Enabled,,Ad Group 8,2,Enabled,,qualified adiology - google campaign builder,broad,Enabled,,,,,,,,,,,,,,,,,,,,,,,,adiology.io,,,,,,,,,,,,,,,,,,,,,,,,,,,,,,,,,,,,,,,,,,,,,,,,,,,,,,,,,,,,,,,,,,,,,,,,,,,,,,,,,,,,,,,,,,,,,,,,,,,,,,,,,,,,,,,,,,,,,,,,,,,,,,,,,,,,,,,,,,,,,,,,,
"Campaign-Search-Feb 8, 2026 06:59 PM",,,,,,,,,,,Enabled,,Ad Group 8,2,Enabled,,experienced adiology phone number nearby,broad,Enabled,,,,,,,,,,,,,,,,,,,,,,,,adiology.io,,,,,,,,,,,,,,,,,,,,,,,,,,,,,,,,,,,,,,,,,,,,,,,,,,,,,,,,,,,,,,,,,,,,,,,,,,,,,,,,,,,,,,,,,,,,,,,,,,,,,,,,,,,,,,,,,,,,,,,,,,,,,,,,,,,,,,,,,,,,,,,,,
"Campaign-Search-Feb 8, 2026 06:59 PM",,,,,,,,,,,Enabled,,Ad Group 8,2,Enabled,,fast adiology - google campaign builder,broad,Enabled,,,,,,,,,,,,,,,,,,,,,,,,adiology.io,,,,,,,,,,,,,,,,,,,,,,,,,,,,,,,,,,,,,,,,,,,,,,,,,,,,,,,,,,,,,,,,,,,,,,,,,,,,,,,,,,,,,,,,,,,,,,,,,,,,,,,,,,,,,,,,,,,,,,,,,,,,,,,,,,,,,,,,,,,,,,,,,
"Campaign-Search-Feb 8, 2026 06:59 PM",,,,,,,,,,,Enabled,,Ad Group 8,2,Enabled,,premium adiology contact,broad,Enabled,,,,,,,,,,,,,,,,,,,,,,,,adiology.io,,,,,,,,,,,,,,,,,,,,,,,,,,,,,,,,,,,,,,,,,,,,,,,,,,,,,,,,,,,,,,,,,,,,,,,,,,,,,,,,,,,,,,,,,,,,,,,,,,,,,,,,,,,,,,,,,,,,,,,,,,,,,,,,,,,,,,,,,,,,,,,,,
"Campaign-Search-Feb 8, 2026 06:59 PM",,,,,,,,,,,Enabled,,Ad Group 8,2,Enabled,,accredited adiology - google campaign builder,exact,Enabled,,,,,,,,,,,,,,,,,,,,,,,,adiology.io,,,,,,,,,,,,,,,,,,,,,,,,,,,,,,,,,,,,,,,,,,,,,,,,,,,,,,,,,,,,,,,,,,,,,,,,,,,,,,,,,,,,,,,,,,,,,,,,,,,,,,,,,,,,,,,,,,,,,,,,,,,,,,,,,,,,,,,,,,,,,,,,,
"Campaign-Search-Feb 8, 2026 06:59 PM",,,,,,,,,,,Enabled,,Ad Group 8,2,Enabled,,find adiology - google campaign builder,exact,Enabled,,,,,,,,,,,,,,,,,,,,,,,,adiology.io,,,,,,,,,,,,,,,,,,,,,,,,,,,,,,,,,,,,,,,,,,,,,,,,,,,,,,,,,,,,,,,,,,,,,,,,,,,,,,,,,,,,,,,,,,,,,,,,,,,,,,,,,,,,,,,,,,,,,,,,,,,,,,,,,,,,,,,,,,,,,,,,,
"Campaign-Search-Feb 8, 2026 06:59 PM",,,,,,,,,,,Enabled,,Ad Group 8,2,Enabled,,adiology services today,exact,Enabled,,,,,,,,,,,,,,,,,,,,,,,,adiology.io,,,,,,,,,,,,,,,,,,,,,,,,,,,,,,,,,,,,,,,,,,,,,,,,,,,,,,,,,,,,,,,,,,,,,,,,,,,,,,,,,,,,,,,,,,,,,,,,,,,,,,,,,,,,,,,,,,,,,,,,,,,,,,,,,,,,,,,,,,,,,,,,,
"Campaign-Search-Feb 8, 2026 06:59 PM",,,,,,,,,,,Enabled,,Ad Group 8,2,Enabled,,experienced adiology phone number local,exact,Enabled,,,,,,,,,,,,,,,,,,,,,,,,adiology.io,,,,,,,,,,,,,,,,,,,,,,,,,,,,,,,,,,,,,,,,,,,,,,,,,,,,,,,,,,,,,,,,,,,,,,,,,,,,,,,,,,,,,,,,,,,,,,,,,,,,,,,,,,,,,,,,,,,,,,,,,,,,,,,,,,,,,,,,,,,,,,,,,
"Campaign-Search-Feb 8, 2026 06:59 PM",,,,,,,,,,,Enabled,,Ad Group 8,2,Enabled,,adiology - google campaign builder now,broad,Enabled,,,,,,,,,,,,,,,,,,,,,,,,adiology.io,,,,,,,,,,,,,,,,,,,,,,,,,,,,,,,,,,,,,,,,,,,,,,,,,,,,,,,,,,,,,,,,,,,,,,,,,,,,,,,,,,,,,,,,,,,,,,,,,,,,,,,,,,,,,,,,,,,,,,,,,,,,,,,,,,,,,,,,,,,,,,,,,
"Campaign-Search-Feb 8, 2026 06:59 PM",,,,,,,,,,,Enabled,,Ad Group 8,2,Enabled,,certified adiology phone number nearby,exact,Enabled,,,,,,,,,,,,,,,,,,,,,,,,adiology.io,,,,,,,,,,,,,,,,,,,,,,,,,,,,,,,,,,,,,,,,,,,,,,,,,,,,,,,,,,,,,,,,,,,,,,,,,,,,,,,,,,,,,,,,,,,,,,,,,,,,,,,,,,,,,,,,,,,,,,,,,,,,,,,,,,,,,,,,,,,,,,,,,
"Campaign-Search-Feb 8, 2026 06:59 PM",,,,,,,,,,,Enabled,,Ad Group 8,2,Enabled,,adiology - google campaign builder licensed,broad,Enabled,,,,,,,,,,,,,,,,,,,,,,,,adiology.io,,,,,,,,,,,,,,,,,,,,,,,,,,,,,,,,,,,,,,,,,,,,,,,,,,,,,,,,,,,,,,,,,,,,,,,,,,,,,,,,,,,,,,,,,,,,,,,,,,,,,,,,,,,,,,,,,,,,,,,,,,,,,,,,,,,,,,,,,,,,,,,,,
"Campaign-Search-Feb 8, 2026 06:59 PM",,,,,,,,,,,Enabled,,Ad Group 8,2,Enabled,,adiology contact quick,phrase,Enabled,,,,,,,,,,,,,,,,,,,,,,,,adiology.io,,,,,,,,,,,,,,,,,,,,,,,,,,,,,,,,,,,,,,,,,,,,,,,,,,,,,,,,,,,,,,,,,,,,,,,,,,,,,,,,,,,,,,,,,,,,,,,,,,,,,,,,,,,,,,,,,,,,,,,,,,,,,,,,,,,,,,,,,,,,,,,,,
"Campaign-Search-Feb 8, 2026 06:59 PM",,,,,,,,,,,Enabled,,Ad Group 8,2,Enabled,,adiology phone number get,exact,Enabled,,,,,,,,,,,,,,,,,,,,,,,,adiology.io,,,,,,,,,,,,,,,,,,,,,,,,,,,,,,,,,,,,,,,,,,,,,,,,,,,,,,,,,,,,,,,,,,,,,,,,,,,,,,,,,,,,,,,,,,,,,,,,,,,,,,,,,,,,,,,,,,,,,,,,,,,,,,,,,,,,,,,,,,,,,,,,,
"Campaign-Search-Feb 8, 2026 06:59 PM",,,,,,,,,,,Enabled,,Ad Group 8,2,Enabled,,book adiology - google campaign builder,exact,Enabled,,,,,,,,,,,,,,,,,,,,,,,,adiology.io,,,,,,,,,,,,,,,,,,,,,,,,,,,,,,,,,,,,,,,,,,,,,,,,,,,,,,,,,,,,,,,,,,,,,,,,,,,,,,,,,,,,,,,,,,,,,,,,,,,,,,,,,,,,,,,,,,,,,,,,,,,,,,,,,,,,,,,,,,,,,,,,,
"Campaign-Search-Feb 8, 2026 06:59 PM",,,,,,,,,,,Enabled,,Ad Group 8,2,Enabled,,adiology contact professional,broad,Enabled,,,,,,,,,,,,,,,,,,,,,,,,adiology.io,,,,,,,,,,,,,,,,,,,,,,,,,,,,,,,,,,,,,,,,,,,,,,,,,,,,,,,,,,,,,,,,,,,,,,,,,,,,,,,,,,,,,,,,,,,,,,,,,,,,,,,,,,,,,,,,,,,,,,,,,,,,,,,,,,,,,,,,,,,,,,,,,
"Campaign-Search-Feb 8, 2026 06:59 PM",,,,,,,,,,,Enabled,,Ad Group 8,2,Enabled,,need adiology - google campaign builder,phrase,Enabled,,,,,,,,,,,,,,,,,,,,,,,,adiology.io,,,,,,,,,,,,,,,,,,,,,,,,,,,,,,,,,,,,,,,,,,,,,,,,,,,,,,,,,,,,,,,,,,,,,,,,,,,,,,,,,,,,,,,,,,,,,,,,,,,,,,,,,,,,,,,,,,,,,,,,,,,,,,,,,,,,,,,,,,,,,,,,,
"Campaign-Search-Feb 8, 2026 06:59 PM",,,,,,,,,,,Enabled,,Ad Group 8,2,Enabled,,leading adiology - google campaign builder,phrase,Enabled,,,,,,,,,,,,,,,,,,,,,,,,adiology.io,,,,,,,,,,,,,,,,,,,,,,,,,,,,,,,,,,,,,,,,,,,,,,,,,,,,,,,,,,,,,,,,,,,,,,,,,,,,,,,,,,,,,,,,,,,,,,,,,,,,,,,,,,,,,,,,,,,,,,,,,,,,,,,,,,,,,,,,,,,,,,,,,
"Campaign-Search-Feb 8, 2026 06:59 PM",,,,,,,,,,,Enabled,,Ad Group 8,2,Enabled,,premier adiology contact,broad,Enabled,,,,,,,,,,,,,,,,,,,,,,,,adiology.io,,,,,,,,,,,,,,,,,,,,,,,,,,,,,,,,,,,,,,,,,,,,,,,,,,,,,,,,,,,,,,,,,,,,,,,,,,,,,,,,,,,,,,,,,,,,,,,,,,,,,,,,,,,,,,,,,,,,,,,,,,,,,,,,,,,,,,,,,,,,,,,,,
"Campaign-Search-Feb 8, 2026 06:59 PM",,,,,,,,,,,Enabled,,Ad Group 8,2,Enabled,,adiology contact nearby,broad,Enabled,,,,,,,,,,,,,,,,,,,,,,,,adiology.io,,,,,,,,,,,,,,,,,,,,,,,,,,,,,,,,,,,,,,,,,,,,,,,,,,,,,,,,,,,,,,,,,,,,,,,,,,,,,,,,,,,,,,,,,,,,,,,,,,,,,,,,,,,,,,,,,,,,,,,,,,,,,,,,,,,,,,,,,,,,,,,,,
"Campaign-Search-Feb 8, 2026 06:59 PM",,,,,,,,,,,Enabled,,Ad Group 8,2,Enabled,,recommended adiology - google campaign builder,broad,Enabled,,,,,,,,,,,,,,,,,,,,,,,,adiology.io,,,,,,,,,,,,,,,,,,,,,,,,,,,,,,,,,,,,,,,,,,,,,,,,,,,,,,,,,,,,,,,,,,,,,,,,,,,,,,,,,,,,,,,,,,,,,,,,,,,,,,,,,,,,,,,,,,,,,,,,,,,,,,,,,,,,,,,,,,,,,,,,,
"Campaign-Search-Feb 8, 2026 06:59 PM",,,,,,,,,,,Enabled,,Ad Group 8,2,Enabled,,recommended adiology - google campaign builder,phrase,Enabled,,,,,,,,,,,,,,,,,,,,,,,,adiology.io,,,,,,,,,,,,,,,,,,,,,,,,,,,,,,,,,,,,,,,,,,,,,,,,,,,,,,,,,,,,,,,,,,,,,,,,,,,,,,,,,,,,,,,,,,,,,,,,,,,,,,,,,,,,,,,,,,,,,,,,,,,,,,,,,,,,,,,,,,,,,,,,,
"Campaign-Search-Feb 8, 2026 06:59 PM",,,,,,,,,,,Enabled,,Ad Group 8,2,Enabled,,responsive adiology phone number,exact,Enabled,,,,,,,,,,,,,,,,,,,,,,,,adiology.io,,,,,,,,,,,,,,,,,,,,,,,,,,,,,,,,,,,,,,,,,,,,,,,,,,,,,,,,,,,,,,,,,,,,,,,,,,,,,,,,,,,,,,,,,,,,,,,,,,,,,,,,,,,,,,,,,,,,,,,,,,,,,,,,,,,,,,,,,,,,,,,,,
"Campaign-Search-Feb 8, 2026 06:59 PM",,,,,,,,,,,Enabled,,Ad Group 8,2,Enabled,,adiology - google campaign builder recommended,exact,Enabled,,,,,,,,,,,,,,,,,,,,,,,,adiology.io,,,,,,,,,,,,,,,,,,,,,,,,,,,,,,,,,,,,,,,,,,,,,,,,,,,,,,,,,,,,,,,,,,,,,,,,,,,,,,,,,,,,,,,,,,,,,,,,,,,,,,,,,,,,,,,,,,,,,,,,,,,,,,,,,,,,,,,,,,,,,,,,,
"Campaign-Search-Feb 8, 2026 06:59 PM",,,,,,,,,,,Enabled,,Ad Group 8,2,Enabled,,adiology - google campaign builder budget,broad,Enabled,,,,,,,,,,,,,,,,,,,,,,,,adiology.io,,,,,,,,,,,,,,,,,,,,,,,,,,,,,,,,,,,,,,,,,,,,,,,,,,,,,,,,,,,,,,,,,,,,,,,,,,,,,,,,,,,,,,,,,,,,,,,,,,,,,,,,,,,,,,,,,,,,,,,,,,,,,,,,,,,,,,,,,,,,,,,,,
"Campaign-Search-Feb 8, 2026 06:59 PM",,,,,,,,,,,Enabled,,Ad Group 8,2,Enabled,,available adiology - google campaign builder,phrase,Enabled,,,,,,,,,,,,,,,,,,,,,,,,adiology.io,,,,,,,,,,,,,,,,,,,,,,,,,,,,,,,,,,,,,,,,,,,,,,,,,,,,,,,,,,,,,,,,,,,,,,,,,,,,,,,,,,,,,,,,,,,,,,,,,,,,,,,,,,,,,,,,,,,,,,,,,,,,,,,,,,,,,,,,,,,,,,,,,
"Campaign-Search-Feb 8, 2026 06:59 PM",,,,,,,,,,,Enabled,,Ad Group 8,2,Enabled,,adiology contact start,exact,Enabled,,,,,,,,,,,,,,,,,,,,,,,,adiology.io,,,,,,,,,,,,,,,,,,,,,,,,,,,,,,,,,,,,,,,,,,,,,,,,,,,,,,,,,,,,,,,,,,,,,,,,,,,,,,,,,,,,,,,,,,,,,,,,,,,,,,,,,,,,,,,,,,,,,,,,,,,,,,,,,,,,,,,,,,,,,,,,,
"Campaign-Search-Feb 8, 2026 06:59 PM",,,,,,,,,,,Enabled,,Ad Group 8,2,Enabled,,adiology - google campaign builder support,broad,Enabled,,,,,,,,,,,,,,,,,,,,,,,,adiology.io,,,,,,,,,,,,,,,,,,,,,,,,,,,,,,,,,,,,,,,,,,,,,,,,,,,,,,,,,,,,,,,,,,,,,,,,,,,,,,,,,,,,,,,,,,,,,,,,,,,,,,,,,,,,,,,,,,,,,,,,,,,,,,,,,,,,,,,,,,,,,,,,,
"Campaign-Search-Feb 8, 2026 06:59 PM",,,,,,,,,,,Enabled,,Ad Group 8,2,Enabled,,adiology services now,phrase,Enabled,,,,,,,,,,,,,,,,,,,,,,,,adiology.io,,,,,,,,,,,,,,,,,,,,,,,,,,,,,,,,,,,,,,,,,,,,,,,,,,,,,,,,,,,,,,,,,,,,,,,,,,,,,,,,,,,,,,,,,,,,,,,,,,,,,,,,,,,,,,,,,,,,,,,,,,,,,,,,,,,,,,,,,,,,,,,,,
"Campaign-Search-Feb 8, 2026 06:59 PM",,,,,,,,,,,Enabled,,Ad Group 8,2,Enabled,,honest adiology - google campaign builder,phrase,Enabled,,,,,,,,,,,,,,,,,,,,,,,,adiology.io,,,,,,,,,,,,,,,,,,,,,,,,,,,,,,,,,,,,,,,,,,,,,,,,,,,,,,,,,,,,,,,,,,,,,,,,,,,,,,,,,,,,,,,,,,,,,,,,,,,,,,,,,,,,,,,,,,,,,,,,,,,,,,,,,,,,,,,,,,,,,,,,,
"Campaign-Search-Feb 8, 2026 06:59 PM",,,,,,,,,,,Enabled,,Ad Group 8,2,Enabled,,closest adiology - google campaign builder,broad,Enabled,,,,,,,,,,,,,,,,,,,,,,,,adiology.io,,,,,,,,,,,,,,,,,,,,,,,,,,,,,,,,,,,,,,,,,,,,,,,,,,,,,,,,,,,,,,,,,,,,,,,,,,,,,,,,,,,,,,,,,,,,,,,,,,,,,,,,,,,,,,,,,,,,,,,,,,,,,,,,,,,,,,,,,,,,,,,,,
"Campaign-Search-Feb 8, 2026 06:59 PM",,,,,,,,,,,Enabled,,Ad Group 8,2,Enabled,,adiology services online,exact,Enabled,,,,,,,,,,,,,,,,,,,,,,,,adiology.io,,,,,,,,,,,,,,,,,,,,,,,,,,,,,,,,,,,,,,,,,,,,,,,,,,,,,,,,,,,,,,,,,,,,,,,,,,,,,,,,,,,,,,,,,,,,,,,,,,,,,,,,,,,,,,,,,,,,,,,,,,,,,,,,,,,,,,,,,,,,,,,,,
"Campaign-Search-Feb 8, 2026 06:59 PM",,,,,,,,,,,Enabled,,Ad Group 8,2,Enabled,,adiology services get,phrase,Enabled,,,,,,,,,,,,,,,,,,,,,,,,adiology.io,,,,,,,,,,,,,,,,,,,,,,,,,,,,,,,,,,,,,,,,,,,,,,,,,,,,,,,,,,,,,,,,,,,,,,,,,,,,,,,,,,,,,,,,,,,,,,,,,,,,,,,,,,,,,,,,,,,,,,,,,,,,,,,,,,,,,,,,,,,,,,,,,
"Campaign-Search-Feb 8, 2026 06:59 PM",,,,,,,,,,,Enabled,,Ad Group 8,2,Enabled,,adiology phone numbers,broad,Enabled,,,,,,,,,,,,,,,,,,,,,,,,adiology.io,,,,,,,,,,,,,,,,,,,,,,,,,,,,,,,,,,,,,,,,,,,,,,,,,,,,,,,,,,,,,,,,,,,,,,,,,,,,,,,,,,,,,,,,,,,,,,,,,,,,,,,,,,,,,,,,,,,,,,,,,,,,,,,,,,,,,,,,,,,,,,,,,
"Campaign-Search-Feb 8, 2026 06:59 PM",,,,,,,,,,,Enabled,,Ad Group 8,2,Enabled,,adiology - google campaign builder now,phrase,Enabled,,,,,,,,,,,,,,,,,,,,,,,,adiology.io,,,,,,,,,,,,,,,,,,,,,,,,,,,,,,,,,,,,,,,,,,,,,,,,,,,,,,,,,,,,,,,,,,,,,,,,,,,,,,,,,,,,,,,,,,,,,,,,,,,,,,,,,,,,,,,,,,,,,,,,,,,,,,,,,,,,,,,,,,,,,,,,,
"Campaign-Search-Feb 8, 2026 06:59 PM",,,,,,,,,,,Enabled,,Ad Group 8,2,Enabled,,trained adiology - google campaign builder,broad,Enabled,,,,,,,,,,,,,,,,,,,,,,,,adiology.io,,,,,,,,,,,,,,,,,,,,,,,,,,,,,,,,,,,,,,,,,,,,,,,,,,,,,,,,,,,,,,,,,,,,,,,,,,,,,,,,,,,,,,,,,,,,,,,,,,,,,,,,,,,,,,,,,,,,,,,,,,,,,,,,,,,,,,,,,,,,,,,,,
"Campaign-Search-Feb 8, 2026 06:59 PM",,,,,,,,,,,Enabled,,Ad Group 1,,Enabled,,,,,,,,,,,,,,,,,,,,,,,,,,,Responsive search ad,adiology.io,,,,,{KeyWord:Rapid Adiology} Help,Call {KeyWord:Urgent Adiology},Get {KeyWord:Economical Adiolo,,,,,,,,,,,,,Contact us for {KeyWord:Immediate Adiology Phone Number}. Act now!,Discover {KeyWord:Bonded Adiology} Services. Visit adiology.io today!,,,,,,,,,,,,,,,,,,,,,,,,,,,,,,,,,,,,,,,,,,,,,,,,,,,,,,,,,,,,,,,,,,,,,,,,,,,,,,,,,,,,,,,,,,,,,,,,,,,,,,,,,,,,,,,,,,,,,,,,,,,,
"Campaign-Search-Feb 8, 2026 06:59 PM",,,,,,,,,,,Enabled,,Ad Group 2,,Enabled,,,,,,,,,,,,,,,,,,,,,,,,,,,Responsive search ad,adiology.io,,,,,{KeyWord:Rapid Adiology} Help,Call {KeyWord:Urgent Adiology},Get {KeyWord:Economical Adiolo,,,,,,,,,,,,,Contact us for {KeyWord:Immediate Adiology Phone Number}. Act now!,Discover {KeyWord:Bonded Adiology} Services. Visit adiology.io today!,,,,,,,,,,,,,,,,,,,,,,,,,,,,,,,,,,,,,,,,,,,,,,,,,,,,,,,,,,,,,,,,,,,,,,,,,,,,,,,,,,,,,,,,,,,,,,,,,,,,,,,,,,,,,,,,,,,,,,,,,,,,
"Campaign-Search-Feb 8, 2026 06:59 PM",,,,,,,,,,,Enabled,,Ad Group 3,,Enabled,,,,,,,,,,,,,,,,,,,,,,,,,,,Responsive search ad,adiology.io,,,,,{KeyWord:Rapid Adiology} Help,Call {KeyWord:Urgent Adiology},Get {KeyWord:Economical Adiolo,,,,,,,,,,,,,Contact us for {KeyWord:Immediate Adiology Phone Number}. Act now!,Discover {KeyWord:Bonded Adiology} Services. Visit adiology.io today!,,,,,,,,,,,,,,,,,,,,,,,,,,,,,,,,,,,,,,,,,,,,,,,,,,,,,,,,,,,,,,,,,,,,,,,,,,,,,,,,,,,,,,,,,,,,,,,,,,,,,,,,,,,,,,,,,,,,,,,,,,,,
"Campaign-Search-Feb 8, 2026 06:59 PM",,,,,,,,,,,Enabled,,Ad Group 4,,Enabled,,,,,,,,,,,,,,,,,,,,,,,,,,,Responsive search ad,adiology.io,,,,,{KeyWord:Rapid Adiology} Help,Call {KeyWord:Urgent Adiology},Get {KeyWord:Economical Adiolo,,,,,,,,,,,,,Contact us for {KeyWord:Immediate Adiology Phone Number}. Act now!,Discover {KeyWord:Bonded Adiology} Services. Visit adiology.io today!,,,,,,,,,,,,,,,,,,,,,,,,,,,,,,,,,,,,,,,,,,,,,,,,,,,,,,,,,,,,,,,,,,,,,,,,,,,,,,,,,,,,,,,,,,,,,,,,,,,,,,,,,,,,,,,,,,,,,,,,,,,,
"Campaign-Search-Feb 8, 2026 06:59 PM",,,,,,,,,,,Enabled,,Ad Group 5,,Enabled,,,,,,,,,,,,,,,,,,,,,,,,,,,Responsive search ad,adiology.io,,,,,{KeyWord:Rapid Adiology} Help,Call {KeyWord:Urgent Adiology},Get {KeyWord:Economical Adiolo,,,,,,,,,,,,,Contact us for {KeyWord:Immediate Adiology Phone Number}. Act now!,Discover {KeyWord:Bonded Adiology} Services. Visit adiology.io today!,,,,,,,,,,,,,,,,,,,,,,,,,,,,,,,,,,,,,,,,,,,,,,,,,,,,,,,,,,,,,,,,,,,,,,,,,,,,,,,,,,,,,,,,,,,,,,,,,,,,,,,,,,,,,,,,,,,,,,,,,,,,
"Campaign-Search-Feb 8, 2026 06:59 PM",,,,,,,,,,,Enabled,,Ad Group 6,,Enabled,,,,,,,,,,,,,,,,,,,,,,,,,,,Responsive search ad,adiology.io,,,,,{KeyWord:Rapid Adiology} Help,Call {KeyWord:Urgent Adiology},Get {KeyWord:Economical Adiolo,,,,,,,,,,,,,Contact us for {KeyWord:Immediate Adiology Phone Number}. Act now!,Discover {KeyWord:Bonded Adiology} Services. Visit adiology.io today!,,,,,,,,,,,,,,,,,,,,,,,,,,,,,,,,,,,,,,,,,,,,,,,,,,,,,,,,,,,,,,,,,,,,,,,,,,,,,,,,,,,,,,,,,,,,,,,,,,,,,,,,,,,,,,,,,,,,,,,,,,,,
"Campaign-Search-Feb 8, 2026 06:59 PM",,,,,,,,,,,Enabled,,Ad Group 7,,Enabled,,,,,,,,,,,,,,,,,,,,,,,,,,,Responsive search ad,adiology.io,,,,,{KeyWord:Rapid Adiology} Help,Call {KeyWord:Urgent Adiology},Get {KeyWord:Economical Adiolo,,,,,,,,,,,,,Contact us for {KeyWord:Immediate Adiology Phone Number}. Act now!,Discover {KeyWord:Bonded Adiology} Services. Visit adiology.io today!,,,,,,,,,,,,,,,,,,,,,,,,,,,,,,,,,,,,,,,,,,,,,,,,,,,,,,,,,,,,,,,,,,,,,,,,,,,,,,,,,,,,,,,,,,,,,,,,,,,,,,,,,,,,,,,,,,,,,,,,,,,,
"Campaign-Search-Feb 8, 2026 06:59 PM",,,,,,,,,,,Enabled,,Ad Group 8,,Enabled,,,,,,,,,,,,,,,,,,,,,,,,,,,Responsive search ad,adiology.io,,,,,{KeyWord:Rapid Adiology} Help,Call {KeyWord:Urgent Adiology},Get {KeyWord:Economical Adiolo,,,,,,,,,,,,,Contact us for {KeyWord:Immediate Adiology Phone Number}. Act now!,Discover {KeyWord:Bonded Adiology} Services. Visit adiology.io today!,,,,,,,,,,,,,,,,,,,,,,,,,,,,,,,,,,,,,,,,,,,,,,,,,,,,,,,,,,,,,,,,,,,,,,,,,,,,,,,,,,,,,,,,,,,,,,,,,,,,,,,,,,,,,,,,,,,,,,,,,,,,
"Campaign-Search-Feb 8, 2026 06:59 PM",,,,,,,,,,,Enabled,,,,,,,,,,,,cheap,Phrase,Enabled,,,,,,,,,,,,,,,,,,,,,,,,,,,,,,,,,,,,,,,,,,,,,,,,,,,,,,,,,,,,,,,,,,,,,,,,,,,,,,,,,,,,,,,,,,,,,,,,,,,,,,,,,,,,,,,,,,,,,,,,,,,,,,,,,,,,,,,,,,,,,,,,,,,,,,,,,,,,,,,,,,,
"Campaign-Search-Feb 8, 2026 06:59 PM",,,,,,,,,,,Enabled,,,,,,,,,,,,discount,Phrase,Enabled,,,,,,,,,,,,,,,,,,,,,,,,,,,,,,,,,,,,,,,,,,,,,,,,,,,,,,,,,,,,,,,,,,,,,,,,,,,,,,,,,,,,,,,,,,,,,,,,,,,,,,,,,,,,,,,,,,,,,,,,,,,,,,,,,,,,,,,,,,,,,,,,,,,,,,,,,,,,,,,,,,,
"Campaign-Search-Feb 8, 2026 06:59 PM",,,,,,,,,,,Enabled,,,,,,,,,,,,cost,Phrase,Enabled,,,,,,,,,,,,,,,,,,,,,,,,,,,,,,,,,,,,,,,,,,,,,,,,,,,,,,,,,,,,,,,,,,,,,,,,,,,,,,,,,,,,,,,,,,,,,,,,,,,,,,,,,,,,,,,,,,,,,,,,,,,,,,,,,,,,,,,,,,,,,,,,,,,,,,,,,,,,,,,,,,,
"Campaign-Search-Feb 8, 2026 06:59 PM",,,,,,,,,,,Enabled,,,,,,,,,,,,reviews,Phrase,Enabled,,,,,,,,,,,,,,,,,,,,,,,,,,,,,,,,,,,,,,,,,,,,,,,,,,,,,,,,,,,,,,,,,,,,,,,,,,,,,,,,,,,,,,,,,,,,,,,,,,,,,,,,,,,,,,,,,,,,,,,,,,,,,,,,,,,,,,,,,,,,,,,,,,,,,,,,,,,,,,,,,,,
"Campaign-Search-Feb 8, 2026 06:59 PM",,,,,,,,,,,Enabled,,,,,,,,,,,,job,Phrase,Enabled,,,,,,,,,,,,,,,,,,,,,,,,,,,,,,,,,,,,,,,,,,,,,,,,,,,,,,,,,,,,,,,,,,,,,,,,,,,,,,,,,,,,,,,,,,,,,,,,,,,,,,,,,,,,,,,,,,,,,,,,,,,,,,,,,,,,,,,,,,,,,,,,,,,,,,,,,,,,,,,,,,,
"Campaign-Search-Feb 8, 2026 06:59 PM",,,,,,,,,,,Enabled,,,,,,,,,,,,apply,Phrase,Enabled,,,,,,,,,,,,,,,,,,,,,,,,,,,,,,,,,,,,,,,,,,,,,,,,,,,,,,,,,,,,,,,,,,,,,,,,,,,,,,,,,,,,,,,,,,,,,,,,,,,,,,,,,,,,,,,,,,,,,,,,,,,,,,,,,,,,,,,,,,,,,,,,,,,,,,,,,,,,,,,,,,,
"Campaign-Search-Feb 8, 2026 06:59 PM",,,,,,,,,,,Enabled,,,,,,,,,,,,information,Phrase,Enabled,,,,,,,,,,,,,,,,,,,,,,,,,,,,,,,,,,,,,,,,,,,,,,,,,,,,,,,,,,,,,,,,,,,,,,,,,,,,,,,,,,,,,,,,,,,,,,,,,,,,,,,,,,,,,,,,,,,,,,,,,,,,,,,,,,,,,,,,,,,,,,,,,,,,,,,,,,,,,,,,,,,
"Campaign-Search-Feb 8, 2026 06:59 PM",,,,,,,,,,,Enabled,,,,,,,,,,,,company,Phrase,Enabled,,,,,,,,,,,,,,,,,,,,,,,,,,,,,,,,,,,,,,,,,,,,,,,,,,,,,,,,,,,,,,,,,,,,,,,,,,,,,,,,,,,,,,,,,,,,,,,,,,,,,,,,,,,,,,,,,,,,,,,,,,,,,,,,,,,,,,,,,,,,,,,,,,,,,,,,,,,,,,,,,,,
"Campaign-Search-Feb 8, 2026 06:59 PM",,,,,,,,,,,Enabled,,,,,,,,,,,,free,Phrase,Enabled,,,,,,,,,,,,,,,,,,,,,,,,,,,,,,,,,,,,,,,,,,,,,,,,,,,,,,,,,,,,,,,,,,,,,,,,,,,,,,,,,,,,,,,,,,,,,,,,,,,,,,,,,,,,,,,,,,,,,,,,,,,,,,,,,,,,,,,,,,,,,,,,,,,,,,,,,,,,,,,,,,,
"Campaign-Search-Feb 8, 2026 06:59 PM",,,,,,,,,,,Enabled,,,,,,,,,,,,best,Phrase,Enabled,,,,,,,,,,,,,,,,,,,,,,,,,,,,,,,,,,,,,,,,,,,,,,,,,,,,,,,,,,,,,,,,,,,,,,,,,,,,,,,,,,,,,,,,,,,,,,,,,,,,,,,,,,,,,,,,,,,,,,,,,,,,,,,,,,,,,,,,,,,,,,,,,,,,,,,,,,,,,,,,,,,
"Campaign-Search-Feb 8, 2026 06:59 PM",,,,,,,,,,,Enabled,,,,,,,,,,,,providers,Phrase,Enabled,,,,,,,,,,,,,,,,,,,,,,,,,,,,,,,,,,,,,,,,,,,,,,,,,,,,,,,,,,,,,,,,,,,,,,,,,,,,,,,,,,,,,,,,,,,,,,,,,,,,,,,,,,,,,,,,,,,,,,,,,,,,,,,,,,,,,,,,,,,,,,,,,,,,,,,,,,,,,,,,,,,
"Campaign-Search-Feb 8, 2026 06:59 PM",,,,,,,,,,,Enabled,,,,,,,,,,,,office,Phrase,Enabled,,,,,,,,,,,,,,,,,,,,,,,,,,,,,,,,,,,,,,,,,,,,,,,,,,,,,,,,,,,,,,,,,,,,,,,,,,,,,,,,,,,,,,,,,,,,,,,,,,,,,,,,,,,,,,,,,,,,,,,,,,,,,,,,,,,,,,,,,,,,,,,,,,,,,,,,,,,,,,,,,,,
"Campaign-Search-Feb 8, 2026 06:59 PM",,,,,,,,,,,Enabled,,,,,,,,,,,,headquater,Phrase,Enabled,,,,,,,,,,,,,,,,,,,,,,,,,,,,,,,,,,,,,,,,,,,,,,,,,,,,,,,,,,,,,,,,,,,,,,,,,,,,,,,,,,,,,,,,,,,,,,,,,,,,,,,,,,,,,,,,,,,,,,,,,,,,,,,,,,,,,,,,,,,,,,,,,,,,,,,,,,,,,,,,,,,
"Campaign-Search-Feb 8, 2026 06:59 PM",,,,,,,,,,,Enabled,,,,,,,,,,,,brand,Phrase,Enabled,,,,,,,,,,,,,,,,,,,,,,,,,,,,,,,,,,,,,,,,,,,,,,,,,,,,,,,,,,,,,,,,,,,,,,,,,,,,,,,,,,,,,,,,,,,,,,,,,,,,,,,,,,,,,,,,,,,,,,,,,,,,,,,,,,,,,,,,,,,,,,,,,,,,,,,,,,,,,,,,,,,
"Campaign-Search-Feb 8, 2026 06:59 PM",,,,,,,,,,,Enabled,,,,,,,,,,,,,,,,,,,Baden-Württemberg,Region,Enabled,,,Baden-Württemberg,,US,,,,,,,,,,,,,,,,,,,,,,,,,,,,,,,,,,,,,,,,,,,,,,,,,,,,,,,,,,,,,,,,,,,,,,,,,,,,,,,,,,,,,,,,,,,,,,,,,,,,,,,,,,,,,,,,,,,,,,,,,,,,,,,,,,,,,,,,,,,,,,,,,,,,,,,
"Campaign-Search-Feb 8, 2026 06:59 PM",,,,,,,,,,,Enabled,,,,,,,,,,,,,,,,,,,Bavaria,Region,Enabled,,,Bavaria,,US,,,,,,,,,,,,,,,,,,,,,,,,,,,,,,,,,,,,,,,,,,,,,,,,,,,,,,,,,,,,,,,,,,,,,,,,,,,,,,,,,,,,,,,,,,,,,,,,,,,,,,,,,,,,,,,,,,,,,,,,,,,,,,,,,,,,,,,,,,,,,,,,,,,,,,,
"Campaign-Search-Feb 8, 2026 06:59 PM",,,,,,,,,,,Enabled,,,,,,,,,,,,,,,,,,,Berlin,Region,Enabled,,,Berlin,,US,,,,,,,,,,,,,,,,,,,,,,,,,,,,,,,,,,,,,,,,,,,,,,,,,,,,,,,,,,,,,,,,,,,,,,,,,,,,,,,,,,,,,,,,,,,,,,,,,,,,,,,,,,,,,,,,,,,,,,,,,,,,,,,,,,,,,,,,,,,,,,,,,,,,,,,
"Campaign-Search-Feb 8, 2026 06:59 PM",,,,,,,,,,,Enabled,,,,,,,,,,,,,,,,,,,Brandenburg,Region,Enabled,,,Brandenburg,,US,,,,,,,,,,,,,,,,,,,,,,,,,,,,,,,,,,,,,,,,,,,,,,,,,,,,,,,,,,,,,,,,,,,,,,,,,,,,,,,,,,,,,,,,,,,,,,,,,,,,,,,,,,,,,,,,,,,,,,,,,,,,,,,,,,,,,,,,,,,,,,,,,,,,,,,
"Campaign-Search-Feb 8, 2026 06:59 PM",,,,,,,,,,,Enabled,,,,,,,,,,,,,,,,,,,Bremen,Region,Enabled,,,Bremen,,US,,,,,,,,,,,,,,,,,,,,,,,,,,,,,,,,,,,,,,,,,,,,,,,,,,,,,,,,,,,,,,,,,,,,,,,,,,,,,,,,,,,,,,,,,,,,,,,,,,,,,,,,,,,,,,,,,,,,,,,,,,,,,,,,,,,,,,,,,,,,,,,,,,,,,,,
"Campaign-Search-Feb 8, 2026 06:59 PM",,,,,,,,,,,Enabled,,,,,,,,,,,,,,,,,,,Hamburg,Region,Enabled,,,Hamburg,,US,,,,,,,,,,,,,,,,,,,,,,,,,,,,,,,,,,,,,,,,,,,,,,,,,,,,,,,,,,,,,,,,,,,,,,,,,,,,,,,,,,,,,,,,,,,,,,,,,,,,,,,,,,,,,,,,,,,,,,,,,,,,,,,,,,,,,,,,,,,,,,,,,,,,,,,
"Campaign-Search-Feb 8, 2026 06:59 PM",,,,,,,,,,,Enabled,,,,,,,,,,,,,,,,,,,Hesse,Region,Enabled,,,Hesse,,US,,,,,,,,,,,,,,,,,,,,,,,,,,,,,,,,,,,,,,,,,,,,,,,,,,,,,,,,,,,,,,,,,,,,,,,,,,,,,,,,,,,,,,,,,,,,,,,,,,,,,,,,,,,,,,,,,,,,,,,,,,,,,,,,,,,,,,,,,,,,,,,,,,,,,,,
"Campaign-Search-Feb 8, 2026 06:59 PM",,,,,,,,,,,Enabled,,,,,,,,,,,,,,,,,,,Lower Saxony,Region,Enabled,,,Lower Saxony,,US,,,,,,,,,,,,,,,,,,,,,,,,,,,,,,,,,,,,,,,,,,,,,,,,,,,,,,,,,,,,,,,,,,,,,,,,,,,,,,,,,,,,,,,,,,,,,,,,,,,,,,,,,,,,,,,,,,,,,,,,,,,,,,,,,,,,,,,,,,,,,,,,,,,,,,,
"Campaign-Search-Feb 8, 2026 06:59 PM",,,,,,,,,,,Enabled,,,,,,,,,,,,,,,,,,,Mecklenburg-Vorpommern,Region,Enabled,,,Mecklenburg-Vorpommern,,US,,,,,,,,,,,,,,,,,,,,,,,,,,,,,,,,,,,,,,,,,,,,,,,,,,,,,,,,,,,,,,,,,,,,,,,,,,,,,,,,,,,,,,,,,,,,,,,,,,,,,,,,,,,,,,,,,,,,,,,,,,,,,,,,,,,,,,,,,,,,,,,,,,,,,,,
"Campaign-Search-Feb 8, 2026 06:59 PM",,,,,,,,,,,Enabled,,,,,,,,,,,,,,,,,,,North Rhine-Westphalia,Region,Enabled,,,North Rhine-Westphalia,,US,,,,,,,,,,,,,,,,,,,,,,,,,,,,,,,,,,,,,,,,,,,,,,,,,,,,,,,,,,,,,,,,,,,,,,,,,,,,,,,,,,,,,,,,,,,,,,,,,,,,,,,,,,,,,,,,,,,,,,,,,,,,,,,,,,,,,,,,,,,,,,,,,,,,,,,
"Campaign-Search-Feb 8, 2026 06:59 PM",,,,,,,,,,,Enabled,,,,,,,,,,,,,,,,,,,,,,,,,,,,,,,,adiology.io,,,,,,,,,,,,,,,,,,,,,,,,,,,,,,,,,,,,,,,,,,,,,,,,,,,,,,,,,,,,,,,,,,,,,,,,,,,,,,,,,,,,,,,,,,,,,,,,,,,,,,,,,,,,,,,,,,,,,,,,,,,,,,,,,,,,,,,,,,,,Contact Us,Get in touch,,,,
"Campaign-Search-Feb 8, 2026 06:59 PM",,,,,,,,,,,Enabled,,,,,,,,,,,,,,,,,,,,,,,,,,,,,,,,adiology.io,,,,,,,,,,,,,,,,,,,,,,,,,,,,,,,,,,,,,,,,,,,,,,,,,,,,,,,,,,,,,,,,,,,,,,,,,,,,,,,,,,,,,,,,,,,,,,,,,,,,,,,,,,,,,,,,,,,,,,,,,,,,,,,,,,,,,,,,,,,,Services,Our services,,,,
"Campaign-Search-Feb 8, 2026 06:59 PM",,,,,,,,,,,Enabled,,,,,,,,,,,,,,,,,,,,,,,,,,,,,,,,,,,,,,,,,,,,,,,,,,,,,,,,,,,,,,,,,,,,,,,,,,,,,,,,,,,,,,,,,,,,,,,,,,,,,,,,,,,,,,,,,,,,,,,,,,,,,,,,,,,,,,,,,,,,,,,,,,,,,,,,,,,,,,,,,,,,,,,,,,,,,,,24/7 Support,,
"Campaign-Search-Feb 8, 2026 06:59 PM",,,,,,,,,,,Enabled,,,,,,,,,,,,,,,,,,,,,,,,,,,,,,,,,,,,,,,,,,,,,,,,,,,,,,,,,,,,,,,,,,,,,,,,,,,,,,,,,,,,,,,,,,,,,,,,,,,,,,,,,,,,,,,,,,,,,,,,,,,,,,,,,,,,,,,,,,,,,,,,,,,,,,,,,,,,,,,,,,,,,,,,,,,,,,,Free Consultation,,
"Campaign-Search-Feb 8, 2026 06:59 PM",,,,,,,,,,,Enabled,,,,,,,,,,,,,,,,,,,,,,,,,,,,,,,,,,,,,,,,,,,,,,,,,,,,,,,,,,,,,,,,,,,,,,,,,,,,,,,,,,,,,,,,,,,,,,,,,,,,,,,,,,,,,,,,,,,,,,,,,,,,,,,,,,,,,,,,,,,,,,,,,,,,,,,,,,,,,,,,,,,,,,,,,,,,,,,Expert Service,,
"Campaign-Search-Feb 8, 2026 06:59 PM",,,,,,,,,,,Enabled,,,,,,,,,,,,,,,,,,,,,,,,,,,,,,,,,,,,,,,,,,,,,,,,,,,,,,,,,,,,,,,,,,,,,,,,,,,,,,,,,,,,,,,,,,,,,,,,,,,,,,,,,,,,,,,,,,,,,,,,,,,,,,,,,,,,,,,,,,,,,,,,,,,,,,,,,,,,,,,,,,,,,,,,,,,,,,,,Types,"Service 1, Service 2, Service 3"
"Campaign-Search-Feb 8, 2026 06:59 PM",,,,,,,,,,,Enabled,,,,,,,,,,,,,,,,,,,,,,,,,,,,,,,,,,,,,,,,,,,,,,,,,,,,,,,,,,,,,,,,,,,,,,,,,,,,,,,,,,,,,,,,,,,,,,,,,,,,,,,,,,,,,,,,,,,,,,,,,,,,,,,,,,,,,,,,,,,,,,,,,,,,,,,,,,,,,,,,Image,,Enabled,,,,,,,,,,,,,,,